{"type": "FeatureCollection", "features": [
{"id":"51a5e750-39c8-4d8a-b9c3-cf7dd5c86253","type":"Feature","geometry":{"type":"LineString","coordinates":[[80.9417644,26.8499593],[80.9428185,26.8491145],[80.9455966,26.8472276],[80.9456603,26.8471798],[80.94572,26.847125],[80.9457733,26.847065],[80.9458195,26.8470006],[80.9458583,26.8469324],[80.9458892,26.846861],[80.9459119,26.8467872],[80.9459264,26.8467095],[80.9459319,26.8466309],[80.9459283,26.8465521],[80.9459155,26.8464741],[80.9458938,26.8463977],[80.9458633,26.8463237],[80.9458244,26.8462529],[80.9457775,26.8461861],[80.9457247,26.8461259],[80.9455731,26.845982],[80.9449053,26.845355],[80.944106,26.8446933],[80.9427206,26.8434752],[80.941869,26.8427704],[80.9414171,26.842464],[80.9409986,26.842196],[80.9399191,26.8415797],[80.9394792,26.8413679],[80.9389655,26.8411514],[80.937544,26.8406512],[80.9353915,26.8398506],[80.9351112,26.839725],[80.9348872,26.8396053],[80.9347773,26.8395036],[80.9346606,26.8393504],[80.9345922,26.83922],[80.9344514,26.838788],[80.9343499,26.8384239],[80.9341241,26.8376141],[80.9336923,26.8361183],[80.9335917,26.8358466],[80.9335086,26.8357042],[80.933418,26.8355427],[80.9331847,26.8352052],[80.9320102,26.8334576],[80.9319338,26.8333607],[80.931849,26.8332694],[80.9317565,26.8331843],[80.9316568,26.833106],[80.9315506,26.8330348],[80.9314368,26.8329705],[80.9313176,26.8329144],[80.9311938,26.832867],[80.9310661,26.8328285],[80.9309355,26.8327992],[80.9307731,26.8327636],[80.9305542,26.8327398],[80.9269835,26.8326117],[80.9251034,26.8325008],[80.9239008,26.8324052],[80.9231145,26.8323812],[80.9208227,26.8322347],[80.9171437,26.8320789],[80.9154112,26.8319799],[80.913839,26.8318764],[80.9134793,26.8318289],[80.9115823,26.831449],[80.9109246,26.8313279],[80.9108116,26.8312983],[80.9107019,26.8312602],[80.9105963,26.8312138],[80.9104954,26.8311596],[80.9104002,26.8310979],[80.9103111,26.8310292],[80.910229,26.8309539],[80.910159,26.8308781],[80.910096,26.8307975],[80.9100404,26.8307127],[80.9099925,26.8306242],[80.9099528,26.8305326],[80.9099213,26.8304385],[80.9098984,26.8303424],[80.9098842,26.8302449],[80.9098787,26.8301468],[80.9098921,26.8297998],[80.9099104,26.8294161],[80.9099604,26.828525],[80.9099764,26.827808],[80.9100129,26.8274652],[80.9100625,26.8271002],[80.9100906,26.8266226],[80.9100893,26.8264354],[80.9100397,26.8261691],[80.910022,26.8260367],[80.9099514,26.8256872],[80.9098797,26.8253033],[80.9096056,26.8240795],[80.9093916,26.823121],[80.9089442,26.821046],[80.9088391,26.8205454],[80.9087575,26.8202626],[80.9086009,26.819941],[80.9084682,26.8197172],[80.9082528,26.8194447],[80.9073112,26.8184598],[80.9066051,26.8177311],[80.905495,26.8166038],[80.9052017,26.8163289],[80.9025308,26.8139957],[80.9020446,26.8134981],[80.9017082,26.8131179],[80.9012372,26.8124748],[80.900949,26.8120266],[80.9007296,26.8116011],[80.9002584,26.8106375],[80.8994162,26.8089962],[80.8986118,26.8073864],[80.8976055,26.8053785],[80.8969581,26.8041025],[80.8964507,26.8030829],[80.895656,26.8015064],[80.8951449,26.800534],[80.8941429,26.7986344],[80.8933629,26.7971966],[80.8923961,26.7954658],[80.8917825,26.7943833],[80.8912274,26.7933137],[80.8903493,26.791769],[80.8894696,26.7901693],[80.8882789,26.7879983],[80.887933,26.7873502],[80.8865787,26.7849086],[80.8856304,26.7831637],[80.8840352,26.7802523],[80.8834256,26.7791659],[80.8829577,26.7783321],[80.8828258,26.7781141],[80.8823485,26.7773319],[80.882091,26.7768912],[80.8805675,26.7743916],[80.8797084,26.7729959],[80.8792739,26.772256],[80.8785885,26.7711411],[80.8781498,26.7704627],[80.8778561,26.769967],[80.8775946,26.7695431],[80.8773465,26.76916],[80.8772029,26.7689242],[80.8771619,26.7688499],[80.877135,26.7687948],[80.8770897,26.768684],[80.8770582,26.7685923],[80.8770287,26.7684895],[80.8770087,26.7683848],[80.8769981,26.768279],[80.8769913,26.7681768],[80.876991,26.768074],[80.8769932,26.7680321],[80.8769988,26.7679556],[80.8770054,26.767901],[80.8770099,26.7678652],[80.8770184,26.7678188],[80.8770263,26.7677774],[80.8770446,26.7676985],[80.8770604,26.7676445],[80.8770717,26.7676052],[80.8771003,26.7675162],[80.8771089,26.7674937],[80.8771284,26.7674469],[80.8771446,26.7674113],[80.8771697,26.7673571],[80.8771945,26.7673083],[80.8772217,26.7672607],[80.8772509,26.7672128],[80.8772833,26.7671645],[80.8773182,26.7671171],[80.8773866,26.7670321],[80.8774343,26.7669777],[80.8774895,26.766919],[80.8775436,26.7668656],[80.8775768,26.7668361],[80.8776317,26.7667887],[80.8776775,26.7667514],[80.8777497,26.7666968],[80.8778191,26.7666458],[80.8778745,26.7666072],[80.8778997,26.7665904],[80.8779663,26.7665519],[80.8780317,26.7665176],[80.878091,26.766489],[80.8781692,26.7664548],[80.8782311,26.7664299],[80.8783024,26.7664042],[80.8783768,26.7663805],[80.8784329,26.7663645],[80.8785187,26.7663443],[80.8785792,26.7663318],[80.8786374,26.7663211],[80.8787036,26.7663112],[80.878791,26.7663006],[80.878873,26.7662937],[80.8789566,26.7662891],[80.8790414,26.7662878],[80.8799547,26.7662855],[80.8830062,26.7663145],[80.8844697,26.7663284]]},"properties":{"names":{"primary":"Red Line, Lucknow Metro","common":null,"rules":[{"variant":"common","language":null,"perspectives":null,"value":"Red Line, Lucknow Metro","between":null,"side":null}]},"subtype":"rail","class":"subway","connectors":[{"connector_id":"6ee4b991-ee5f-46e3-92ce-59600f449b43","at":0.0},{"connector_id":"3b234bf3-6140-4afd-8d4b-536b781c05da","at":0.83482216},{"connector_id":"3cec6906-de2f-442a-8913-187a3f74cf32","at":0.851723392},{"connector_id":"33bc0a86-0ade-4c2b-983b-cbc62db98f1c","at":1.0}],"rail_flags":[{"values":["is_tunnel"],"between":[0.0,0.236373215]},{"values":["is_bridge"],"between":[0.236373215,0.942332476]},{"values":["is_tunnel"],"between":[0.966963008,1.0]}],"level_rules":[{"value":-1,"between":[0.0,0.236373215]},{"value":1,"between":[0.236373215,0.966963008]},{"value":-1,"between":[0.966963008,1.0]}],"sources":[{"property":"","dataset":"OpenStreetMap","license":"ODbL-1.0","record_id":"w687548295@7","update_time":"2025-12-03T10:30:55Z","confidence":null,"between":[0.0,0.236373215]},{"property":"","dataset":"OpenStreetMap","license":"ODbL-1.0","record_id":"w588271863@8","update_time":"2025-12-03T10:30:55Z","confidence":null,"between":[0.236373215,0.942332476]},{"property":"","dataset":"OpenStreetMap","license":"ODbL-1.0","record_id":"w858337547@7","update_time":"2025-12-03T10:30:55Z","confidence":null,"between":[0.942332476,0.966963008]},{"property":"","dataset":"OpenStreetMap","license":"ODbL-1.0","record_id":"w858376203@6","update_time":"2025-12-03T10:30:55Z","confidence":null,"between":[0.966963008,0.989291669]},{"property":"","dataset":"OpenStreetMap","license":"ODbL-1.0","record_id":"w1455737115@1","update_time":"2025-12-03T10:30:55Z","confidence":null,"between":[0.989291669,1.0]}],"version":1}},
{"id":"a78ca128-e838-4453-9331-10a4fc42cc35","type":"Feature","geometry":{"type":"LineString","coordinates":[[80.9348682,26.8431038],[80.9351122,26.8432618]]},"properties":{"subtype":"road","class":"residential","connectors":[{"connector_id":"5ab023a9-93b4-42bd-988e-75567c49423f","at":0.0},{"connector_id":"4035ef7b-ca74-41a6-984a-79acd9e7d6d4","at":1.0}],"road_surface":[{"value":"paved","between":null}],"sources":[{"property":"","dataset":"OpenStreetMap","license":"ODbL-1.0","record_id":"w210670091@1","update_time":"2013-03-17T23:32:05Z","confidence":null,"between":null}],"version":1}},
{"id":"9cf40856-6b7d-4df0-a41c-c6bf11ae8308","type":"Feature","geometry":{"type":"LineString","coordinates":[[80.9351122,26.8432618],[80.9349003,26.8435304]]},"properties":{"subtype":"road","class":"residential","connectors":[{"connector_id":"4035ef7b-ca74-41a6-984a-79acd9e7d6d4","at":0.0},{"connector_id":"633ce915-7f7d-47a5-8f8c-3863450e46f9","at":1.0}],"road_surface":[{"value":"paved","between":null}],"sources":[{"property":"","dataset":"OpenStreetMap","license":"ODbL-1.0","record_id":"w210670040@1","update_time":"2013-03-17T23:32:00Z","confidence":null,"between":null}],"version":1}},
{"id":"afacfc59-e10a-4e3c-82b3-01ca6893828a","type":"Feature","geometry":{"type":"LineString","coordinates":[[80.9351327,26.8447778],[80.9350106,26.8446948],[80.9348842,26.8446048]]},"properties":{"subtype":"road","class":"unknown","connectors":[{"connector_id":"c3acee19-7c52-43e2-b288-e23d246493d9","at":0.0},{"connector_id":"1f6c2128-95e1-4f22-888c-26908c6a984d","at":1.0}],"sources":[{"property":"","dataset":"TomTom","license":"ODbL-1.0","record_id":null,"update_time":null,"confidence":null,"between":null}],"version":1}},
{"id":"63b9141c-8a86-425c-8dd8-f7152be0a572","type":"Feature","geometry":{"type":"LineString","coordinates":[[80.9343278,26.8455637],[80.9345366,26.8454272],[80.934594,26.8453623],[80.9347153,26.8452249],[80.9348411,26.8450336],[80.9350042,26.8449477],[80.9351327,26.8447778],[80.9351782,26.8447176],[80.9354038,26.8447943]]},"properties":{"subtype":"road","class":"residential","connectors":[{"connector_id":"ed2094d5-dbe9-4a4c-9812-0dd1dc472961","at":0.0},{"connector_id":"92bc9f91-0abc-46be-b64d-b783c65122be","at":0.228621569},{"connector_id":"e3d4dd9f-8afa-4bac-8928-a8e042aad582","at":0.355986726},{"connector_id":"c3acee19-7c52-43e2-b288-e23d246493d9","at":0.789877367},{"connector_id":"f6cfa8e4-edf1-4d12-85ae-e311dc8222f7","at":1.0}],"sources":[{"property":"","dataset":"OpenStreetMap","license":"ODbL-1.0","record_id":"w996835329@1","update_time":"2021-10-27T09:39:22Z","confidence":null,"between":null}],"version":2}},
{"id":"ebe76378-1eff-44c9-b5fc-7c8bd09890a2","type":"Feature","geometry":{"type":"LineString","coordinates":[[80.9351699,26.8452896],[80.9349085,26.8451519]]},"properties":{"subtype":"road","class":"unknown","connectors":[{"connector_id":"8fa3e9e6-4046-4224-9822-0fcf82b30f19","at":0.0},{"connector_id":"cc7b79a8-3667-423a-bac7-c8ed4ef41cda","at":1.0}],"sources":[{"property":"","dataset":"TomTom","license":"ODbL-1.0","record_id":null,"update_time":null,"confidence":null,"between":null}],"version":1}},
{"id":"9d2204f9-2519-4278-8c76-6f14417bf040","type":"Feature","geometry":{"type":"LineString","coordinates":[[80.9337685,26.8472241],[80.9338825,26.8472537],[80.9340929,26.8471777],[80.934141,26.8471961],[80.9342249,26.8472758],[80.9344037,26.8472034],[80.9344793,26.8472194],[80.9346938,26.8473384],[80.9348712,26.8472574],[80.9352393,26.8470514]]},"properties":{"subtype":"road","class":"service","connectors":[{"connector_id":"6738e8d6-f3b4-4268-90d4-96abebf2bbd9","at":0.0},{"connector_id":"49af6043-5447-4684-9d2e-4ef811d6497a","at":1.0}],"road_surface":[{"value":"paved","between":null}],"sources":[{"property":"","dataset":"OpenStreetMap","license":"ODbL-1.0","record_id":"w213843200@1","update_time":"2013-03-29T13:46:48Z","confidence":null,"between":null}],"version":1}},
{"id":"f9fd1555-a561-4b33-b730-1702f0ae8398","type":"Feature","geometry":{"type":"LineString","coordinates":[[80.9346878,26.8460911],[80.9349002,26.8464304],[80.9349438,26.8465],[80.9351009,26.8467931],[80.9352393,26.8470514],[80.9353515,26.8472608],[80.935519,26.8476345]]},"properties":{"subtype":"road","class":"residential","connectors":[{"connector_id":"30b9c128-5ebf-4b0b-8ac7-94059481607d","at":0.0},{"connector_id":"0764a0d1-40d5-4388-9103-37bb96c19b59","at":0.226783948},{"connector_id":"6aff2091-899e-456e-af69-72081e65a95a","at":0.462845845},{"connector_id":"49af6043-5447-4684-9d2e-4ef811d6497a","at":0.629865741},{"connector_id":"cfbe15f2-ca35-4f9c-9419-881322fbd845","at":1.0}],"road_surface":[{"value":"paved","between":null}],"sources":[{"property":"","dataset":"OpenStreetMap","license":"ODbL-1.0","record_id":"w210670071@2","update_time":"2013-03-29T13:46:55Z","confidence":null,"between":null}],"version":3}},
{"id":"a8bfb6a6-1afb-4183-90fd-d9f8629fd47c","type":"Feature","geometry":{"type":"LineString","coordinates":[[80.9351009,26.8467931],[80.9347294,26.8469867]]},"properties":{"subtype":"road","class":"unknown","connectors":[{"connector_id":"6aff2091-899e-456e-af69-72081e65a95a","at":0.0},{"connector_id":"006b7f02-3d56-45aa-8d56-f40ef0c6a52e","at":1.0}],"sources":[{"property":"","dataset":"TomTom","license":"ODbL-1.0","record_id":null,"update_time":null,"confidence":null,"between":null}],"version":1}},
{"id":"f2a804ff-61af-4a3d-859a-a4d069b4ee99","type":"Feature","geometry":{"type":"LineString","coordinates":[[80.9346878,26.8460911],[80.9348211,26.8458779],[80.9349728,26.8456314],[80.9350194,26.8455557],[80.9351264,26.8453819],[80.9351699,26.8452896],[80.9351948,26.8452369],[80.9354038,26.8447943]]},"properties":{"names":{"primary":"Cantonment Road","common":null,"rules":[{"variant":"common","language":null,"perspectives":null,"value":"Cantonment Road","between":null,"side":null}]},"subtype":"road","class":"tertiary","connectors":[{"connector_id":"30b9c128-5ebf-4b0b-8ac7-94059481607d","at":0.0},{"connector_id":"e68ae17a-3cd7-45df-a7f2-0581f38afabd","at":0.362979124},{"connector_id":"12d78b52-e52c-4a5a-bf66-dbc584fd44ef","at":0.422652021},{"connector_id":"6552c769-09cc-4cc7-82a8-c1384b8bd5c0","at":0.559658591},{"connector_id":"8fa3e9e6-4046-4224-9822-0fcf82b30f19","at":0.628809417},{"connector_id":"18d622be-4eeb-4097-b8b4-33a7b9799fa1","at":0.668307284},{"connector_id":"f6cfa8e4-edf1-4d12-85ae-e311dc8222f7","at":1.0}],"road_surface":[{"value":"paved","between":null}],"sources":[{"property":"","dataset":"OpenStreetMap","license":"ODbL-1.0","record_id":"w210669984@9","update_time":"2024-04-17T07:13:20Z","confidence":null,"between":null}],"version":2}},
{"id":"793f0982-76ec-40ef-8f58-187a721332b9","type":"Feature","geometry":{"type":"LineString","coordinates":[[80.9350194,26.8455557],[80.935062,26.8455827],[80.9351163,26.8456173],[80.9352239,26.8456981],[80.9354787,26.8458836],[80.9354935,26.8458836],[80.9355099,26.8458776],[80.9356233,26.8457702],[80.93563,26.8457623],[80.9356345,26.8457504],[80.9356335,26.8457367],[80.9356278,26.845727],[80.9352468,26.8454544],[80.9351641,26.8453953],[80.9351264,26.8453819]]},"properties":{"subtype":"road","class":"unknown","connectors":[{"connector_id":"12d78b52-e52c-4a5a-bf66-dbc584fd44ef","at":0.0},{"connector_id":"7cb71908-1d91-4a3b-893e-f0e1f6030fa8","at":0.080743167},{"connector_id":"0b530ac6-e428-4ff1-bdac-01db6576a1c8","at":0.900546377},{"connector_id":"6552c769-09cc-4cc7-82a8-c1384b8bd5c0","at":1.0}],"sources":[{"property":"","dataset":"TomTom","license":"ODbL-1.0","record_id":null,"update_time":null,"confidence":null,"between":null}],"version":1}},
{"id":"fa87b50e-50ec-43ba-995e-763c260a5e58","type":"Feature","geometry":{"type":"LineString","coordinates":[[80.9351163,26.8456173],[80.9351364,26.845591],[80.9351511,26.8455743],[80.9352468,26.8454544]]},"properties":{"subtype":"road","class":"unknown","connectors":[{"connector_id":"7cb71908-1d91-4a3b-893e-f0e1f6030fa8","at":0.0},{"connector_id":"0b530ac6-e428-4ff1-bdac-01db6576a1c8","at":1.0}],"sources":[{"property":"","dataset":"TomTom","license":"ODbL-1.0","record_id":null,"update_time":null,"confidence":null,"between":null}],"version":1}},
{"id":"980d1d99-64d9-4600-a12b-f0f6a40b5a8a","type":"Feature","geometry":{"type":"LineString","coordinates":[[80.9372386,26.8452561],[80.9364957,26.8458876],[80.9362482,26.846133]]},"properties":{"subtype":"road","class":"service","connectors":[{"connector_id":"93a62148-fe81-4e37-8741-4b8b9808bedb","at":0.0},{"connector_id":"54bdf87e-dc36-4b3b-829e-88797f5f9075","at":1.0}],"road_surface":[{"value":"paved","between":null}],"sources":[{"property":"","dataset":"OpenStreetMap","license":"ODbL-1.0","record_id":"w213843232@1","update_time":"2013-03-29T13:46:50Z","confidence":null,"between":null}],"version":1}},
{"id":"f8bae664-81b7-4160-ba80-490f13416381","type":"Feature","geometry":{"type":"LineString","coordinates":[[80.9365645,26.8464749],[80.9369084,26.8461496],[80.9370432,26.8460361]]},"properties":{"subtype":"road","class":"unknown","connectors":[{"connector_id":"8d2f52ec-4ef4-4292-8aa5-52040de3196e","at":0.0},{"connector_id":"357b26a1-2775-46e6-b1a2-4e25af9842bd","at":1.0}],"sources":[{"property":"","dataset":"TomTom","license":"ODbL-1.0","record_id":null,"update_time":null,"confidence":null,"between":null}],"version":1}},
{"id":"e94aa217-641b-4603-a3c8-23fe75748f7a","type":"Feature","geometry":{"type":"LineString","coordinates":[[80.9365645,26.8464749],[80.9365345,26.8463627],[80.9364747,26.846288],[80.9363439,26.8461908],[80.9362617,26.8461646],[80.9361645,26.8462132],[80.9361009,26.8463029],[80.9360561,26.846415],[80.9359323,26.8465327],[80.935907,26.8465521],[80.9358753,26.846565],[80.9358422,26.8465604],[80.9357271,26.8464674]]},"properties":{"subtype":"road","class":"unknown","connectors":[{"connector_id":"8d2f52ec-4ef4-4292-8aa5-52040de3196e","at":0.0},{"connector_id":"e0e8a57a-e6a5-4162-9c81-d07ba05c5e27","at":1.0}],"sources":[{"property":"","dataset":"TomTom","license":"ODbL-1.0","record_id":null,"update_time":null,"confidence":null,"between":null}],"version":1}},
{"id":"0c1001db-b01d-48a5-9283-5a2a40fd9fed","type":"Feature","geometry":{"type":"LineString","coordinates":[[80.9357271,26.8464674],[80.9353122,26.8460786]]},"properties":{"subtype":"road","class":"unknown","connectors":[{"connector_id":"e0e8a57a-e6a5-4162-9c81-d07ba05c5e27","at":0.0},{"connector_id":"f7a0b6f8-4f01-4e14-ae05-869b4779da77","at":1.0}],"sources":[{"property":"","dataset":"TomTom","license":"ODbL-1.0","record_id":null,"update_time":null,"confidence":null,"between":null}],"version":1}},
{"id":"006686fa-8b09-49df-8518-451fcc1b02b1","type":"Feature","geometry":{"type":"LineString","coordinates":[[80.9353299,26.8468539],[80.9357271,26.8464674]]},"properties":{"subtype":"road","class":"unknown","connectors":[{"connector_id":"d409debc-514e-456c-9b08-2ea933367d88","at":0.0},{"connector_id":"e0e8a57a-e6a5-4162-9c81-d07ba05c5e27","at":1.0}],"sources":[{"property":"","dataset":"TomTom","license":"ODbL-1.0","record_id":null,"update_time":null,"confidence":null,"between":null}],"version":1}},
{"id":"8849aa9d-a18b-42b8-8931-c325b9a9e642","type":"Feature","geometry":{"type":"LineString","coordinates":[[80.935519,26.8476345],[80.9356741,26.8475475],[80.9359065,26.8473752],[80.9361093,26.8472248],[80.9361998,26.8472046]]},"properties":{"subtype":"road","class":"tertiary","connectors":[{"connector_id":"cfbe15f2-ca35-4f9c-9419-881322fbd845","at":0.0},{"connector_id":"6e490b79-449b-41f4-93e4-00f939983857","at":0.576137959},{"connector_id":"17f55301-984b-41f6-a826-fea1d04e570e","at":1.0}],"road_surface":[{"value":"paved","between":null}],"access_restrictions":[{"access_type":"denied","when":{"during":null,"heading":"backward","using":null,"recognized":null,"mode":null,"vehicle":null},"between":null}],"sources":[{"property":"","dataset":"OpenStreetMap","license":"ODbL-1.0","record_id":"w210670045@1","update_time":"2013-03-17T23:32:00Z","confidence":null,"between":null}],"version":2}},
{"id":"b319e2c5-28e1-4fbf-94ce-bfcc5ba32f1b","type":"Feature","geometry":{"type":"LineString","coordinates":[[80.9356264,26.8477827],[80.9359603,26.8474441],[80.9359065,26.8473752]]},"properties":{"subtype":"road","class":"unknown","connectors":[{"connector_id":"6af659bb-5662-4085-a09b-f3b34fb0f2ea","at":0.0},{"connector_id":"6e490b79-449b-41f4-93e4-00f939983857","at":1.0}],"sources":[{"property":"","dataset":"TomTom","license":"ODbL-1.0","record_id":null,"update_time":null,"confidence":null,"between":null}],"version":1}},
{"id":"47938505-0b59-4646-b876-8fea32e38c64","type":"Feature","geometry":{"type":"LineString","coordinates":[[80.9362676,26.8471289],[80.9361885,26.8471222],[80.9360849,26.8471441],[80.9357909,26.8473374],[80.9355949,26.8475072],[80.935519,26.8476345]]},"properties":{"subtype":"road","class":"tertiary","connectors":[{"connector_id":"9a8b150a-4852-46cb-a55f-88a72db97e42","at":0.0},{"connector_id":"cfbe15f2-ca35-4f9c-9419-881322fbd845","at":1.0}],"road_surface":[{"value":"paved","between":null}],"access_restrictions":[{"access_type":"denied","when":{"during":null,"heading":"backward","using":null,"recognized":null,"mode":null,"vehicle":null},"between":null}],"sources":[{"property":"","dataset":"OpenStreetMap","license":"ODbL-1.0","record_id":"w210670114@1","update_time":"2013-03-17T23:32:06Z","confidence":null,"between":null}],"version":1}},
{"id":"dcd6327c-f9b3-4c3e-8fdc-9f9eebee3968","type":"Feature","geometry":{"type":"LineString","coordinates":[[80.9362676,26.8471289],[80.9361998,26.8472046]]},"properties":{"subtype":"road","class":"tertiary","connectors":[{"connector_id":"9a8b150a-4852-46cb-a55f-88a72db97e42","at":0.0},{"connector_id":"17f55301-984b-41f6-a826-fea1d04e570e","at":1.0}],"road_surface":[{"value":"paved","between":null}],"sources":[{"property":"","dataset":"OpenStreetMap","license":"ODbL-1.0","record_id":"w210670019@1","update_time":"2013-03-17T23:31:57Z","confidence":null,"between":null}],"version":1}},
{"id":"1a1f0e2a-8b19-40c5-9b3b-3aafa3639be0","type":"Feature","geometry":{"type":"LineString","coordinates":[[80.936524,26.8469115],[80.9365521,26.8469849],[80.9366104,26.8471303],[80.936621,26.8471795],[80.9366109,26.8472097]]},"properties":{"subtype":"road","class":"unknown","connectors":[{"connector_id":"70846c41-ad30-47f1-a5eb-e899abf5b5b5","at":0.0},{"connector_id":"ff9a868b-c258-4eac-ba3e-8bcb1a3acf0e","at":1.0}],"sources":[{"property":"","dataset":"TomTom","license":"ODbL-1.0","record_id":null,"update_time":null,"confidence":null,"between":null}],"version":1}},
{"id":"ee1375e3-0eb5-4d84-b92e-b4688fc427a3","type":"Feature","geometry":{"type":"LineString","coordinates":[[80.9366109,26.8472097],[80.9364696,26.8471598],[80.9362676,26.8471289]]},"properties":{"subtype":"road","class":"residential","connectors":[{"connector_id":"ff9a868b-c258-4eac-ba3e-8bcb1a3acf0e","at":0.0},{"connector_id":"9a8b150a-4852-46cb-a55f-88a72db97e42","at":1.0}],"road_surface":[{"value":"paved","between":null}],"access_restrictions":[{"access_type":"denied","when":{"during":null,"heading":"backward","using":null,"recognized":null,"mode":null,"vehicle":null},"between":null}],"sources":[{"property":"","dataset":"OpenStreetMap","license":"ODbL-1.0","record_id":"w210670020@1","update_time":"2013-03-17T23:31:57Z","confidence":null,"between":null}],"version":1}},
{"id":"9a0dd292-ab3f-4832-ad4c-ea7e5a092261","type":"Feature","geometry":{"type":"LineString","coordinates":[[80.9361998,26.8472046],[80.9364563,26.8472347],[80.9366109,26.8472097]]},"properties":{"subtype":"road","class":"residential","connectors":[{"connector_id":"17f55301-984b-41f6-a826-fea1d04e570e","at":0.0},{"connector_id":"fbfdca11-ee90-44dd-a130-babe0f8d6929","at":0.622172895},{"connector_id":"ff9a868b-c258-4eac-ba3e-8bcb1a3acf0e","at":1.0}],"road_surface":[{"value":"paved","between":null}],"access_restrictions":[{"access_type":"denied","when":{"during":null,"heading":"backward","using":null,"recognized":null,"mode":null,"vehicle":null},"between":null}],"sources":[{"property":"","dataset":"OpenStreetMap","license":"ODbL-1.0","record_id":"w210670012@1","update_time":"2013-03-17T23:31:57Z","confidence":null,"between":null}],"version":2}},
{"id":"fa5f66eb-7b2b-4dde-a016-a59392298152","type":"Feature","geometry":{"type":"LineString","coordinates":[[80.9365994,26.8477318],[80.9365088,26.8477026],[80.9364595,26.8476811],[80.9364358,26.8476582],[80.9364203,26.847626],[80.9364139,26.8475839],[80.9364563,26.8472347]]},"properties":{"subtype":"road","class":"unknown","connectors":[{"connector_id":"2cfae0c2-97af-4165-aea8-fcb26afcb704","at":0.0},{"connector_id":"fbfdca11-ee90-44dd-a130-babe0f8d6929","at":1.0}],"sources":[{"property":"","dataset":"TomTom","license":"ODbL-1.0","record_id":null,"update_time":null,"confidence":null,"between":null}],"version":1}},
{"id":"8b4332f7-ffc6-419e-8f46-9fb2ce811af0","type":"Feature","geometry":{"type":"LineString","coordinates":[[80.9366109,26.8472097],[80.9371854,26.8472879]]},"properties":{"names":{"primary":"Om Narayan Bansal Marg","common":[["hi","ओम नारायण बंसल मार्ग"]],"rules":[{"variant":"common","language":null,"perspectives":null,"value":"Om Narayan Bansal Marg","between":null,"side":null}]},"subtype":"road","class":"residential","connectors":[{"connector_id":"ff9a868b-c258-4eac-ba3e-8bcb1a3acf0e","at":0.0},{"connector_id":"c2fde25e-2461-404f-9ea4-b65aed1a1907","at":1.0}],"road_surface":[{"value":"paved","between":null}],"sources":[{"property":"","dataset":"OpenStreetMap","license":"ODbL-1.0","record_id":"w210670085@3","update_time":"2023-08-03T04:56:57Z","confidence":null,"between":null}],"version":1}},
{"id":"29ee60bf-7c73-4f10-8e72-4b0d0b2aebb7","type":"Feature","geometry":{"type":"LineString","coordinates":[[80.9367217,26.8467439],[80.9366634,26.8467933],[80.936524,26.8469115],[80.9362676,26.8471289]]},"properties":{"subtype":"road","class":"tertiary","connectors":[{"connector_id":"ed8d27f8-5f8e-41c0-99e8-710a6ca7ca8f","at":0.0},{"connector_id":"61adbfe1-1c3d-4eef-828d-526b7ec571cb","at":0.128350944},{"connector_id":"70846c41-ad30-47f1-a5eb-e899abf5b5b5","at":0.435347069},{"connector_id":"9a8b150a-4852-46cb-a55f-88a72db97e42","at":1.0}],"road_surface":[{"value":"paved","between":null}],"sources":[{"property":"","dataset":"OpenStreetMap","license":"ODbL-1.0","record_id":"w210670019@1","update_time":"2013-03-17T23:31:57Z","confidence":null,"between":null}],"version":2}},
{"id":"f896f711-025d-47c1-adc2-ac206db1d8ee","type":"Feature","geometry":{"type":"LineString","coordinates":[[80.9365645,26.8464749],[80.9365308,26.8465907],[80.9365961,26.8466691],[80.9366328,26.8467439],[80.9366634,26.8467933]]},"properties":{"subtype":"road","class":"unknown","connectors":[{"connector_id":"8d2f52ec-4ef4-4292-8aa5-52040de3196e","at":0.0},{"connector_id":"61adbfe1-1c3d-4eef-828d-526b7ec571cb","at":1.0}],"sources":[{"property":"","dataset":"TomTom","license":"ODbL-1.0","record_id":null,"update_time":null,"confidence":null,"between":null}],"version":1}},
{"id":"44dd32eb-91dc-4f16-b5b7-706d3f59082d","type":"Feature","geometry":{"type":"LineString","coordinates":[[80.9371662,26.8468381],[80.9371151,26.8467911],[80.9369168,26.8466119]]},"properties":{"subtype":"road","class":"unknown","connectors":[{"connector_id":"a11156e4-8518-4b58-b621-3db47303e9eb","at":0.0},{"connector_id":"2ed0c38a-4313-4dfe-8cea-c39e62822424","at":1.0}],"sources":[{"property":"","dataset":"TomTom","license":"ODbL-1.0","record_id":null,"update_time":null,"confidence":null,"between":null}],"version":1}},
{"id":"f7eda2b3-b71d-48fa-98dc-139ff13ba2c2","type":"Feature","geometry":{"type":"LineString","coordinates":[[80.9371854,26.8472879],[80.9385018,26.8474671],[80.9391019,26.8475488],[80.9391656,26.8475645],[80.9394651,26.8476384],[80.939654,26.847685],[80.939893,26.8478184]]},"properties":{"names":{"primary":"Om Narayan Bansal Marg","common":[["hi","ओम नारायण बंसल मार्ग"]],"rules":[{"variant":"common","language":null,"perspectives":null,"value":"Om Narayan Bansal Marg","between":null,"side":null}]},"subtype":"road","class":"residential","connectors":[{"connector_id":"c2fde25e-2461-404f-9ea4-b65aed1a1907","at":0.0},{"connector_id":"4e58e033-972a-4ba7-9ec8-74a64d04c842","at":0.476797243},{"connector_id":"2f8e7118-5643-4baf-bdfe-69a6e465e265","at":0.717808675},{"connector_id":"3ede93f5-548d-4d8d-a787-8435001c4a91","at":0.829042415},{"connector_id":"2f53e6b4-4061-4be1-8f1e-b8ab1eb616a5","at":1.0}],"road_surface":[{"value":"paved","between":null}],"sources":[{"property":"","dataset":"OpenStreetMap","license":"ODbL-1.0","record_id":"w210670085@3","update_time":"2023-08-03T04:56:57Z","confidence":null,"between":null}],"version":2}},
{"id":"91e4e03d-59c3-4626-a826-7ae62bf27bbb","type":"Feature","geometry":{"type":"LineString","coordinates":[[80.9385018,26.8474671],[80.9384736,26.8475742],[80.9383901,26.8476649]]},"properties":{"subtype":"road","class":"unknown","connectors":[{"connector_id":"4e58e033-972a-4ba7-9ec8-74a64d04c842","at":0.0},{"connector_id":"5a0dbed1-b959-4bed-8599-7365759ecef4","at":1.0}],"sources":[{"property":"","dataset":"TomTom","license":"ODbL-1.0","record_id":null,"update_time":null,"confidence":null,"between":null}],"version":1}},
{"id":"a12024dd-080b-4364-97e1-962b72345f80","type":"Feature","geometry":{"type":"LineString","coordinates":[[80.9388115,26.8465556],[80.9388418,26.8465333],[80.9389434,26.8464586],[80.9389982,26.8464137],[80.9390785,26.8463481],[80.9391408,26.8462811],[80.9391937,26.8462142],[80.9389786,26.8460344],[80.9388916,26.8460004],[80.9387989,26.8459979],[80.9387168,26.8459045]]},"properties":{"subtype":"road","class":"unknown","connectors":[{"connector_id":"2a46fc7b-2d30-4076-bd8a-d5509a3585cd","at":0.0},{"connector_id":"a2c67ec7-8f85-4b93-b2a9-e40d5e11e302","at":1.0}],"sources":[{"property":"","dataset":"TomTom","license":"ODbL-1.0","record_id":null,"update_time":null,"confidence":null,"between":null}],"version":1}},
{"id":"7b51c82f-ab6f-4d0e-8597-b49bd4ed33db","type":"Feature","geometry":{"type":"LineString","coordinates":[[80.9387168,26.8459045],[80.9386858,26.8459267],[80.9384129,26.8461463]]},"properties":{"subtype":"road","class":"unknown","connectors":[{"connector_id":"a2c67ec7-8f85-4b93-b2a9-e40d5e11e302","at":0.0},{"connector_id":"bdf1bc10-ccaa-4001-8389-c75f634f6374","at":1.0}],"sources":[{"property":"","dataset":"TomTom","license":"ODbL-1.0","record_id":null,"update_time":null,"confidence":null,"between":null}],"version":1}},
{"id":"d65e4cf8-3f1d-4d00-a0b4-528ce2547521","type":"Feature","geometry":{"type":"LineString","coordinates":[[80.9384129,26.8461463],[80.9383579,26.8461931]]},"properties":{"subtype":"road","class":"residential","connectors":[{"connector_id":"bdf1bc10-ccaa-4001-8389-c75f634f6374","at":0.0},{"connector_id":"1d5dba2a-388a-44ce-9efb-bf95c081b3f2","at":1.0}],"sources":[{"property":"","dataset":"OpenStreetMap","license":"ODbL-1.0","record_id":"w1273257387@1","update_time":"2024-04-17T06:03:50Z","confidence":null,"between":null}],"version":1}},
{"id":"2aac6c4b-0e6f-4644-9b91-82e90dd9c9a8","type":"Feature","geometry":{"type":"LineString","coordinates":[[80.9388352,26.8466008],[80.9388115,26.8465556],[80.9387775,26.8464908],[80.9384129,26.8461463]]},"properties":{"names":{"primary":"Kamla Sharma Marg","common":[["hi","कमला शर्मा मार्ग"]],"rules":[{"variant":"common","language":null,"perspectives":null,"value":"Kamla Sharma Marg","between":null,"side":null}]},"subtype":"road","class":"residential","connectors":[{"connector_id":"5048e98e-287e-4a01-9dae-9e0d8830bedd","at":0.0},{"connector_id":"2a46fc7b-2d30-4076-bd8a-d5509a3585cd","at":0.083726233},{"connector_id":"bdf1bc10-ccaa-4001-8389-c75f634f6374","at":1.0}],"road_surface":[{"value":"paved","between":null}],"access_restrictions":[{"access_type":"denied","when":{"during":null,"heading":"backward","using":null,"recognized":null,"mode":null,"vehicle":null},"between":null}],"sources":[{"property":"","dataset":"OpenStreetMap","license":"ODbL-1.0","record_id":"w1273257386@1","update_time":"2024-04-17T06:03:50Z","confidence":null,"between":null}],"version":2}},
{"id":"c1edb18b-68ab-46ec-8ec7-92caf9a4f593","type":"Feature","geometry":{"type":"LineString","coordinates":[[80.9383579,26.8461931],[80.9386992,26.8465223],[80.9388352,26.8466008]]},"properties":{"names":{"primary":"Kamla Sharma Marg","common":null,"rules":[{"variant":"common","language":null,"perspectives":null,"value":"Kamla Sharma Marg","between":null,"side":null}]},"subtype":"road","class":"residential","connectors":[{"connector_id":"1d5dba2a-388a-44ce-9efb-bf95c081b3f2","at":0.0},{"connector_id":"5048e98e-287e-4a01-9dae-9e0d8830bedd","at":1.0}],"access_restrictions":[{"access_type":"denied","when":{"during":null,"heading":"backward","using":null,"recognized":null,"mode":null,"vehicle":null},"between":null}],"sources":[{"property":"","dataset":"OpenStreetMap","license":"ODbL-1.0","record_id":"w1273257385@2","update_time":"2025-12-25T07:06:13Z","confidence":null,"between":null}],"version":2}},
{"id":"18ec6903-eec2-4f73-96ec-da75922ef95e","type":"Feature","geometry":{"type":"LineString","coordinates":[[80.9372231,26.8462384],[80.937275,26.8463001]]},"properties":{"subtype":"road","class":"unknown","connectors":[{"connector_id":"cd3699dd-37fc-4161-90eb-ddca3aa3e5a4","at":0.0},{"connector_id":"8d9a8600-6f37-4882-8971-442ecaa9a9c6","at":1.0}],"sources":[{"property":"","dataset":"TomTom","license":"ODbL-1.0","record_id":null,"update_time":null,"confidence":null,"between":null}],"version":1}},
{"id":"8b0c601c-534b-4f1e-ac61-bc0e7a141c22","type":"Feature","geometry":{"type":"LineString","coordinates":[[80.9379261,26.8456948],[80.937792,26.8457605],[80.9374609,26.8460386],[80.9372231,26.8462384],[80.9367613,26.8466263],[80.9367217,26.8467439]]},"properties":{"subtype":"road","class":"tertiary","connectors":[{"connector_id":"74941f9a-10f5-4e27-82f8-640ecf28ced1","at":0.0},{"connector_id":"acaf036a-155f-43d5-a2e8-caf334d1d94f","at":0.356317413},{"connector_id":"cd3699dd-37fc-4161-90eb-ddca3aa3e5a4","at":0.547773129},{"connector_id":"ed8d27f8-5f8e-41c0-99e8-710a6ca7ca8f","at":1.0}],"road_surface":[{"value":"paved","between":null}],"access_restrictions":[{"access_type":"denied","when":{"during":null,"heading":"backward","using":null,"recognized":null,"mode":null,"vehicle":null},"between":null}],"sources":[{"property":"","dataset":"OpenStreetMap","license":"ODbL-1.0","record_id":"w210670053@1","update_time":"2024-04-17T06:03:50Z","confidence":null,"between":null}],"version":2}},
{"id":"89fe2729-54fb-4aae-a9c4-a82851382954","type":"Feature","geometry":{"type":"LineString","coordinates":[[80.9367217,26.8467439],[80.9368404,26.8466784],[80.9369168,26.8466119],[80.937275,26.8463001],[80.9375863,26.8460291],[80.9378466,26.8458025],[80.9378908,26.8457427]]},"properties":{"subtype":"road","class":"tertiary","connectors":[{"connector_id":"ed8d27f8-5f8e-41c0-99e8-710a6ca7ca8f","at":0.0},{"connector_id":"2ed0c38a-4313-4dfe-8cea-c39e62822424","at":0.151602258},{"connector_id":"8d9a8600-6f37-4882-8971-442ecaa9a9c6","at":0.459429949},{"connector_id":"2a76f184-dd64-4d06-aff2-dba2b0483894","at":0.726965201},{"connector_id":"21ff5b0a-1da7-4421-8af6-1126cd1e8889","at":1.0}],"road_surface":[{"value":"paved","between":null}],"access_restrictions":[{"access_type":"denied","when":{"during":null,"heading":"backward","using":null,"recognized":null,"mode":null,"vehicle":null},"between":null}],"sources":[{"property":"","dataset":"OpenStreetMap","license":"ODbL-1.0","record_id":"w210670057@2","update_time":"2024-04-17T06:03:50Z","confidence":null,"between":null}],"version":2}},
{"id":"e53c06dc-1b8b-462b-9a86-6c38d735367d","type":"Feature","geometry":{"type":"LineString","coordinates":[[80.9374609,26.8460386],[80.937408,26.8459898],[80.9372125,26.8458095]]},"properties":{"subtype":"road","class":"unknown","connectors":[{"connector_id":"acaf036a-155f-43d5-a2e8-caf334d1d94f","at":0.0},{"connector_id":"1f55088f-5183-402b-aa4d-a4e55e20e06e","at":1.0}],"sources":[{"property":"","dataset":"TomTom","license":"ODbL-1.0","record_id":null,"update_time":null,"confidence":null,"between":null}],"version":1}},
{"id":"fb9ddb29-9827-4cf9-9cd0-c088f4c651df","type":"Feature","geometry":{"type":"LineString","coordinates":[[80.9375863,26.8460291],[80.9376604,26.846097],[80.9377209,26.8461516],[80.9377959,26.8462233],[80.9379079,26.846318]]},"properties":{"subtype":"road","class":"unknown","connectors":[{"connector_id":"2a76f184-dd64-4d06-aff2-dba2b0483894","at":0.0},{"connector_id":"08d6a4f4-51de-4778-966b-9b0399758d29","at":1.0}],"sources":[{"property":"","dataset":"TomTom","license":"ODbL-1.0","record_id":null,"update_time":null,"confidence":null,"between":null}],"version":1}},
{"id":"2e4e760c-cfe9-483b-a7cb-b58ba1f16f38","type":"Feature","geometry":{"type":"LineString","coordinates":[[80.9378908,26.8457427],[80.9383579,26.8461931]]},"properties":{"names":{"primary":"Kamla Sharma Marg","common":null,"rules":[{"variant":"common","language":null,"perspectives":null,"value":"Kamla Sharma Marg","between":null,"side":null}]},"subtype":"road","class":"residential","connectors":[{"connector_id":"21ff5b0a-1da7-4421-8af6-1126cd1e8889","at":0.0},{"connector_id":"1d5dba2a-388a-44ce-9efb-bf95c081b3f2","at":1.0}],"access_restrictions":[{"access_type":"denied","when":{"during":null,"heading":"backward","using":null,"recognized":null,"mode":null,"vehicle":null},"between":null}],"sources":[{"property":"","dataset":"OpenStreetMap","license":"ODbL-1.0","record_id":"w1273257385@2","update_time":"2025-12-25T07:06:13Z","confidence":null,"between":null}],"version":2}},
{"id":"df4d9b64-b106-4be8-ab6d-a44571c95b45","type":"Feature","geometry":{"type":"LineString","coordinates":[[80.9384129,26.8461463],[80.9381653,26.8459123],[80.9379261,26.8456948]]},"properties":{"names":{"primary":"Kamla Sharma Marg","common":[["hi","कमला शर्मा मार्ग"]],"rules":[{"variant":"common","language":null,"perspectives":null,"value":"Kamla Sharma Marg","between":null,"side":null}]},"subtype":"road","class":"residential","connectors":[{"connector_id":"bdf1bc10-ccaa-4001-8389-c75f634f6374","at":0.0},{"connector_id":"74941f9a-10f5-4e27-82f8-640ecf28ced1","at":1.0}],"road_surface":[{"value":"paved","between":null}],"access_restrictions":[{"access_type":"denied","when":{"during":null,"heading":"backward","using":null,"recognized":null,"mode":null,"vehicle":null},"between":null}],"sources":[{"property":"","dataset":"OpenStreetMap","license":"ODbL-1.0","record_id":"w1273257386@1","update_time":"2024-04-17T06:03:50Z","confidence":null,"between":null}],"version":1}},
{"id":"08a85d54-248a-4757-830f-4999da637ceb","type":"Feature","geometry":{"type":"LineString","coordinates":[[80.9378908,26.8457427],[80.9379261,26.8456948]]},"properties":{"subtype":"road","class":"tertiary","connectors":[{"connector_id":"21ff5b0a-1da7-4421-8af6-1126cd1e8889","at":0.0},{"connector_id":"74941f9a-10f5-4e27-82f8-640ecf28ced1","at":1.0}],"road_surface":[{"value":"paved","between":null}],"access_restrictions":[{"access_type":"denied","when":{"during":null,"heading":"backward","using":null,"recognized":null,"mode":null,"vehicle":null},"between":null}],"sources":[{"property":"","dataset":"OpenStreetMap","license":"ODbL-1.0","record_id":"w210670057@2","update_time":"2024-04-17T06:03:50Z","confidence":null,"between":null}],"version":1}},
{"id":"28fecc52-8e3f-4364-933c-8a5b4b275c81","type":"Feature","geometry":{"type":"LineString","coordinates":[[80.9379261,26.8456948],[80.9381708,26.8455063]]},"properties":{"subtype":"road","class":"tertiary","connectors":[{"connector_id":"74941f9a-10f5-4e27-82f8-640ecf28ced1","at":0.0},{"connector_id":"c842fc0f-04a1-44de-aadb-d5bd8917f881","at":1.0}],"road_surface":[{"value":"paved","between":null}],"sources":[{"property":"","dataset":"OpenStreetMap","license":"ODbL-1.0","record_id":"w1272990790@1","update_time":"2024-04-17T06:03:50Z","confidence":null,"between":null}],"version":1}},
{"id":"760d4ac7-6af5-4a2c-8562-ff9299c0ab09","type":"Feature","geometry":{"type":"LineString","coordinates":[[80.9388316,26.8458221],[80.9387168,26.8459045]]},"properties":{"subtype":"road","class":"unknown","connectors":[{"connector_id":"e8f0c288-7949-4f27-a4d2-48faad1e3866","at":0.0},{"connector_id":"a2c67ec7-8f85-4b93-b2a9-e40d5e11e302","at":1.0}],"sources":[{"property":"","dataset":"TomTom","license":"ODbL-1.0","record_id":null,"update_time":null,"confidence":null,"between":null}],"version":1}},
{"id":"bf978154-343f-4258-b38b-b53fed2ed8d6","type":"Feature","geometry":{"type":"LineString","coordinates":[[80.9385427,26.8452827],[80.9386204,26.8453729],[80.9388274,26.8456302],[80.9389226,26.8457439],[80.9389427,26.8457511],[80.9392244,26.8455608],[80.9391627,26.845489],[80.9388847,26.8451858],[80.9388096,26.8451008],[80.9387719,26.8450575]]},"properties":{"subtype":"road","class":"service","connectors":[{"connector_id":"c31f9ebb-5de4-4dc4-bc57-82398f15fc86","at":0.0},{"connector_id":"dcc0d618-2591-4184-a3ae-974abc05202c","at":0.073265022},{"connector_id":"c40e8db5-92dd-48cc-ae91-f4cfcce7d288","at":0.894978691},{"connector_id":"4e25117e-80f1-40fc-bb78-e408dca2bb4b","at":0.964687837},{"connector_id":"2f639126-4779-4250-b4f7-e13579e3e12e","at":1.0}],"sources":[{"property":"","dataset":"OpenStreetMap","license":"ODbL-1.0","record_id":"w734333794@1","update_time":"2024-04-16T08:43:05Z","confidence":null,"between":[0.0,0.964663088]},{"property":"","dataset":"OpenStreetMap","license":"ODbL-1.0","record_id":"w1272990798@1","update_time":"2024-04-16T08:43:05Z","confidence":null,"between":[0.964663088,1.0]}],"version":1}},
{"id":"d9fde94d-2d45-4622-85a2-f2aceb25ff3d","type":"Feature","geometry":{"type":"LineString","coordinates":[[80.9381708,26.8455063],[80.9382645,26.8454711],[80.9385427,26.8452827],[80.9388096,26.8451008],[80.939397,26.8447199]]},"properties":{"subtype":"road","class":"tertiary","connectors":[{"connector_id":"c842fc0f-04a1-44de-aadb-d5bd8917f881","at":0.0},{"connector_id":"c31f9ebb-5de4-4dc4-bc57-82398f15fc86","at":0.298088075},{"connector_id":"4e25117e-80f1-40fc-bb78-e408dca2bb4b","at":0.520047277},{"connector_id":"57e51dc6-ea1b-4439-9154-1f50b95a2e76","at":1.0}],"road_surface":[{"value":"paved","between":null}],"access_restrictions":[{"access_type":"denied","when":{"during":null,"heading":"backward","using":null,"recognized":null,"mode":null,"vehicle":null},"between":null}],"sources":[{"property":"","dataset":"OpenStreetMap","license":"ODbL-1.0","record_id":"w210670122@4","update_time":"2024-04-16T08:43:05Z","confidence":null,"between":null}],"version":1}},
{"id":"2698f22e-117a-400d-a9d1-57182a245e40","type":"Feature","geometry":{"type":"LineString","coordinates":[[80.9393569,26.8446684],[80.9388075,26.8450338],[80.9387719,26.8450575],[80.9385913,26.8451776],[80.9383819,26.8453169],[80.9382103,26.8454355],[80.9381708,26.8455063]]},"properties":{"subtype":"road","class":"tertiary","connectors":[{"connector_id":"3fb889ee-bfac-4b25-88d5-eafaf98e345c","at":0.0},{"connector_id":"6609c5fd-2831-4b7e-aa17-b36abcc3b2b3","at":0.450353142},{"connector_id":"2f639126-4779-4250-b4f7-e13579e3e12e","at":0.479545058},{"connector_id":"01ec51e8-5bf0-4148-ab29-9fc8b631e548","at":0.627579327},{"connector_id":"c842fc0f-04a1-44de-aadb-d5bd8917f881","at":1.0}],"access_restrictions":[{"access_type":"denied","when":{"during":null,"heading":"backward","using":null,"recognized":null,"mode":null,"vehicle":null},"between":null}],"sources":[{"property":"","dataset":"OpenStreetMap","license":"ODbL-1.0","record_id":"w1272990795@1","update_time":"2024-04-16T08:43:05Z","confidence":null,"between":null}],"version":2}},
{"id":"f58a1fee-2454-4a05-b7ab-098224234307","type":"Feature","geometry":{"type":"LineString","coordinates":[[80.9386204,26.8453729],[80.9388847,26.8451858]]},"properties":{"subtype":"road","class":"service","connectors":[{"connector_id":"dcc0d618-2591-4184-a3ae-974abc05202c","at":0.0},{"connector_id":"c40e8db5-92dd-48cc-ae91-f4cfcce7d288","at":1.0}],"sources":[{"property":"","dataset":"OpenStreetMap","license":"ODbL-1.0","record_id":"w734333793@1","update_time":"2019-10-14T04:12:58Z","confidence":null,"between":null}],"version":1}},
{"id":"3b3fec50-8d73-4d94-a884-3185c6d62ec1","type":"Feature","geometry":{"type":"LineString","coordinates":[[80.9385913,26.8451776],[80.9384155,26.8449683]]},"properties":{"subtype":"road","class":"unknown","connectors":[{"connector_id":"01ec51e8-5bf0-4148-ab29-9fc8b631e548","at":0.0},{"connector_id":"63987452-0c57-4150-ad29-e4f5537f94da","at":1.0}],"sources":[{"property":"","dataset":"TomTom","license":"ODbL-1.0","record_id":null,"update_time":null,"confidence":null,"between":null}],"version":1}},
{"id":"d021d02c-da2c-4089-bb60-84a85c3c76cf","type":"Feature","geometry":{"type":"LineString","coordinates":[[80.9386314,26.8447944],[80.9388075,26.8450338]]},"properties":{"subtype":"road","class":"unknown","connectors":[{"connector_id":"f7fa8fd8-d883-4b00-b6fd-4f987a653ca3","at":0.0},{"connector_id":"6609c5fd-2831-4b7e-aa17-b36abcc3b2b3","at":1.0}],"sources":[{"property":"","dataset":"TomTom","license":"ODbL-1.0","record_id":null,"update_time":null,"confidence":null,"between":null}],"version":1}},
{"id":"085650b7-8cee-4521-bd68-08111e5ae781","type":"Feature","geometry":{"type":"LineString","coordinates":[[80.9389405,26.8441327],[80.9393569,26.8446684]]},"properties":{"subtype":"road","class":"residential","connectors":[{"connector_id":"17969374-9680-45c1-b1b4-fa9179316bd9","at":0.0},{"connector_id":"3fb889ee-bfac-4b25-88d5-eafaf98e345c","at":1.0}],"road_surface":[{"value":"paved","between":null}],"sources":[{"property":"","dataset":"OpenStreetMap","license":"ODbL-1.0","record_id":"w210669978@2","update_time":"2024-04-16T08:43:05Z","confidence":null,"between":null}],"version":1}},
{"id":"806a7d3f-2b60-4049-8d77-2b42c6300803","type":"Feature","geometry":{"type":"LineString","coordinates":[[80.9386012,26.8445435],[80.9384711,26.8444093]]},"properties":{"subtype":"road","class":"unknown","connectors":[{"connector_id":"2160d1a9-4a32-4f00-9441-34dcd807ff8b","at":0.0},{"connector_id":"dd33a1db-7fb4-44f9-90e2-49ed450c6fa3","at":1.0}],"sources":[{"property":"","dataset":"TomTom","license":"ODbL-1.0","record_id":null,"update_time":null,"confidence":null,"between":null}],"version":1}},
{"id":"a094e930-c791-4d10-a35e-5ebc9454f964","type":"Feature","geometry":{"type":"LineString","coordinates":[[80.9384305,26.8440809],[80.9385202,26.8442604],[80.9386846,26.8444481]]},"properties":{"subtype":"road","class":"unknown","connectors":[{"connector_id":"00319e94-98e8-4eaf-b867-d82f55c40291","at":0.0},{"connector_id":"05758293-99a6-4344-817a-50eea4c9a18e","at":1.0}],"sources":[{"property":"","dataset":"TomTom","license":"ODbL-1.0","record_id":null,"update_time":null,"confidence":null,"between":null}],"version":1}},
{"id":"69c2a87f-a21c-4c41-9e37-84925ee6dca4","type":"Feature","geometry":{"type":"LineString","coordinates":[[80.9373066,26.8442274],[80.9373691,26.8443219],[80.9373755,26.8443279],[80.9373839,26.8443294],[80.937395,26.8443256],[80.9374415,26.844307],[80.9374466,26.8443072],[80.9374536,26.8443091],[80.9375006,26.8443667],[80.9375096,26.844371],[80.9375172,26.8443713],[80.9375328,26.8443698],[80.9375423,26.8443734],[80.9375485,26.8443788],[80.9375743,26.8444138],[80.9375863,26.8444304],[80.9375914,26.8444416],[80.9375697,26.844455],[80.937551,26.8444679],[80.9373634,26.8445974]]},"properties":{"subtype":"road","class":"unknown","connectors":[{"connector_id":"ab5f4bf6-3c1f-4489-8b2f-7cef8d7ce134","at":0.0},{"connector_id":"e33bc4c7-dac0-448c-984a-3d6c80adfbe9","at":1.0}],"sources":[{"property":"","dataset":"TomTom","license":"ODbL-1.0","record_id":null,"update_time":null,"confidence":null,"between":null}],"version":1}},
{"id":"b1f6f10e-82c8-4d09-9a39-c8e29e468b8c","type":"Feature","geometry":{"type":"LineString","coordinates":[[80.9371387,26.8443592],[80.9372584,26.8442676],[80.9372991,26.8442337],[80.9373066,26.8442274]]},"properties":{"subtype":"road","class":"unknown","connectors":[{"connector_id":"28c88c89-847c-4053-a3f7-75c5e8131d93","at":0.0},{"connector_id":"ab5f4bf6-3c1f-4489-8b2f-7cef8d7ce134","at":1.0}],"sources":[{"property":"","dataset":"TomTom","license":"ODbL-1.0","record_id":null,"update_time":null,"confidence":null,"between":null}],"version":1}},
{"id":"04ee8435-b93e-4e8e-a12f-f460bb7586a6","type":"Feature","geometry":{"type":"LineString","coordinates":[[80.9378277,26.8446085],[80.9376639,26.8447455],[80.9375741,26.8448207],[80.9373114,26.8450405],[80.9373905,26.845165],[80.9373383,26.8453031]]},"properties":{"subtype":"road","class":"service","connectors":[{"connector_id":"4084b243-a01f-4f38-aa29-5866c7daa663","at":0.0},{"connector_id":"95415634-134d-4f07-bd15-95ad1e164d76","at":0.217780215},{"connector_id":"98e15a7a-d3ed-49c2-b591-c2696b9a76f4","at":0.337242149},{"connector_id":"e43e331c-580f-46a9-abf3-de13d1c5885f","at":1.0}],"road_surface":[{"value":"paved","between":null}],"sources":[{"property":"","dataset":"OpenStreetMap","license":"ODbL-1.0","record_id":"w210670093@2","update_time":"2021-10-20T08:24:55Z","confidence":null,"between":null}],"version":1}},
{"id":"11d21571-a9a0-4e5d-a5ea-0a47e08d0bbd","type":"Feature","geometry":{"type":"LineString","coordinates":[[80.938124,26.8450529],[80.9376639,26.8447455]]},"properties":{"subtype":"road","class":"residential","connectors":[{"connector_id":"cca07bce-04b6-41c7-a034-8d418878b4bf","at":0.0},{"connector_id":"95415634-134d-4f07-bd15-95ad1e164d76","at":1.0}],"sources":[{"property":"","dataset":"OpenStreetMap","license":"ODbL-1.0","record_id":"w994845772@1","update_time":"2021-10-20T08:24:55Z","confidence":null,"between":null}],"version":1}},
{"id":"aa966265-b1dd-43a8-bd39-615f466d88f7","type":"Feature","geometry":{"type":"LineString","coordinates":[[80.9368334,26.8450701],[80.9370041,26.8448816]]},"properties":{"subtype":"road","class":"unknown","connectors":[{"connector_id":"4294c3af-ca10-494b-954c-a8e678c30df4","at":0.0},{"connector_id":"00ae655a-d2d2-4b75-8661-ef015c6220c3","at":1.0}],"sources":[{"property":"","dataset":"TomTom","license":"ODbL-1.0","record_id":null,"update_time":null,"confidence":null,"between":null}],"version":1}},
{"id":"aacf9f97-026e-4037-a153-4eaca8dc86a7","type":"Feature","geometry":{"type":"LineString","coordinates":[[80.9370041,26.8448816],[80.9370883,26.8447886]]},"properties":{"subtype":"road","class":"unknown","connectors":[{"connector_id":"00ae655a-d2d2-4b75-8661-ef015c6220c3","at":0.0},{"connector_id":"64e5841f-9f63-4a08-a4f9-c605c99b5f91","at":1.0}],"sources":[{"property":"","dataset":"TomTom","license":"ODbL-1.0","record_id":null,"update_time":null,"confidence":null,"between":null}],"version":1}},
{"id":"8761aef3-5087-49f5-8793-fbb34d7fb36f","type":"Feature","geometry":{"type":"LineString","coordinates":[[80.9368473,26.8447247],[80.9370041,26.8448816]]},"properties":{"subtype":"road","class":"unknown","connectors":[{"connector_id":"f45e7021-6156-4ee9-9190-0fa12003be4b","at":0.0},{"connector_id":"00ae655a-d2d2-4b75-8661-ef015c6220c3","at":1.0}],"sources":[{"property":"","dataset":"TomTom","license":"ODbL-1.0","record_id":null,"update_time":null,"confidence":null,"between":null}],"version":1}},
{"id":"d5eb35d7-5a10-4cbd-984a-f0e41bd926e3","type":"Feature","geometry":{"type":"LineString","coordinates":[[80.9379261,26.8456948],[80.9377181,26.8455414],[80.9373645,26.8453155],[80.9373383,26.8453031],[80.9372386,26.8452561],[80.9369726,26.8451306],[80.9368334,26.8450701],[80.9365241,26.8449355],[80.9363376,26.8448179],[80.936087,26.8446279],[80.9360502,26.8445957],[80.9356593,26.844253]]},"properties":{"subtype":"road","class":"residential","connectors":[{"connector_id":"74941f9a-10f5-4e27-82f8-640ecf28ced1","at":0.0},{"connector_id":"25a60793-b363-40ac-9342-d612d473b153","at":0.096212657},{"connector_id":"e43e331c-580f-46a9-abf3-de13d1c5885f","at":0.261906965},{"connector_id":"93a62148-fe81-4e37-8741-4b8b9808bedb","at":0.302149914},{"connector_id":"4294c3af-ca10-494b-954c-a8e678c30df4","at":0.464804977},{"connector_id":"f0d2f420-9cb7-4bb3-a345-b397d29e9bdc","at":0.804700691},{"connector_id":"6fc4f35a-2b88-4389-a6a7-5d74bf4a2b62","at":1.0}],"road_surface":[{"value":"paved","between":null}],"sources":[{"property":"","dataset":"OpenStreetMap","license":"ODbL-1.0","record_id":"w210670159@2","update_time":"2024-04-17T06:03:50Z","confidence":null,"between":null}],"version":2}},
{"id":"a7177a04-9e2e-474c-98a8-d38aaa7ac518","type":"Feature","geometry":{"type":"LineString","coordinates":[[80.9354514,26.8451656],[80.9353743,26.8452564],[80.9353445,26.845272],[80.9353004,26.8452783],[80.9352657,26.8452746],[80.9352314,26.8452607],[80.9351948,26.8452369]]},"properties":{"subtype":"road","class":"unknown","connectors":[{"connector_id":"727a7524-923a-417e-9ca4-98684778b1e2","at":0.0},{"connector_id":"18d622be-4eeb-4097-b8b4-33a7b9799fa1","at":1.0}],"sources":[{"property":"","dataset":"TomTom","license":"ODbL-1.0","record_id":null,"update_time":null,"confidence":null,"between":null}],"version":1}},
{"id":"55790f08-8cd3-4292-aae9-75d64cfb4ab3","type":"Feature","geometry":{"type":"LineString","coordinates":[[80.9360502,26.8445957],[80.9361762,26.8444708]]},"properties":{"subtype":"road","class":"unknown","connectors":[{"connector_id":"f0d2f420-9cb7-4bb3-a345-b397d29e9bdc","at":0.0},{"connector_id":"6e7351de-1ffd-442a-9129-6e4ab26c6c72","at":1.0}],"sources":[{"property":"","dataset":"TomTom","license":"ODbL-1.0","record_id":null,"update_time":null,"confidence":null,"between":null}],"version":1}},
{"id":"7c2c5796-400a-4c61-a624-352b428d322b","type":"Feature","geometry":{"type":"LineString","coordinates":[[80.9354038,26.8447943],[80.9356593,26.844253]]},"properties":{"names":{"primary":"Cantonment Road","common":null,"rules":[{"variant":"common","language":null,"perspectives":null,"value":"Cantonment Road","between":null,"side":null}]},"subtype":"road","class":"tertiary","connectors":[{"connector_id":"f6cfa8e4-edf1-4d12-85ae-e311dc8222f7","at":0.0},{"connector_id":"6fc4f35a-2b88-4389-a6a7-5d74bf4a2b62","at":1.0}],"road_surface":[{"value":"paved","between":null}],"sources":[{"property":"","dataset":"OpenStreetMap","license":"ODbL-1.0","record_id":"w210669984@9","update_time":"2024-04-17T07:13:20Z","confidence":null,"between":null}],"version":1}},
{"id":"e22ad1a5-0092-46f9-b616-89242b506cae","type":"Feature","geometry":{"type":"LineString","coordinates":[[80.9375741,26.8448207],[80.9373634,26.8445974],[80.9371387,26.8443592],[80.937047,26.8442619],[80.936628,26.8437176],[80.9365899,26.8436681],[80.9365518,26.8436488],[80.9365272,26.8436571],[80.93633,26.843833],[80.9362899,26.8438413],[80.936256,26.843833],[80.9359509,26.8436263]]},"properties":{"subtype":"road","class":"service","connectors":[{"connector_id":"98e15a7a-d3ed-49c2-b591-c2696b9a76f4","at":0.0},{"connector_id":"e33bc4c7-dac0-448c-984a-3d6c80adfbe9","at":0.134362889},{"connector_id":"28c88c89-847c-4053-a3f7-75c5e8131d93","at":0.277675676},{"connector_id":"f6678f6c-465d-48e5-a903-211a08ee747e","at":0.639991064},{"connector_id":"fb0c3b5f-d5e2-481e-9190-bb794f22325d","at":1.0}],"road_surface":[{"value":"paved","between":null}],"sources":[{"property":"","dataset":"OpenStreetMap","license":"ODbL-1.0","record_id":"w210669952@3","update_time":"2023-07-27T04:27:35Z","confidence":null,"between":null}],"version":2}},
{"id":"ccbfd2d9-5263-4011-9c50-1d1e96551fcd","type":"Feature","geometry":{"type":"LineString","coordinates":[[80.935842,26.8438603],[80.9363538,26.8440585],[80.9367162,26.8444009]]},"properties":{"subtype":"road","class":"service","connectors":[{"connector_id":"a31e8ac0-6deb-49e3-a544-0961af42b47d","at":0.0},{"connector_id":"f2221d46-2598-47f2-a413-d02f2a90296f","at":1.0}],"road_surface":[{"value":"paved","between":null}],"sources":[{"property":"","dataset":"OpenStreetMap","license":"ODbL-1.0","record_id":"w210670023@1","update_time":"2013-03-17T23:31:57Z","confidence":null,"between":null}],"version":1}},
{"id":"cfe69e9b-6ae6-4e5f-b6c5-30f2f8b8f0f6","type":"Feature","geometry":{"type":"LineString","coordinates":[[80.9356593,26.844253],[80.9357406,26.8440782]]},"properties":{"names":{"primary":"Cantonment Road","common":null,"rules":[{"variant":"common","language":null,"perspectives":null,"value":"Cantonment Road","between":null,"side":null}]},"subtype":"road","class":"tertiary","connectors":[{"connector_id":"6fc4f35a-2b88-4389-a6a7-5d74bf4a2b62","at":0.0},{"connector_id":"e9cf4765-3fdb-485c-91cb-78b91631f4d6","at":1.0}],"road_surface":[{"value":"paved","between":null}],"sources":[{"property":"","dataset":"OpenStreetMap","license":"ODbL-1.0","record_id":"w210669984@9","update_time":"2024-04-17T07:13:20Z","confidence":null,"between":null}],"version":1}},
{"id":"5e5fe227-0420-4fbd-8c23-a7ddf7730985","type":"Feature","geometry":{"type":"LineString","coordinates":[[80.9347678,26.8436418],[80.934898,26.8437551],[80.9349762,26.8438072],[80.935401,26.84409],[80.9356593,26.844253]]},"properties":{"subtype":"road","class":"residential","connectors":[{"connector_id":"d3a29786-725b-4c8e-8c56-fff4a758f413","at":0.0},{"connector_id":"e31d3b68-7b10-4abc-badf-b05c0dd546d8","at":0.248132425},{"connector_id":"6fc4f35a-2b88-4389-a6a7-5d74bf4a2b62","at":1.0}],"road_surface":[{"value":"paved","between":null}],"sources":[{"property":"","dataset":"OpenStreetMap","license":"ODbL-1.0","record_id":"w210669912@3","update_time":"2022-08-17T12:29:02Z","confidence":null,"between":null}],"version":1}},
{"id":"6eff9fe6-54ec-4099-8ab3-0e28876ace8f","type":"Feature","geometry":{"type":"LineString","coordinates":[[80.9357406,26.8440782],[80.9354039,26.8439323],[80.9350708,26.8436664],[80.9349003,26.8435304]]},"properties":{"subtype":"road","class":"residential","connectors":[{"connector_id":"e9cf4765-3fdb-485c-91cb-78b91631f4d6","at":0.0},{"connector_id":"0db202c1-7a36-4fdf-8ce9-87d90724f0a9","at":0.78228704},{"connector_id":"633ce915-7f7d-47a5-8f8c-3863450e46f9","at":1.0}],"road_surface":[{"value":"paved","between":null}],"sources":[{"property":"","dataset":"OpenStreetMap","license":"ODbL-1.0","record_id":"w210670082@1","update_time":"2013-03-17T23:32:04Z","confidence":null,"between":null}],"version":2}},
{"id":"38df8fe5-1189-4eb0-a43f-197ba5d0f296","type":"Feature","geometry":{"type":"LineString","coordinates":[[80.9354678,26.8437761],[80.9355998,26.8435602]]},"properties":{"subtype":"road","class":"unknown","connectors":[{"connector_id":"efda81f9-b084-42f8-a0be-f45b02574e83","at":0.0},{"connector_id":"aaa873a3-958a-4bf1-b312-73728aa220d1","at":1.0}],"sources":[{"property":"","dataset":"TomTom","license":"ODbL-1.0","record_id":null,"update_time":null,"confidence":null,"between":null}],"version":1}},
{"id":"40069169-df5e-4f06-8064-ac1772b73780","type":"Feature","geometry":{"type":"LineString","coordinates":[[80.9357406,26.8440782],[80.935842,26.8438603],[80.9359322,26.8436664]]},"properties":{"names":{"primary":"Cantonment Road","common":null,"rules":[{"variant":"common","language":null,"perspectives":null,"value":"Cantonment Road","between":null,"side":null}]},"subtype":"road","class":"tertiary","connectors":[{"connector_id":"e9cf4765-3fdb-485c-91cb-78b91631f4d6","at":0.0},{"connector_id":"a31e8ac0-6deb-49e3-a544-0961af42b47d","at":0.529153235},{"connector_id":"7067f08d-0b80-4721-a057-68d9b3bc8247","at":1.0}],"road_surface":[{"value":"paved","between":null}],"sources":[{"property":"","dataset":"OpenStreetMap","license":"ODbL-1.0","record_id":"w210669984@9","update_time":"2024-04-17T07:13:20Z","confidence":null,"between":null}],"version":1}},
{"id":"30654329-aae7-4d7d-8f27-4b256e525447","type":"Feature","geometry":{"type":"LineString","coordinates":[[80.9359322,26.8436664],[80.9359509,26.8436263],[80.9361397,26.8432206]]},"properties":{"names":{"primary":"Cantonment Road","common":null,"rules":[{"variant":"common","language":null,"perspectives":null,"value":"Cantonment Road","between":null,"side":null}]},"subtype":"road","class":"tertiary","connectors":[{"connector_id":"7067f08d-0b80-4721-a057-68d9b3bc8247","at":0.0},{"connector_id":"fb0c3b5f-d5e2-481e-9190-bb794f22325d","at":0.089975859},{"connector_id":"8a871c1d-2602-417a-8df7-cbb37eb5176c","at":1.0}],"road_surface":[{"value":"paved","between":null}],"sources":[{"property":"","dataset":"OpenStreetMap","license":"ODbL-1.0","record_id":"w210669984@9","update_time":"2024-04-17T07:13:20Z","confidence":null,"between":null}],"version":1}},
{"id":"8922aa8c-2912-4dc9-ac54-c8a38624df02","type":"Feature","geometry":{"type":"LineString","coordinates":[[80.9350708,26.8436664],[80.9352995,26.8433764],[80.9354339,26.8432027]]},"properties":{"subtype":"road","class":"unknown","connectors":[{"connector_id":"0db202c1-7a36-4fdf-8ce9-87d90724f0a9","at":0.0},{"connector_id":"1d7536b4-e2a7-49b4-9815-74a7ae79da3c","at":0.626871932},{"connector_id":"302c727f-0a37-43b5-bdab-2625d847e36a","at":1.0}],"sources":[{"property":"","dataset":"TomTom","license":"ODbL-1.0","record_id":null,"update_time":null,"confidence":null,"between":null}],"version":1}},
{"id":"e6ddbfe7-4cf5-46d5-8c8b-4612eefc10eb","type":"Feature","geometry":{"type":"LineString","coordinates":[[80.9351122,26.8432618],[80.9352995,26.8433764],[80.9355998,26.8435602],[80.9359322,26.8436664]]},"properties":{"subtype":"road","class":"residential","connectors":[{"connector_id":"4035ef7b-ca74-41a6-984a-79acd9e7d6d4","at":0.0},{"connector_id":"1d7536b4-e2a7-49b4-9815-74a7ae79da3c","at":0.240395725},{"connector_id":"aaa873a3-958a-4bf1-b312-73728aa220d1","at":0.625864703},{"connector_id":"7067f08d-0b80-4721-a057-68d9b3bc8247","at":1.0}],"road_surface":[{"value":"paved","between":null}],"sources":[{"property":"","dataset":"OpenStreetMap","license":"ODbL-1.0","record_id":"w210670091@1","update_time":"2013-03-17T23:32:05Z","confidence":null,"between":null}],"version":2}},
{"id":"749c1b8c-3e80-413b-ab46-938ef88b0df1","type":"Feature","geometry":{"type":"LineString","coordinates":[[80.9354339,26.8432027],[80.9356215,26.8433236]]},"properties":{"subtype":"road","class":"unknown","connectors":[{"connector_id":"302c727f-0a37-43b5-bdab-2625d847e36a","at":0.0},{"connector_id":"e9329a46-cabd-4163-8765-215861659c5e","at":1.0}],"sources":[{"property":"","dataset":"TomTom","license":"ODbL-1.0","record_id":null,"update_time":null,"confidence":null,"between":null}],"version":1}},
{"id":"a4425a61-424a-47b8-8996-551633de4900","type":"Feature","geometry":{"type":"LineString","coordinates":[[80.9354339,26.8432027],[80.9356034,26.8429795]]},"properties":{"subtype":"road","class":"unknown","connectors":[{"connector_id":"302c727f-0a37-43b5-bdab-2625d847e36a","at":0.0},{"connector_id":"8783bb4a-13d6-4463-a345-9783a679ec59","at":1.0}],"sources":[{"property":"","dataset":"TomTom","license":"ODbL-1.0","record_id":null,"update_time":null,"confidence":null,"between":null}],"version":1}},
{"id":"5e058d1b-7672-43b7-ace7-ec6c2103c55c","type":"Feature","geometry":{"type":"LineString","coordinates":[[80.9361397,26.8432206],[80.9362649,26.8429289]]},"properties":{"names":{"primary":"Cantonment Road","common":null,"rules":[{"variant":"common","language":null,"perspectives":null,"value":"Cantonment Road","between":null,"side":null}]},"subtype":"road","class":"tertiary","connectors":[{"connector_id":"8a871c1d-2602-417a-8df7-cbb37eb5176c","at":0.0},{"connector_id":"b9ba9302-c5a2-4e50-a190-463aca9a1dbc","at":1.0}],"road_surface":[{"value":"paved","between":null}],"sources":[{"property":"","dataset":"OpenStreetMap","license":"ODbL-1.0","record_id":"w210669984@9","update_time":"2024-04-17T07:13:20Z","confidence":null,"between":null}],"version":1}},
{"id":"cd9bcdcb-448b-4c22-9fb0-56c9d2e6b9c4","type":"Feature","geometry":{"type":"LineString","coordinates":[[80.9361397,26.8432206],[80.9364973,26.8434281]]},"properties":{"subtype":"road","class":"residential","connectors":[{"connector_id":"8a871c1d-2602-417a-8df7-cbb37eb5176c","at":0.0},{"connector_id":"5b27d463-5a2e-47cf-8922-5c94f5394d2e","at":1.0}],"sources":[{"property":"","dataset":"OpenStreetMap","license":"ODbL-1.0","record_id":"w994845771@1","update_time":"2021-10-20T08:24:55Z","confidence":null,"between":null}],"version":1}},
{"id":"ff65948a-cb4b-473b-98ef-ecf8a9c370e1","type":"Feature","geometry":{"type":"LineString","coordinates":[[80.936628,26.8437176],[80.936827,26.843554],[80.9368887,26.8434654],[80.936984,26.8433968],[80.9370442,26.8433314],[80.9371132,26.8432636]]},"properties":{"subtype":"road","class":"service","connectors":[{"connector_id":"f6678f6c-465d-48e5-a903-211a08ee747e","at":0.0},{"connector_id":"6d8535e8-0c52-44d3-99fd-7f29f7b43812","at":0.38262669},{"connector_id":"7b8f61fb-0e95-44de-beed-b59c5af91f9a","at":0.7209091},{"connector_id":"64627326-63e3-430d-8e46-e6fa442dfe52","at":1.0}],"sources":[{"property":"","dataset":"OpenStreetMap","license":"ODbL-1.0","record_id":"w1192557256@1","update_time":"2023-07-27T04:27:35Z","confidence":null,"between":null}],"version":1}},
{"id":"a924c4f4-a820-437f-9c4c-643e582d1c00","type":"Feature","geometry":{"type":"LineString","coordinates":[[80.936827,26.843554],[80.9370389,26.8437789],[80.9370808,26.8438011],[80.9371167,26.8438028],[80.9371676,26.8437765],[80.9371998,26.8437358],[80.9372105,26.8437023],[80.9372101,26.8436508],[80.9370567,26.8434734],[80.936984,26.8433968]]},"properties":{"subtype":"road","class":"service","connectors":[{"connector_id":"6d8535e8-0c52-44d3-99fd-7f29f7b43812","at":0.0},{"connector_id":"1e037c12-52df-46ea-84e2-1ccd39423001","at":0.632403587},{"connector_id":"7b8f61fb-0e95-44de-beed-b59c5af91f9a","at":1.0}],"sources":[{"property":"","dataset":"OpenStreetMap","license":"ODbL-1.0","record_id":"w1192557257@1","update_time":"2023-07-27T04:27:35Z","confidence":null,"between":null}],"version":1}},
{"id":"043e863d-877e-42b8-b5c4-82af76ef3ca9","type":"Feature","geometry":{"type":"LineString","coordinates":[[80.9377836,26.8433652],[80.9378478,26.8436222]]},"properties":{"subtype":"road","class":"unknown","connectors":[{"connector_id":"e4ec6de4-277c-40f5-b100-179ce9db6d8d","at":0.0},{"connector_id":"e0c30565-fb1e-4977-868b-cac4e1dce611","at":1.0}],"sources":[{"property":"","dataset":"TomTom","license":"ODbL-1.0","record_id":null,"update_time":null,"confidence":null,"between":null}],"version":1}},
{"id":"f7c7f493-1221-45f6-8f84-6b07073a2a7c","type":"Feature","geometry":{"type":"LineString","coordinates":[[80.9375492,26.8432356],[80.9373804,26.8432958],[80.9373625,26.8433312],[80.9373742,26.8433645],[80.9374266,26.843458],[80.9374395,26.843504],[80.9374328,26.8435405],[80.9374169,26.843591],[80.9373711,26.8436147],[80.9372101,26.8436508]]},"properties":{"subtype":"road","class":"service","connectors":[{"connector_id":"2a25104a-81fb-4d81-900d-a83ae82fa177","at":0.0},{"connector_id":"1e037c12-52df-46ea-84e2-1ccd39423001","at":1.0}],"sources":[{"property":"","dataset":"OpenStreetMap","license":"ODbL-1.0","record_id":"w1192557258@1","update_time":"2023-07-27T04:27:35Z","confidence":null,"between":null}],"version":1}},
{"id":"3cfaea46-42b6-43d1-83c9-5c12777412b6","type":"Feature","geometry":{"type":"LineString","coordinates":[[80.9372432,26.8441369],[80.9373066,26.8442274]]},"properties":{"subtype":"road","class":"unknown","connectors":[{"connector_id":"d5d43e79-d7a6-4bb4-880d-cb666fa0c115","at":0.0},{"connector_id":"ab5f4bf6-3c1f-4489-8b2f-7cef8d7ce134","at":1.0}],"sources":[{"property":"","dataset":"TomTom","license":"ODbL-1.0","record_id":null,"update_time":null,"confidence":null,"between":null}],"version":1}},
{"id":"d239af4c-01f5-486f-ac93-7bec25f26015","type":"Feature","geometry":{"type":"LineString","coordinates":[[80.9375281,26.8431559],[80.9375492,26.8432356],[80.9376283,26.8435341],[80.9377115,26.8437056],[80.9379862,26.8440726],[80.9380093,26.8441009],[80.938131,26.8443479],[80.9382441,26.8445328],[80.9384294,26.8447269]]},"properties":{"subtype":"road","class":"service","connectors":[{"connector_id":"22b669a3-11ee-4563-98b3-c9e13fb9ca64","at":0.0},{"connector_id":"2a25104a-81fb-4d81-900d-a83ae82fa177","at":0.045778979},{"connector_id":"522222c9-6a05-4cb3-907e-04300cdf1c30","at":1.0}],"road_surface":[{"value":"paved","between":null}],"sources":[{"property":"","dataset":"OpenStreetMap","license":"ODbL-1.0","record_id":"w210670113@2","update_time":"2023-07-27T04:27:35Z","confidence":null,"between":null}],"version":1}},
{"id":"4f38d84a-338e-483d-884f-40706cbb448b","type":"Feature","geometry":{"type":"LineString","coordinates":[[80.9404918,26.8420381],[80.9401279,26.8425576],[80.9399733,26.8428881],[80.9397646,26.8431785],[80.9397161,26.843246],[80.9396551,26.8433016],[80.939471,26.8434694],[80.9394337,26.8435693],[80.9391632,26.8438582],[80.9389405,26.8441327],[80.9386846,26.8444481],[80.9386462,26.8444954],[80.9386012,26.8445435],[80.9384294,26.8447269],[80.938124,26.8450529],[80.9377181,26.8455414]]},"properties":{"subtype":"road","class":"service","connectors":[{"connector_id":"f1c035c6-72be-4975-9511-17c166f3aae4","at":0.0},{"connector_id":"4fcd9dc7-53f3-41c5-b6e5-e66897d14030","at":0.225023256},{"connector_id":"37dc5b81-eb35-492b-8e89-ea6572b80fea","at":0.305014719},{"connector_id":"82a9c621-dc40-4e04-af36-e20ac9b38203","at":0.341667034},{"connector_id":"1ecff537-9217-4179-b9e4-ed45e4a08dfe","at":0.420564385},{"connector_id":"8c8e9e83-5105-4716-8d68-6d037500c085","at":0.507910134},{"connector_id":"17969374-9680-45c1-b1b4-fa9179316bd9","at":0.586508247},{"connector_id":"05758293-99a6-4344-817a-50eea4c9a18e","at":0.67681947},{"connector_id":"2160d1a9-4a32-4f00-9441-34dcd807ff8b","at":0.704903698},{"connector_id":"522222c9-6a05-4cb3-907e-04300cdf1c30","at":0.76036328},{"connector_id":"cca07bce-04b6-41c7-a034-8d418878b4bf","at":0.858947156},{"connector_id":"25a60793-b363-40ac-9342-d612d473b153","at":1.0}],"road_surface":[{"value":"paved","between":null}],"sources":[{"property":"","dataset":"OpenStreetMap","license":"ODbL-1.0","record_id":"w210669900@1","update_time":"2015-01-12T05:42:37Z","confidence":null,"between":null}],"version":3}},
{"id":"dbfbadf0-4143-46ea-a6d6-db3bb6d7da2b","type":"Feature","geometry":{"type":"LineString","coordinates":[[80.9387345,26.843156],[80.9386325,26.8431846],[80.9384662,26.8432707]]},"properties":{"subtype":"road","class":"unknown","connectors":[{"connector_id":"1f9856fb-6444-40be-920c-a07a6c32ba55","at":0.0},{"connector_id":"1dd2206c-cdb2-443c-8c88-71a8cb2b1773","at":1.0}],"sources":[{"property":"","dataset":"TomTom","license":"ODbL-1.0","record_id":null,"update_time":null,"confidence":null,"between":null}],"version":1}},
{"id":"8337c30b-3586-408d-8e34-a092a7164264","type":"Feature","geometry":{"type":"LineString","coordinates":[[80.9387345,26.843156],[80.9388096,26.843315]]},"properties":{"subtype":"road","class":"unknown","connectors":[{"connector_id":"1f9856fb-6444-40be-920c-a07a6c32ba55","at":0.0},{"connector_id":"f949d7f0-23a5-4da2-943c-4b49d8cdfdc5","at":1.0}],"sources":[{"property":"","dataset":"TomTom","license":"ODbL-1.0","record_id":null,"update_time":null,"confidence":null,"between":null}],"version":1}},
{"id":"09d11d98-a1ba-47e7-9881-71b48bb25ca3","type":"Feature","geometry":{"type":"LineString","coordinates":[[80.939281,26.8431334],[80.9391818,26.8431999],[80.9391328,26.8432085],[80.9390145,26.8431989],[80.9387774,26.8431578],[80.9387345,26.843156]]},"properties":{"subtype":"road","class":"unknown","connectors":[{"connector_id":"a4e32d39-ce30-4566-b896-24f92cded815","at":0.0},{"connector_id":"1f9856fb-6444-40be-920c-a07a6c32ba55","at":1.0}],"sources":[{"property":"","dataset":"TomTom","license":"ODbL-1.0","record_id":null,"update_time":null,"confidence":null,"between":null}],"version":1}},
{"id":"dca2b511-9e2e-4e30-b51b-9725cb27f2b0","type":"Feature","geometry":{"type":"LineString","coordinates":[[80.9380158,26.8427783],[80.9380663,26.8427862],[80.9381548,26.842797],[80.9382943,26.8428162],[80.938372,26.842815],[80.9384538,26.842785],[80.93871,26.8426103]]},"properties":{"subtype":"road","class":"unknown","connectors":[{"connector_id":"6508444a-fa7a-4eb1-9b08-911d9f615f69","at":0.0},{"connector_id":"accd3fed-edad-4650-abd3-5457eccba277","at":1.0}],"sources":[{"property":"","dataset":"TomTom","license":"ODbL-1.0","record_id":null,"update_time":null,"confidence":null,"between":null}],"version":1}},
{"id":"d6e6fa77-554e-46d3-a9ca-7018dbe69df1","type":"Feature","geometry":{"type":"LineString","coordinates":[[80.9376901,26.8427812],[80.9377976,26.843007],[80.9378477,26.8431267],[80.9378687,26.8431523],[80.9379122,26.8431579],[80.9380094,26.8431196],[80.9380801,26.8430895],[80.938108,26.8430845],[80.9381286,26.8430915],[80.9381927,26.8432197]]},"properties":{"subtype":"road","class":"unknown","connectors":[{"connector_id":"98de04f2-a23b-4a41-b91f-f03e550de3f0","at":0.0},{"connector_id":"190a2057-e7d2-46ab-9adb-2b8020c7ecb9","at":1.0}],"sources":[{"property":"","dataset":"TomTom","license":"ODbL-1.0","record_id":null,"update_time":null,"confidence":null,"between":null}],"version":1}},
{"id":"a964da03-a7f5-47ed-bc2d-2e22516ac33d","type":"Feature","geometry":{"type":"LineString","coordinates":[[80.9366374,26.8421452],[80.9369197,26.8423672],[80.9371961,26.8425845],[80.9374205,26.8427609],[80.9375016,26.8428475],[80.9375697,26.8429202],[80.9377658,26.8433417],[80.9377836,26.8433652],[80.9378374,26.8433575],[80.9381927,26.8432197],[80.9383057,26.8431759],[80.9383328,26.8431825],[80.9383536,26.8431992],[80.9385301,26.8436284],[80.9385517,26.8436406],[80.9385754,26.843645],[80.9388954,26.8434992],[80.9391632,26.8438582]]},"properties":{"subtype":"road","class":"residential","connectors":[{"connector_id":"82eb72a5-688e-463a-a8dd-6736e155fac7","at":0.0},{"connector_id":"62df736d-227b-43bc-bb6a-f301d4134dff","at":0.097895646},{"connector_id":"76d86e45-1b26-45f4-adf7-5fe5adbbc9c8","at":0.193733649},{"connector_id":"be8ac500-380c-4736-8a22-e9103d9f7303","at":0.271537696},{"connector_id":"08ab39f1-bae8-4345-abba-ce749cd881aa","at":0.304415653},{"connector_id":"e4ec6de4-277c-40f5-b100-179ce9db6d8d","at":0.47304762},{"connector_id":"190a2057-e7d2-46ab-9adb-2b8020c7ecb9","at":0.588191193},{"connector_id":"8c8e9e83-5105-4716-8d68-6d037500c085","at":1.0}],"road_surface":[{"value":"paved","between":null}],"sources":[{"property":"","dataset":"OpenStreetMap","license":"ODbL-1.0","record_id":"w210670151@4","update_time":"2024-04-17T07:13:20Z","confidence":null,"between":null}],"version":4}},
{"id":"e9d08381-cffe-411d-a3b1-0abc52ce656c","type":"Feature","geometry":{"type":"LineString","coordinates":[[80.9375016,26.8428475],[80.9371873,26.8431361]]},"properties":{"subtype":"road","class":"unknown","connectors":[{"connector_id":"08ab39f1-bae8-4345-abba-ce749cd881aa","at":0.0},{"connector_id":"6961150f-46f7-4e36-a97e-7d3e72cc21d4","at":1.0}],"sources":[{"property":"","dataset":"TomTom","license":"ODbL-1.0","record_id":null,"update_time":null,"confidence":null,"between":null}],"version":1}},
{"id":"16642b4a-de55-4dbc-a778-0387bc8e792d","type":"Feature","geometry":{"type":"LineString","coordinates":[[80.9374205,26.8427609],[80.9376901,26.8427812]]},"properties":{"subtype":"road","class":"unknown","connectors":[{"connector_id":"be8ac500-380c-4736-8a22-e9103d9f7303","at":0.0},{"connector_id":"98de04f2-a23b-4a41-b91f-f03e550de3f0","at":1.0}],"sources":[{"property":"","dataset":"TomTom","license":"ODbL-1.0","record_id":null,"update_time":null,"confidence":null,"between":null}],"version":1}},
{"id":"619325a6-7d65-45f2-b115-617c2ddc7ead","type":"Feature","geometry":{"type":"LineString","coordinates":[[80.9378286,26.8424869],[80.9377549,26.8425346],[80.9377378,26.8425524],[80.9377344,26.8425676],[80.9377293,26.8425871],[80.9377295,26.8426086],[80.9377338,26.8426281]]},"properties":{"subtype":"road","class":"unknown","connectors":[{"connector_id":"11d1be03-9057-4bf8-9920-c08ead8fcd3c","at":0.0},{"connector_id":"54a2be28-b37b-4eef-b4a9-a5ceae75e322","at":1.0}],"sources":[{"property":"","dataset":"TomTom","license":"ODbL-1.0","record_id":null,"update_time":null,"confidence":null,"between":null}],"version":1}},
{"id":"1e7b731e-929a-454c-9dea-5a2ec122a0f2","type":"Feature","geometry":{"type":"LineString","coordinates":[[80.9376901,26.8427812],[80.9380158,26.8427783]]},"properties":{"subtype":"road","class":"unknown","connectors":[{"connector_id":"98de04f2-a23b-4a41-b91f-f03e550de3f0","at":0.0},{"connector_id":"6508444a-fa7a-4eb1-9b08-911d9f615f69","at":1.0}],"sources":[{"property":"","dataset":"TomTom","license":"ODbL-1.0","record_id":null,"update_time":null,"confidence":null,"between":null}],"version":1}},
{"id":"e960953c-1368-4d03-a2a8-ec3f1d53626e","type":"Feature","geometry":{"type":"LineString","coordinates":[[80.9380158,26.8427783],[80.9379776,26.8427209],[80.9378286,26.8424869]]},"properties":{"subtype":"road","class":"unknown","connectors":[{"connector_id":"6508444a-fa7a-4eb1-9b08-911d9f615f69","at":0.0},{"connector_id":"11d1be03-9057-4bf8-9920-c08ead8fcd3c","at":1.0}],"sources":[{"property":"","dataset":"TomTom","license":"ODbL-1.0","record_id":null,"update_time":null,"confidence":null,"between":null}],"version":1}},
{"id":"f030d89c-a08c-48ca-93a1-e54034dc7de3","type":"Feature","geometry":{"type":"LineString","coordinates":[[80.9376164,26.8422116],[80.9378003,26.842439],[80.9378286,26.8424869]]},"properties":{"subtype":"road","class":"unknown","connectors":[{"connector_id":"cee92497-240c-4aa4-9912-f6a0d8ae9162","at":0.0},{"connector_id":"11d1be03-9057-4bf8-9920-c08ead8fcd3c","at":1.0}],"sources":[{"property":"","dataset":"TomTom","license":"ODbL-1.0","record_id":null,"update_time":null,"confidence":null,"between":null}],"version":1}},
{"id":"d7f5bcd8-5bb4-4cca-8f80-ed655da6c791","type":"Feature","geometry":{"type":"LineString","coordinates":[[80.9371961,26.8425845],[80.9376137,26.8422475],[80.9376164,26.8422116],[80.9376063,26.8421757],[80.9374528,26.8419998],[80.9374192,26.8419866],[80.9373951,26.8419854],[80.9369197,26.8423672]]},"properties":{"subtype":"road","class":"service","connectors":[{"connector_id":"76d86e45-1b26-45f4-adf7-5fe5adbbc9c8","at":0.0},{"connector_id":"cee92497-240c-4aa4-9912-f6a0d8ae9162","at":0.378261257},{"connector_id":"62df736d-227b-43bc-bb6a-f301d4134dff","at":1.0}],"sources":[{"property":"","dataset":"OpenStreetMap","license":"ODbL-1.0","record_id":"w734378491@2","update_time":"2019-10-17T01:01:31Z","confidence":null,"between":null}],"version":2}},
{"id":"4ca95731-17c4-4c74-9373-c0f20b9abef6","type":"Feature","geometry":{"type":"LineString","coordinates":[[80.9391602,26.8413545],[80.9389788,26.8414944],[80.9386691,26.8417333],[80.9380066,26.8421541],[80.9382775,26.8425442],[80.9389897,26.8421673]]},"properties":{"subtype":"road","class":"service","connectors":[{"connector_id":"9480f520-3e6f-4077-8e59-c1e2a50f0b90","at":0.0},{"connector_id":"975eb34e-8542-48c1-8a6b-cb7fb37b04ce","at":0.085477505},{"connector_id":"5e815064-188f-4dd2-b66a-26c4b70d5098","at":0.231424622},{"connector_id":"71cc97ca-f860-48c8-833e-cd6b40a0e831","at":1.0}],"sources":[{"property":"","dataset":"OpenStreetMap","license":"ODbL-1.0","record_id":"w734378492@2","update_time":"2024-04-16T08:16:42Z","confidence":null,"between":null}],"version":2}},
{"id":"f5fea20c-9311-4772-aa75-42f1951dd9b3","type":"Feature","geometry":{"type":"LineString","coordinates":[[80.9389897,26.8421673],[80.9386691,26.8417333]]},"properties":{"subtype":"road","class":"service","connectors":[{"connector_id":"71cc97ca-f860-48c8-833e-cd6b40a0e831","at":0.0},{"connector_id":"5e815064-188f-4dd2-b66a-26c4b70d5098","at":1.0}],"sources":[{"property":"","dataset":"OpenStreetMap","license":"ODbL-1.0","record_id":"w734378492@2","update_time":"2024-04-16T08:16:42Z","confidence":null,"between":null}],"version":1}},
{"id":"3bd71897-08e4-4b9b-a5cf-33e4470bbfa1","type":"Feature","geometry":{"type":"LineString","coordinates":[[80.9387086,26.8411709],[80.9381357,26.8416604],[80.9380844,26.8417042],[80.9380334,26.8417796]]},"properties":{"subtype":"road","class":"service","connectors":[{"connector_id":"b1fc854e-e474-4bf2-866a-eb6a94643d2b","at":0.0},{"connector_id":"f27040ca-4134-44fe-a974-61ff95a16fb8","at":0.823874909},{"connector_id":"2ac439b5-6dbf-4824-9dbc-d726326fcf3a","at":1.0}],"road_surface":[{"value":"paving_stones","between":null}],"sources":[{"property":"","dataset":"OpenStreetMap","license":"ODbL-1.0","record_id":"w734378490@2","update_time":"2023-10-01T14:39:53Z","confidence":null,"between":null}],"version":2}},
{"id":"d6e90165-d861-4fbe-a7cd-19a239af135e","type":"Feature","geometry":{"type":"LineString","coordinates":[[80.9389341,26.8411028],[80.9390048,26.8409529],[80.939055,26.8407951],[80.9390822,26.8407764],[80.939117,26.8407654]]},"properties":{"subtype":"road","class":"unknown","connectors":[{"connector_id":"f00da363-bbec-4b09-a0b5-428fa3c16f0d","at":0.0},{"connector_id":"c5486b49-d267-4c1f-900a-afec23d5e907","at":1.0}],"sources":[{"property":"","dataset":"TomTom","license":"ODbL-1.0","record_id":null,"update_time":null,"confidence":null,"between":null}],"version":1}},
{"id":"1d8032db-2627-4c7d-993d-bfb1bcf2bc1b","type":"Feature","geometry":{"type":"LineString","coordinates":[[80.9375828,26.8415319],[80.938075,26.8411645],[80.9380844,26.8410844],[80.9377411,26.8409588],[80.9376864,26.8409386],[80.9376177,26.8409132],[80.9375668,26.84093],[80.9375373,26.8409803],[80.9374648,26.8411382],[80.9373311,26.8413296]]},"properties":{"subtype":"road","class":"service","connectors":[{"connector_id":"7c500b3d-c874-4ee8-adad-251fbc2c98ed","at":0.0},{"connector_id":"387cab52-5509-4b8d-a7f4-baefe6bab5ee","at":0.646578425},{"connector_id":"a85faada-561d-4893-8cb7-8e0c339123e7","at":1.0}],"sources":[{"property":"","dataset":"OpenStreetMap","license":"ODbL-1.0","record_id":"w734378489@2","update_time":"2019-10-17T01:01:31Z","confidence":null,"between":null}],"version":1}},
{"id":"a122a493-cc72-4697-b7c4-49e1920004df","type":"Feature","geometry":{"type":"LineString","coordinates":[[80.9376864,26.8409386],[80.9377441,26.8408016]]},"properties":{"subtype":"road","class":"service","connectors":[{"connector_id":"387cab52-5509-4b8d-a7f4-baefe6bab5ee","at":0.0},{"connector_id":"da807ca8-d6eb-4941-9f74-33a015da7600","at":1.0}],"road_surface":[{"value":"paving_stones","between":null}],"sources":[{"property":"","dataset":"OpenStreetMap","license":"ODbL-1.0","record_id":"w735361738@2","update_time":"2023-10-01T14:39:41Z","confidence":null,"between":null}],"version":1}},
{"id":"94b69734-3b1c-4cae-bedd-7982386baa95","type":"Feature","geometry":{"type":"LineString","coordinates":[[80.9370236,26.8412916],[80.9372124,26.8408742],[80.9372587,26.84076],[80.9373079,26.8406388]]},"properties":{"names":{"primary":"Cantonment Road","common":null,"rules":[{"variant":"common","language":null,"perspectives":null,"value":"Cantonment Road","between":null,"side":null}]},"subtype":"road","class":"tertiary","connectors":[{"connector_id":"2b182152-f5a0-46d5-b63d-4ed1e5a7933a","at":0.0},{"connector_id":"672030f4-1750-441b-b79e-46fbea8d418f","at":1.0}],"road_surface":[{"value":"paved","between":null}],"access_restrictions":[{"access_type":"denied","when":{"during":null,"heading":"backward","using":null,"recognized":null,"mode":null,"vehicle":null},"between":null}],"sources":[{"property":"","dataset":"OpenStreetMap","license":"ODbL-1.0","record_id":"w1273266278@1","update_time":"2025-06-12T06:37:05Z","confidence":null,"between":null}],"version":1}},
{"id":"8c31ec80-88ea-4201-a2c9-994d81246406","type":"Feature","geometry":{"type":"LineString","coordinates":[[80.9379622,26.841483],[80.9381357,26.8416604],[80.9382599,26.8417762]]},"properties":{"subtype":"road","class":"unknown","connectors":[{"connector_id":"b8776432-4c97-49c9-8301-cc4e83206c29","at":0.0},{"connector_id":"f27040ca-4134-44fe-a974-61ff95a16fb8","at":0.594912532},{"connector_id":"49d64367-39f6-4baf-b9d8-f216bbeb8f29","at":1.0}],"sources":[{"property":"","dataset":"TomTom","license":"ODbL-1.0","record_id":null,"update_time":null,"confidence":null,"between":null}],"version":1}},
{"id":"ac3b332a-ca4e-4a91-81af-96c4445cd8e1","type":"Feature","geometry":{"type":"LineString","coordinates":[[80.9370236,26.8412916],[80.9371135,26.8413452],[80.937481,26.841705],[80.9377862,26.842164]]},"properties":{"subtype":"road","class":"residential","connectors":[{"connector_id":"2b182152-f5a0-46d5-b63d-4ed1e5a7933a","at":0.0},{"connector_id":"505280dd-9ce2-421e-9ce9-28dbb2445d35","at":1.0}],"road_surface":[{"value":"paved","between":null}],"sources":[{"property":"","dataset":"OpenStreetMap","license":"ODbL-1.0","record_id":"w210670059@2","update_time":"2024-04-17T07:13:20Z","confidence":null,"between":null}],"version":1}},
{"id":"e6283a2c-8967-431f-9539-bed9e18dd81a","type":"Feature","geometry":{"type":"LineString","coordinates":[[80.9368488,26.8414476],[80.9365649,26.842105]]},"properties":{"subtype":"road","class":"tertiary","connectors":[{"connector_id":"bbe1d9da-51c0-4fed-8b34-9b9343b1f9fa","at":0.0},{"connector_id":"3e18d2af-dd8f-4d7b-8e0e-3c2574241e03","at":1.0}],"access_restrictions":[{"access_type":"denied","when":{"during":null,"heading":"backward","using":null,"recognized":null,"mode":null,"vehicle":null},"between":null}],"sources":[{"property":"","dataset":"OpenStreetMap","license":"ODbL-1.0","record_id":"w1273266277@2","update_time":"2026-01-13T12:18:15Z","confidence":null,"between":null}],"version":1}},
{"id":"a165f653-d71f-407c-a72a-0645933e3a8f","type":"Feature","geometry":{"type":"LineString","coordinates":[[80.9366374,26.8421452],[80.9369417,26.8414727]]},"properties":{"names":{"primary":"Cantonment Road","common":null,"rules":[{"variant":"common","language":null,"perspectives":null,"value":"Cantonment Road","between":null,"side":null}]},"subtype":"road","class":"tertiary","connectors":[{"connector_id":"82eb72a5-688e-463a-a8dd-6736e155fac7","at":0.0},{"connector_id":"85dc61a0-6089-4ccf-ba60-73e68533621a","at":1.0}],"road_surface":[{"value":"paved","between":null}],"access_restrictions":[{"access_type":"denied","when":{"during":null,"heading":"backward","using":null,"recognized":null,"mode":null,"vehicle":null},"between":null}],"sources":[{"property":"","dataset":"OpenStreetMap","license":"ODbL-1.0","record_id":"w1273266278@1","update_time":"2025-06-12T06:37:05Z","confidence":null,"between":null}],"version":1}},
{"id":"b3e17995-e4c9-4bbb-b40a-85915c68db15","type":"Feature","geometry":{"type":"LineString","coordinates":[[80.9368488,26.8414476],[80.9369417,26.8414727]]},"properties":{"subtype":"road","class":"residential","connectors":[{"connector_id":"bbe1d9da-51c0-4fed-8b34-9b9343b1f9fa","at":0.0},{"connector_id":"85dc61a0-6089-4ccf-ba60-73e68533621a","at":1.0}],"road_surface":[{"value":"paved","between":null}],"sources":[{"property":"","dataset":"OpenStreetMap","license":"ODbL-1.0","record_id":"w210670126@3","update_time":"2024-04-17T07:13:20Z","confidence":null,"between":null}],"version":1}},
{"id":"9def11e7-ba8f-48f4-9bbd-e7ba5198068c","type":"Feature","geometry":{"type":"LineString","coordinates":[[80.9369417,26.8414727],[80.9370236,26.8412916]]},"properties":{"names":{"primary":"Cantonment Road","common":null,"rules":[{"variant":"common","language":null,"perspectives":null,"value":"Cantonment Road","between":null,"side":null}]},"subtype":"road","class":"tertiary","connectors":[{"connector_id":"85dc61a0-6089-4ccf-ba60-73e68533621a","at":0.0},{"connector_id":"2b182152-f5a0-46d5-b63d-4ed1e5a7933a","at":1.0}],"road_surface":[{"value":"paved","between":null}],"access_restrictions":[{"access_type":"denied","when":{"during":null,"heading":"backward","using":null,"recognized":null,"mode":null,"vehicle":null},"between":null}],"sources":[{"property":"","dataset":"OpenStreetMap","license":"ODbL-1.0","record_id":"w1273266278@1","update_time":"2025-06-12T06:37:05Z","confidence":null,"between":null}],"version":1}},
{"id":"2a43d55d-ef35-4de0-9591-02d85869853e","type":"Feature","geometry":{"type":"LineString","coordinates":[[80.9369341,26.8412515],[80.9370236,26.8412916]]},"properties":{"subtype":"road","class":"residential","connectors":[{"connector_id":"97efb405-3fe1-4110-a891-6b85f0c7f447","at":0.0},{"connector_id":"2b182152-f5a0-46d5-b63d-4ed1e5a7933a","at":1.0}],"road_surface":[{"value":"paved","between":null}],"sources":[{"property":"","dataset":"OpenStreetMap","license":"ODbL-1.0","record_id":"w210670059@2","update_time":"2024-04-17T07:13:20Z","confidence":null,"between":null}],"version":1}},
{"id":"27902af8-707e-44f2-8e6d-98cbca22128e","type":"Feature","geometry":{"type":"LineString","coordinates":[[80.9369341,26.8412515],[80.9368488,26.8414476]]},"properties":{"subtype":"road","class":"tertiary","connectors":[{"connector_id":"97efb405-3fe1-4110-a891-6b85f0c7f447","at":0.0},{"connector_id":"bbe1d9da-51c0-4fed-8b34-9b9343b1f9fa","at":1.0}],"access_restrictions":[{"access_type":"denied","when":{"during":null,"heading":"backward","using":null,"recognized":null,"mode":null,"vehicle":null},"between":null}],"sources":[{"property":"","dataset":"OpenStreetMap","license":"ODbL-1.0","record_id":"w1273266277@2","update_time":"2026-01-13T12:18:15Z","confidence":null,"between":null}],"version":1}},
{"id":"4a06dafa-695f-453f-8f14-6f576d93fc53","type":"Feature","geometry":{"type":"LineString","coordinates":[[80.937214,26.8406082],[80.9369341,26.8412515]]},"properties":{"subtype":"road","class":"tertiary","connectors":[{"connector_id":"a5f41004-af58-4315-9c2f-c33290adb133","at":0.0},{"connector_id":"97efb405-3fe1-4110-a891-6b85f0c7f447","at":1.0}],"access_restrictions":[{"access_type":"denied","when":{"during":null,"heading":"backward","using":null,"recognized":null,"mode":null,"vehicle":null},"between":null}],"sources":[{"property":"","dataset":"OpenStreetMap","license":"ODbL-1.0","record_id":"w1273266277@2","update_time":"2026-01-13T12:18:15Z","confidence":null,"between":null}],"version":1}},
{"id":"003509fe-ba59-426c-afc2-05a23b925759","type":"Feature","geometry":{"type":"LineString","coordinates":[[80.9356726,26.8403729],[80.9358704,26.8406716],[80.9359692,26.8407598],[80.9359916,26.8407798],[80.9361353,26.8409394],[80.9362121,26.8410247],[80.9363673,26.8411971],[80.9365512,26.8413671],[80.9368488,26.8414476]]},"properties":{"subtype":"road","class":"residential","connectors":[{"connector_id":"c789f093-909f-4c2e-a709-c143692d3c5d","at":0.0},{"connector_id":"15587588-5168-4a4f-b282-465fbe048c1f","at":0.304240259},{"connector_id":"cf72208f-c761-4dfe-b1b0-022c42219b4d","at":0.454605386},{"connector_id":"f9e88fff-cba4-4851-822a-626bf0d8bcd9","at":0.525211641},{"connector_id":"bbe1d9da-51c0-4fed-8b34-9b9343b1f9fa","at":1.0}],"road_surface":[{"value":"paved","between":null}],"sources":[{"property":"","dataset":"OpenStreetMap","license":"ODbL-1.0","record_id":"w210670126@3","update_time":"2024-04-17T07:13:20Z","confidence":null,"between":null}],"version":2}},
{"id":"1d8d9e47-be80-41ec-b847-b7829dad0c30","type":"Feature","geometry":{"type":"LineString","coordinates":[[80.9362121,26.8410247],[80.9361396,26.8410869],[80.936112,26.8411107],[80.936054,26.8411605]]},"properties":{"subtype":"road","class":"unknown","connectors":[{"connector_id":"f9e88fff-cba4-4851-822a-626bf0d8bcd9","at":0.0},{"connector_id":"a08ec85c-3629-4612-99af-8d0c1dbf9421","at":1.0}],"sources":[{"property":"","dataset":"TomTom","license":"ODbL-1.0","record_id":null,"update_time":null,"confidence":null,"between":null}],"version":1}},
{"id":"21d82a28-db40-4b70-9d5b-5f921843c2b2","type":"Feature","geometry":{"type":"LineString","coordinates":[[80.941734,26.849918],[80.9427906,26.8490847],[80.9429516,26.8489639],[80.9455637,26.8471926],[80.9456253,26.8471464],[80.9456815,26.8470948],[80.9457315,26.8470385],[80.945775,26.8469779],[80.9458114,26.8469138],[80.9458405,26.8468467],[80.9458618,26.8467774],[80.9458755,26.8467043],[80.9458807,26.8466304],[80.9458772,26.8465563],[80.9458652,26.846483],[80.9458448,26.8464112],[80.9458161,26.8463417],[80.9457796,26.8462752],[80.9457355,26.8462124],[80.9456844,26.846154],[80.9455417,26.8460089],[80.9448747,26.8453826],[80.9440759,26.8447214],[80.9426905,26.8435033],[80.941841,26.8428002],[80.9413912,26.8424952],[80.9409742,26.8422281],[80.939897,26.8416132],[80.9394596,26.8414026],[80.9389482,26.8411871],[80.9375276,26.8406872],[80.9353733,26.8398859],[80.9350902,26.839759],[80.9348599,26.839636],[80.9347434,26.8395282],[80.9346227,26.8393697],[80.9345514,26.8392337],[80.9344094,26.8387981],[80.934311,26.8384335],[80.9340819,26.8376236],[80.9336505,26.8361292],[80.9335515,26.8358618],[80.9334698,26.8357219],[80.93338,26.8355616],[80.9331475,26.8352253],[80.931952,26.8334729],[80.9318882,26.833387],[80.9318172,26.8333058],[80.9317394,26.8332298],[80.9316552,26.8331593],[80.9315651,26.8330948],[80.9314698,26.8330368],[80.9313697,26.8329855],[80.9312664,26.8329415],[80.9311596,26.8329048],[80.9310499,26.8328755],[80.9309381,26.832846],[80.9307817,26.8328141],[80.9305724,26.8327929],[80.926981,26.8326505]]},"properties":{"names":{"primary":"Red Line, Lucknow Metro","common":null,"rules":[{"variant":"common","language":null,"perspectives":null,"value":"Red Line, Lucknow Metro","between":null,"side":null}]},"subtype":"rail","class":"subway","connectors":[{"connector_id":"f670ccd6-aa6b-42cc-8d59-03adab9cbee7","at":0.0},{"connector_id":"b6c979b9-912c-4b48-bec1-b7311912ebab","at":0.050213577},{"connector_id":"fba1e6e6-5a70-4257-bb4e-3adc9dc2c504","at":1.0}],"rail_flags":[{"values":["is_tunnel"],"between":null}],"level_rules":[{"value":-1,"between":null}],"sources":[{"property":"","dataset":"OpenStreetMap","license":"ODbL-1.0","record_id":"w915382989@7","update_time":"2025-12-03T10:30:55Z","confidence":null,"between":[0.0,0.151911224]},{"property":"","dataset":"OpenStreetMap","license":"ODbL-1.0","record_id":"w915382988@5","update_time":"2025-12-03T10:30:55Z","confidence":null,"between":[0.151911224,0.192465465]},{"property":"","dataset":"OpenStreetMap","license":"ODbL-1.0","record_id":"w610019335@9","update_time":"2025-12-03T10:30:55Z","confidence":null,"between":[0.192465465,1.0]}],"version":1}},
{"id":"7ab2a721-08dc-4138-8450-2d03aafe2fc6","type":"Feature","geometry":{"type":"LineString","coordinates":[[80.9358828,26.8411166],[80.9361978,26.8414344]]},"properties":{"subtype":"road","class":"service","connectors":[{"connector_id":"b121755a-4162-49aa-b0bb-894f9b69f4ed","at":0.0},{"connector_id":"08abc9f4-7151-4938-86e6-07fd5dec5766","at":1.0}],"road_surface":[{"value":"paved","between":null}],"sources":[{"property":"","dataset":"OpenStreetMap","license":"ODbL-1.0","record_id":"w213850571@1","update_time":"2013-03-29T14:27:17Z","confidence":null,"between":null}],"version":1}},
{"id":"1bc1baae-f4a5-4269-bb40-1866492d366b","type":"Feature","geometry":{"type":"LineString","coordinates":[[80.9361353,26.8409394],[80.9358828,26.8411166],[80.9357893,26.8411203],[80.9357398,26.8411264],[80.9356064,26.8412233]]},"properties":{"subtype":"road","class":"service","connectors":[{"connector_id":"cf72208f-c761-4dfe-b1b0-022c42219b4d","at":0.0},{"connector_id":"b121755a-4162-49aa-b0bb-894f9b69f4ed","at":0.50423234},{"connector_id":"c295f2cb-13df-461f-9952-103754f51d04","at":1.0}],"road_surface":[{"value":"paved","between":null}],"sources":[{"property":"","dataset":"OpenStreetMap","license":"ODbL-1.0","record_id":"w213850681@1","update_time":"2013-03-29T14:27:23Z","confidence":null,"between":null}],"version":1}},
{"id":"5ce54500-e80d-4fb6-8f58-e297828a2520","type":"Feature","geometry":{"type":"LineString","coordinates":[[80.9351549,26.8409242],[80.9353768,26.8410603],[80.9353905,26.8410687],[80.935737,26.8408798],[80.9359692,26.8407598]]},"properties":{"subtype":"road","class":"service","connectors":[{"connector_id":"4a1d3bf5-b907-4135-a9ac-c1d6f400bd79","at":0.0},{"connector_id":"8842dae5-d6fa-4621-aec9-4f272d45adf2","at":0.280345181},{"connector_id":"15587588-5168-4a4f-b282-465fbe048c1f","at":1.0}],"road_surface":[{"value":"paved","between":null}],"sources":[{"property":"","dataset":"OpenStreetMap","license":"ODbL-1.0","record_id":"w213850673@1","update_time":"2013-03-29T14:27:22Z","confidence":null,"between":null}],"version":1}},
{"id":"69b6d0cc-fef7-41c8-acff-d61e7a830ff0","type":"Feature","geometry":{"type":"LineString","coordinates":[[80.935433,26.8412096],[80.9348283,26.8418388]]},"properties":{"subtype":"road","class":"service","connectors":[{"connector_id":"e7df697c-e83e-40d9-adda-52d3483fc4db","at":0.0},{"connector_id":"0d703fd9-6f20-44e2-a586-bd6f986d6aa5","at":1.0}],"road_surface":[{"value":"paved","between":null}],"sources":[{"property":"","dataset":"OpenStreetMap","license":"ODbL-1.0","record_id":"w210669939@1","update_time":"2013-03-29T14:27:28Z","confidence":null,"between":null}],"version":1}},
{"id":"016899ef-572c-42d2-a249-711219c9a2e0","type":"Feature","geometry":{"type":"LineString","coordinates":[[80.9356086,26.8413475],[80.9353795,26.8415718]]},"properties":{"subtype":"road","class":"service","connectors":[{"connector_id":"c20be579-7215-4793-8d3f-a401a9c3accf","at":0.0},{"connector_id":"9952305a-6b8f-4592-971c-847cf8596ed3","at":1.0}],"road_surface":[{"value":"paved","between":null}],"sources":[{"property":"","dataset":"OpenStreetMap","license":"ODbL-1.0","record_id":"w213850614@1","update_time":"2013-03-29T14:27:19Z","confidence":null,"between":null}],"version":1}},
{"id":"a6d47912-8e42-41e9-9aa6-4a1b2dab5869","type":"Feature","geometry":{"type":"LineString","coordinates":[[80.9357797,26.8414818],[80.9351789,26.8421032]]},"properties":{"subtype":"road","class":"service","connectors":[{"connector_id":"61736a05-1bf2-4380-a1ec-c13df187171a","at":0.0},{"connector_id":"b201222d-ad35-4f4a-957e-a7f9defa7347","at":1.0}],"road_surface":[{"value":"paved","between":null}],"sources":[{"property":"","dataset":"OpenStreetMap","license":"ODbL-1.0","record_id":"w210669976@1","update_time":"2013-03-29T14:27:28Z","confidence":null,"between":null}],"version":1}},
{"id":"e61cc034-f97e-44c8-b1f4-18be52e13fa9","type":"Feature","geometry":{"type":"LineString","coordinates":[[80.9353635,26.8422424],[80.9358787,26.8415596],[80.9357797,26.8414818],[80.9356086,26.8413475],[80.935433,26.8412096],[80.9353176,26.841119],[80.9353768,26.8410603]]},"properties":{"subtype":"road","class":"service","connectors":[{"connector_id":"da848d79-2bfc-4e53-9cb8-7e80a059c8a5","at":0.0},{"connector_id":"61736a05-1bf2-4380-a1ec-c13df187171a","at":0.599372011},{"connector_id":"c20be579-7215-4793-8d3f-a401a9c3accf","at":0.729059779},{"connector_id":"e7df697c-e83e-40d9-adda-52d3483fc4db","at":0.862186894},{"connector_id":"8842dae5-d6fa-4621-aec9-4f272d45adf2","at":1.0}],"road_surface":[{"value":"paved","between":null}],"sources":[{"property":"","dataset":"OpenStreetMap","license":"ODbL-1.0","record_id":"w213850596@1","update_time":"2013-03-29T14:27:18Z","confidence":null,"between":[0.0,0.524319058]},{"property":"","dataset":"OpenStreetMap","license":"ODbL-1.0","record_id":"w213850685@1","update_time":"2013-03-29T14:27:28Z","confidence":null,"between":[0.524319058,1.0]}],"version":1}},
{"id":"8c164c19-08cd-457d-9b55-4c825e651615","type":"Feature","geometry":{"type":"LineString","coordinates":[[80.9352331,26.842144],[80.9351934,26.8422181],[80.9350804,26.8424212]]},"properties":{"subtype":"road","class":"unknown","connectors":[{"connector_id":"b63096d3-1fc6-4dcb-9555-7d74fefafd05","at":0.0},{"connector_id":"8dce0813-e316-4c29-9540-9fe49ef73413","at":1.0}],"sources":[{"property":"","dataset":"TomTom","license":"ODbL-1.0","record_id":null,"update_time":null,"confidence":null,"between":null}],"version":1}},
{"id":"6f250f5d-1788-4971-87af-1e79b0672e75","type":"Feature","geometry":{"type":"LineString","coordinates":[[80.9354775,26.8423283],[80.9353635,26.8422424],[80.9352331,26.842144],[80.9351789,26.8421032]]},"properties":{"subtype":"road","class":"residential","connectors":[{"connector_id":"18bd0869-a16c-4214-b9be-dd7ee4c1c7ab","at":0.0},{"connector_id":"da848d79-2bfc-4e53-9cb8-7e80a059c8a5","at":0.381709678},{"connector_id":"b63096d3-1fc6-4dcb-9555-7d74fefafd05","at":0.81859417},{"connector_id":"b201222d-ad35-4f4a-957e-a7f9defa7347","at":1.0}],"road_surface":[{"value":"paved","between":null}],"sources":[{"property":"","dataset":"OpenStreetMap","license":"ODbL-1.0","record_id":"w210670094@2","update_time":"2024-04-17T07:13:20Z","confidence":null,"between":null}],"version":2}},
{"id":"40953e06-5c55-48c4-8d0e-aa5acac04424","type":"Feature","geometry":{"type":"LineString","coordinates":[[80.9357101,26.8425037],[80.9354775,26.8423283]]},"properties":{"subtype":"road","class":"residential","connectors":[{"connector_id":"5048dad6-cfee-4007-926c-4ab7c28c1fbd","at":0.0},{"connector_id":"18bd0869-a16c-4214-b9be-dd7ee4c1c7ab","at":1.0}],"road_surface":[{"value":"paved","between":null}],"sources":[{"property":"","dataset":"OpenStreetMap","license":"ODbL-1.0","record_id":"w210670094@2","update_time":"2024-04-17T07:13:20Z","confidence":null,"between":null}],"version":1}},
{"id":"df0166ea-1993-4527-b723-23efbb47af65","type":"Feature","geometry":{"type":"LineString","coordinates":[[80.9362021,26.8418698],[80.9365392,26.8421645]]},"properties":{"subtype":"road","class":"unknown","connectors":[{"connector_id":"f7e21193-eaea-4cad-8a2a-9ba66368fd81","at":0.0},{"connector_id":"0fde59e4-8ec3-4384-a3e9-ff70cbee728f","at":1.0}],"sources":[{"property":"","dataset":"TomTom","license":"ODbL-1.0","record_id":null,"update_time":null,"confidence":null,"between":null}],"version":1}},
{"id":"65666a74-4692-4352-a623-9956c3103d58","type":"Feature","geometry":{"type":"LineString","coordinates":[[80.9365649,26.842105],[80.9366374,26.8421452]]},"properties":{"subtype":"road","class":"residential","connectors":[{"connector_id":"3e18d2af-dd8f-4d7b-8e0e-3c2574241e03","at":0.0},{"connector_id":"82eb72a5-688e-463a-a8dd-6736e155fac7","at":1.0}],"sources":[{"property":"","dataset":"OpenStreetMap","license":"ODbL-1.0","record_id":"w1273266280@1","update_time":"2024-04-17T07:13:20Z","confidence":null,"between":null}],"version":1}},
{"id":"1e0ce0df-6665-41a1-9081-223484e1cc1d","type":"Feature","geometry":{"type":"LineString","coordinates":[[80.9365649,26.842105],[80.9365392,26.8421645],[80.9363377,26.842631],[80.9363328,26.8426447],[80.9363265,26.8426627],[80.9363214,26.8427778]]},"properties":{"subtype":"road","class":"tertiary","connectors":[{"connector_id":"3e18d2af-dd8f-4d7b-8e0e-3c2574241e03","at":0.0},{"connector_id":"0fde59e4-8ec3-4384-a3e9-ff70cbee728f","at":0.089551923},{"connector_id":"8aabffcf-4cfb-4683-ac4e-dddab0c22681","at":0.811862527},{"connector_id":"7991c43f-4728-4e53-be74-09233cad0dd7","at":1.0}],"access_restrictions":[{"access_type":"denied","when":{"during":null,"heading":"backward","using":null,"recognized":null,"mode":null,"vehicle":null},"between":null}],"sources":[{"property":"","dataset":"OpenStreetMap","license":"ODbL-1.0","record_id":"w1273266277@2","update_time":"2026-01-13T12:18:15Z","confidence":null,"between":null}],"version":2}},
{"id":"cce21f9b-6d66-49f0-a838-a3d588153b81","type":"Feature","geometry":{"type":"LineString","coordinates":[[80.9363214,26.8427778],[80.9364119,26.8426712],[80.9365452,26.842349],[80.9366374,26.8421452]]},"properties":{"names":{"primary":"Cantonment Road","common":null,"rules":[{"variant":"common","language":null,"perspectives":null,"value":"Cantonment Road","between":null,"side":null}]},"subtype":"road","class":"tertiary","connectors":[{"connector_id":"7991c43f-4728-4e53-be74-09233cad0dd7","at":0.0},{"connector_id":"eb7b319d-cab6-4c36-90a3-10da6febccca","at":0.19207435},{"connector_id":"82eb72a5-688e-463a-a8dd-6736e155fac7","at":1.0}],"road_surface":[{"value":"paved","between":null}],"access_restrictions":[{"access_type":"denied","when":{"during":null,"heading":"backward","using":null,"recognized":null,"mode":null,"vehicle":null},"between":null}],"sources":[{"property":"","dataset":"OpenStreetMap","license":"ODbL-1.0","record_id":"w1273266278@1","update_time":"2025-06-12T06:37:05Z","confidence":null,"between":null}],"version":1}},
{"id":"83a21fa0-3815-4dc1-8e47-560e24d4d965","type":"Feature","geometry":{"type":"LineString","coordinates":[[80.9363328,26.8426447],[80.9364119,26.8426712],[80.9369741,26.8429138]]},"properties":{"subtype":"road","class":"service","connectors":[{"connector_id":"8aabffcf-4cfb-4683-ac4e-dddab0c22681","at":0.0},{"connector_id":"eb7b319d-cab6-4c36-90a3-10da6febccca","at":0.119209617},{"connector_id":"a4acd815-bd07-4632-85fd-b8df2d04097c","at":1.0}],"road_surface":[{"value":"paved","between":[0.119175984,1.0]}],"sources":[{"property":"","dataset":"OpenStreetMap","license":"ODbL-1.0","record_id":"w1273266279@1","update_time":"2024-04-17T07:13:20Z","confidence":null,"between":[0.0,0.119175984]},{"property":"","dataset":"OpenStreetMap","license":"ODbL-1.0","record_id":"w210669974@1","update_time":"2024-04-17T07:13:20Z","confidence":null,"between":[0.119175984,1.0]}],"version":1}},
{"id":"d8a2fd3f-bfea-4b9e-a18e-a0f94bea9998","type":"Feature","geometry":{"type":"LineString","coordinates":[[80.9362807,26.8428915],[80.9365388,26.8429861],[80.9366217,26.843055],[80.9369741,26.8432366]]},"properties":{"subtype":"road","class":"service","connectors":[{"connector_id":"24f1fe4f-00f2-4cd1-9bf4-de824bb14f83","at":0.0},{"connector_id":"a6052db3-8fd5-45c3-a5ba-2aaa15b4003d","at":1.0}],"road_surface":[{"value":"paved","between":null}],"sources":[{"property":"","dataset":"OpenStreetMap","license":"ODbL-1.0","record_id":"w210670063@1","update_time":"2024-04-17T07:13:20Z","confidence":null,"between":null}],"version":1}},
{"id":"11d46fd6-b457-4628-a066-466df8a9b683","type":"Feature","geometry":{"type":"LineString","coordinates":[[80.9362649,26.8429289],[80.9362807,26.8428915],[80.9363214,26.8427778]]},"properties":{"names":{"primary":"Cantonment Road","common":null,"rules":[{"variant":"common","language":null,"perspectives":null,"value":"Cantonment Road","between":null,"side":null}]},"subtype":"road","class":"tertiary","connectors":[{"connector_id":"b9ba9302-c5a2-4e50-a190-463aca9a1dbc","at":0.0},{"connector_id":"24f1fe4f-00f2-4cd1-9bf4-de824bb14f83","at":0.250891687},{"connector_id":"7991c43f-4728-4e53-be74-09233cad0dd7","at":1.0}],"road_surface":[{"value":"paved","between":null}],"sources":[{"property":"","dataset":"OpenStreetMap","license":"ODbL-1.0","record_id":"w210669984@9","update_time":"2024-04-17T07:13:20Z","confidence":null,"between":null}],"version":1}},
{"id":"fd7115a2-32ac-449a-8997-b470b05a577f","type":"Feature","geometry":{"type":"LineString","coordinates":[[80.9361397,26.8432206],[80.935781,26.8430906],[80.9356034,26.8429795],[80.9354235,26.842867]]},"properties":{"subtype":"road","class":"residential","connectors":[{"connector_id":"8a871c1d-2602-417a-8df7-cbb37eb5176c","at":0.0},{"connector_id":"360f4ec1-e631-49de-b44c-3c173f7b9ece","at":0.470249032},{"connector_id":"8783bb4a-13d6-4463-a345-9783a679ec59","at":0.733435272},{"connector_id":"9bbc12e3-18d4-449c-92cc-2402c5d31aea","at":1.0}],"road_surface":[{"value":"paved","between":null}],"sources":[{"property":"","dataset":"OpenStreetMap","license":"ODbL-1.0","record_id":"w210670112@1","update_time":"2013-03-17T23:32:06Z","confidence":null,"between":null}],"version":2}},
{"id":"728794e9-4833-4c9d-990f-f538dddc5023","type":"Feature","geometry":{"type":"LineString","coordinates":[[80.935781,26.8430906],[80.9358562,26.8429063],[80.935962,26.8426968]]},"properties":{"subtype":"road","class":"unknown","connectors":[{"connector_id":"360f4ec1-e631-49de-b44c-3c173f7b9ece","at":0.0},{"connector_id":"ca8b28c8-d2a8-473b-b314-541c04a00e1d","at":1.0}],"sources":[{"property":"","dataset":"TomTom","license":"ODbL-1.0","record_id":null,"update_time":null,"confidence":null,"between":null}],"version":1}},
{"id":"c0acbcdd-a165-4c1d-a681-22c2e0e17155","type":"Feature","geometry":{"type":"LineString","coordinates":[[80.9362649,26.8429289],[80.935962,26.8426968],[80.9357101,26.8425037]]},"properties":{"subtype":"road","class":"residential","connectors":[{"connector_id":"b9ba9302-c5a2-4e50-a190-463aca9a1dbc","at":0.0},{"connector_id":"ca8b28c8-d2a8-473b-b314-541c04a00e1d","at":0.545919316},{"connector_id":"5048dad6-cfee-4007-926c-4ab7c28c1fbd","at":1.0}],"road_surface":[{"value":"paved","between":null}],"sources":[{"property":"","dataset":"OpenStreetMap","license":"ODbL-1.0","record_id":"w210670094@2","update_time":"2024-04-17T07:13:20Z","confidence":null,"between":null}],"version":2}},
{"id":"89a84513-2944-4761-a42f-aa94ea20764b","type":"Feature","geometry":{"type":"LineString","coordinates":[[80.9357101,26.8425037],[80.9355516,26.8427046],[80.9354235,26.842867]]},"properties":{"subtype":"road","class":"residential","connectors":[{"connector_id":"5048dad6-cfee-4007-926c-4ab7c28c1fbd","at":0.0},{"connector_id":"3bd48faf-4b48-46a8-b784-59853e67f294","at":0.553003016},{"connector_id":"9bbc12e3-18d4-449c-92cc-2402c5d31aea","at":1.0}],"road_surface":[{"value":"paved","between":null}],"sources":[{"property":"","dataset":"OpenStreetMap","license":"ODbL-1.0","record_id":"w210670040@1","update_time":"2013-03-17T23:32:00Z","confidence":null,"between":null}],"version":2}},
{"id":"34fdcfac-7dd7-41a6-9ae9-1977d6f01db6","type":"Feature","geometry":{"type":"LineString","coordinates":[[80.9350804,26.8424212],[80.9353077,26.8425445],[80.9355516,26.8427046],[80.935705,26.8428021]]},"properties":{"subtype":"road","class":"unknown","connectors":[{"connector_id":"8dce0813-e316-4c29-9540-9fe49ef73413","at":0.0},{"connector_id":"b869c024-1d1d-4dfa-be7c-b3cf9d8e2856","at":0.351426309},{"connector_id":"3bd48faf-4b48-46a8-b784-59853e67f294","at":0.751271853},{"connector_id":"3547cb74-2d84-4da3-bd60-504b3254bb4c","at":1.0}],"sources":[{"property":"","dataset":"TomTom","license":"ODbL-1.0","record_id":null,"update_time":null,"confidence":null,"between":null}],"version":1}},
{"id":"9b981acf-7618-44db-9b56-eead86722613","type":"Feature","geometry":{"type":"LineString","coordinates":[[80.9351759,26.8427122],[80.9353077,26.8425445],[80.9354775,26.8423283]]},"properties":{"subtype":"road","class":"residential","connectors":[{"connector_id":"beade537-2fa4-4298-8b86-4c359ed16691","at":0.0},{"connector_id":"b869c024-1d1d-4dfa-be7c-b3cf9d8e2856","at":0.436888837},{"connector_id":"18bd0869-a16c-4214-b9be-dd7ee4c1c7ab","at":1.0}],"road_surface":[{"value":"paved","between":null}],"sources":[{"property":"","dataset":"OpenStreetMap","license":"ODbL-1.0","record_id":"w210670047@1","update_time":"2013-03-17T23:32:00Z","confidence":null,"between":null}],"version":2}},
{"id":"e205607c-6515-4ec7-bc64-edc742115252","type":"Feature","geometry":{"type":"LineString","coordinates":[[80.9354235,26.842867],[80.9351759,26.8427122]]},"properties":{"subtype":"road","class":"residential","connectors":[{"connector_id":"9bbc12e3-18d4-449c-92cc-2402c5d31aea","at":0.0},{"connector_id":"beade537-2fa4-4298-8b86-4c359ed16691","at":1.0}],"road_surface":[{"value":"paved","between":null}],"sources":[{"property":"","dataset":"OpenStreetMap","license":"ODbL-1.0","record_id":"w210670112@1","update_time":"2013-03-17T23:32:06Z","confidence":null,"between":null}],"version":1}},
{"id":"b2048b0b-33b3-416d-9bdf-97256c3e1616","type":"Feature","geometry":{"type":"LineString","coordinates":[[80.9354235,26.842867],[80.9351122,26.8432618]]},"properties":{"subtype":"road","class":"residential","connectors":[{"connector_id":"9bbc12e3-18d4-449c-92cc-2402c5d31aea","at":0.0},{"connector_id":"4035ef7b-ca74-41a6-984a-79acd9e7d6d4","at":1.0}],"road_surface":[{"value":"paved","between":null}],"sources":[{"property":"","dataset":"OpenStreetMap","license":"ODbL-1.0","record_id":"w210670040@1","update_time":"2013-03-17T23:32:00Z","confidence":null,"between":null}],"version":1}},
{"id":"ed074fc2-c18d-4c12-ae8c-a6accbfc1a68","type":"Feature","geometry":{"type":"LineString","coordinates":[[80.9348682,26.8431038],[80.9351759,26.8427122]]},"properties":{"subtype":"road","class":"residential","connectors":[{"connector_id":"5ab023a9-93b4-42bd-988e-75567c49423f","at":0.0},{"connector_id":"beade537-2fa4-4298-8b86-4c359ed16691","at":1.0}],"road_surface":[{"value":"paved","between":null}],"sources":[{"property":"","dataset":"OpenStreetMap","license":"ODbL-1.0","record_id":"w210670047@1","update_time":"2013-03-17T23:32:00Z","confidence":null,"between":null}],"version":1}},
{"id":"b952b536-c9a6-4cc6-8874-c9860b980fc1","type":"Feature","geometry":{"type":"LineString","coordinates":[[80.9351759,26.8427122],[80.9349474,26.8425693],[80.9347969,26.8424751]]},"properties":{"subtype":"road","class":"residential","connectors":[{"connector_id":"beade537-2fa4-4298-8b86-4c359ed16691","at":0.0},{"connector_id":"6ec5b5df-cae4-4520-8b58-03c67c2d63f8","at":0.602835749},{"connector_id":"d0eee085-35a3-4334-b5e3-13cc9cbe26fc","at":1.0}],"road_surface":[{"value":"paved","between":null}],"sources":[{"property":"","dataset":"OpenStreetMap","license":"ODbL-1.0","record_id":"w210670112@1","update_time":"2013-03-17T23:32:06Z","confidence":null,"between":null}],"version":2}},
{"id":"a53d146b-1903-499c-aeec-56a7d71b5a8d","type":"Feature","geometry":{"type":"LineString","coordinates":[[80.9350804,26.8424212],[80.9349474,26.8425693]]},"properties":{"subtype":"road","class":"unknown","connectors":[{"connector_id":"8dce0813-e316-4c29-9540-9fe49ef73413","at":0.0},{"connector_id":"6ec5b5df-cae4-4520-8b58-03c67c2d63f8","at":1.0}],"sources":[{"property":"","dataset":"TomTom","license":"ODbL-1.0","record_id":null,"update_time":null,"confidence":null,"between":null}],"version":1}},
{"id":"3058babf-4ae7-4c1a-8e10-3b910240ce49","type":"Feature","geometry":{"type":"LineString","coordinates":[[80.9349471,26.8423288],[80.9350804,26.8424212]]},"properties":{"subtype":"road","class":"unknown","connectors":[{"connector_id":"eac6578e-8024-4c07-84f6-4226bcaf155f","at":0.0},{"connector_id":"8dce0813-e316-4c29-9540-9fe49ef73413","at":1.0}],"sources":[{"property":"","dataset":"TomTom","license":"ODbL-1.0","record_id":null,"update_time":null,"confidence":null,"between":null}],"version":1}},
{"id":"24635b17-651a-4a98-877b-d1403551577f","type":"Feature","geometry":{"type":"LineString","coordinates":[[80.9351789,26.8421032],[80.9349471,26.8423288],[80.9347969,26.8424751]]},"properties":{"subtype":"road","class":"residential","connectors":[{"connector_id":"b201222d-ad35-4f4a-957e-a7f9defa7347","at":0.0},{"connector_id":"eac6578e-8024-4c07-84f6-4226bcaf155f","at":0.606702829},{"connector_id":"d0eee085-35a3-4334-b5e3-13cc9cbe26fc","at":1.0}],"road_surface":[{"value":"paved","between":null}],"sources":[{"property":"","dataset":"OpenStreetMap","license":"ODbL-1.0","record_id":"w210670070@1","update_time":"2013-03-17T23:32:02Z","confidence":null,"between":null}],"version":2}},
{"id":"295061d2-fb02-48ab-9f34-2fcf3e93ea3d","type":"Feature","geometry":{"type":"LineString","coordinates":[[80.9351789,26.8421032],[80.9349772,26.8419511],[80.9348283,26.8418388]]},"properties":{"subtype":"road","class":"residential","connectors":[{"connector_id":"b201222d-ad35-4f4a-957e-a7f9defa7347","at":0.0},{"connector_id":"1084d4ef-2505-4301-ac4a-52c57a256206","at":0.575284938},{"connector_id":"0d703fd9-6f20-44e2-a586-bd6f986d6aa5","at":1.0}],"road_surface":[{"value":"paved","between":null}],"sources":[{"property":"","dataset":"OpenStreetMap","license":"ODbL-1.0","record_id":"w210670094@2","update_time":"2024-04-17T07:13:20Z","confidence":null,"between":null}],"version":2}},
{"id":"1a70a0e2-179b-496f-8fb4-1de205640b8e","type":"Feature","geometry":{"type":"LineString","coordinates":[[80.9344209,26.8417403],[80.9345826,26.8415851],[80.9347556,26.8414192],[80.934796,26.8413691],[80.9351196,26.840968],[80.9351549,26.8409242],[80.9352304,26.8408307],[80.9355055,26.8405214],[80.9356441,26.8403983],[80.9356726,26.8403729]]},"properties":{"subtype":"road","class":"residential","connectors":[{"connector_id":"8bd0fb86-a422-4704-a60f-95fcfb6ceec5","at":0.0},{"connector_id":"32fb8e1e-7a40-42c9-9730-e3c1ed977efb","at":0.119832004},{"connector_id":"4127654a-dc60-4360-b841-e745d5980066","at":0.282858354},{"connector_id":"6aa26717-86c3-4a06-af98-0bc37f9114f1","at":0.562155609},{"connector_id":"4a1d3bf5-b907-4135-a9ac-c1d6f400bd79","at":0.592643825},{"connector_id":"f3b91dce-4c87-4e0c-9fa7-2c528ec3573a","at":0.979670712},{"connector_id":"c789f093-909f-4c2e-a709-c143692d3c5d","at":1.0}],"road_surface":[{"value":"paved","between":null}],"sources":[{"property":"","dataset":"OpenStreetMap","license":"ODbL-1.0","record_id":"w210670148@2","update_time":"2015-01-12T05:42:36Z","confidence":null,"between":null}],"version":1}},
{"id":"9353501e-56eb-4742-9d04-c33cc0aca487","type":"Feature","geometry":{"type":"LineString","coordinates":[[80.9340915,26.8396708],[80.9344777,26.8401417],[80.9347184,26.8404227],[80.9346084,26.8405258],[80.934729,26.8406289],[80.9350718,26.8409221],[80.9351196,26.840968]]},"properties":{"subtype":"road","class":"service","connectors":[{"connector_id":"346859d8-98f8-48e3-bbdc-8cb0536fab78","at":0.0},{"connector_id":"1dc40274-9b35-4908-9764-5d06da8764a1","at":0.716263239},{"connector_id":"6aa26717-86c3-4a06-af98-0bc37f9114f1","at":1.0}],"road_surface":[{"value":"paved","between":null}],"sources":[{"property":"","dataset":"OpenStreetMap","license":"ODbL-1.0","record_id":"w213850682@1","update_time":"2013-03-29T14:27:23Z","confidence":null,"between":null}],"version":2}},
{"id":"60d1a749-aa01-4d10-900c-bd05a3cab97f","type":"Feature","geometry":{"type":"LineString","coordinates":[[80.9349465,26.8404283],[80.9349774,26.8404596],[80.9350339,26.8405189]]},"properties":{"subtype":"road","class":"unknown","connectors":[{"connector_id":"d910960e-bfc5-4f98-830f-84912c2dfa41","at":0.0},{"connector_id":"74383d02-9c69-4ad6-a2c3-1da828842de5","at":1.0}],"sources":[{"property":"","dataset":"TomTom","license":"ODbL-1.0","record_id":null,"update_time":null,"confidence":null,"between":null}],"version":1}},
{"id":"67d0e88c-0832-4699-b2d8-8162f720c8e9","type":"Feature","geometry":{"type":"LineString","coordinates":[[80.9352077,26.8404519],[80.9351983,26.8404435],[80.934827,26.8400815]]},"properties":{"subtype":"road","class":"service","connectors":[{"connector_id":"cddeab2a-28ff-4b7b-9e86-572e8314519a","at":0.0},{"connector_id":"0ed6e608-7952-4ac5-b3c6-caf907e747c4","at":1.0}],"road_surface":[{"value":"paved","between":null}],"sources":[{"property":"","dataset":"OpenStreetMap","license":"ODbL-1.0","record_id":"w213850634@1","update_time":"2013-03-29T14:27:20Z","confidence":null,"between":null}],"version":1}},
{"id":"8336ce9f-e804-4803-a122-f2441000ba8e","type":"Feature","geometry":{"type":"LineString","coordinates":[[80.9366911,26.839131],[80.9366821,26.8391572],[80.9362634,26.8398499],[80.9361473,26.8400784]]},"properties":{"subtype":"road","class":"residential","connectors":[{"connector_id":"32e45cd9-57bf-4800-8b9e-3b6cadb24299","at":0.0},{"connector_id":"18580925-7fe2-4a31-8e06-7f1b4db6da03","at":0.764544123},{"connector_id":"f03ec79b-cebb-47ee-8cc2-19e4167e6f01","at":1.0}],"road_surface":[{"value":"paved","between":null}],"sources":[{"property":"","dataset":"OpenStreetMap","license":"ODbL-1.0","record_id":"w213237841@2","update_time":"2015-01-12T05:42:37Z","confidence":null,"between":null}],"version":1}},
{"id":"4b3cc0a0-1013-49dc-9cb5-1db510a901d8","type":"Feature","geometry":{"type":"LineString","coordinates":[[80.9346656,26.8395995],[80.9348409,26.8396908],[80.9351975,26.8398693],[80.9356305,26.8400252],[80.935907,26.8401356]]},"properties":{"names":{"primary":"Ashok Marg","common":null,"rules":[{"variant":"common","language":null,"perspectives":null,"value":"Ashok Marg","between":null,"side":null}]},"subtype":"road","class":"primary","connectors":[{"connector_id":"3f80cda1-eae6-4eaf-9396-3d01ffec3998","at":0.0},{"connector_id":"cd08480e-9dfd-4b90-8bea-a5425ca9f31d","at":0.442706999},{"connector_id":"42446925-198c-4888-afa3-2e5a23634274","at":0.780733427},{"connector_id":"2963723f-b0e9-4d38-ac6c-ca9cc2198424","at":1.0}],"road_surface":[{"value":"paved","between":null}],"access_restrictions":[{"access_type":"denied","when":{"during":null,"heading":"backward","using":null,"recognized":null,"mode":null,"vehicle":null},"between":null}],"routes":[{"name":"National Highway 25","network":"IN:NH","ref":null,"symbol":null,"wikidata":null,"between":null},{"name":"National Highway 25 UP","network":"IN:NH","ref":null,"symbol":null,"wikidata":null,"between":null}],"sources":[{"property":"/routes","dataset":"OpenStreetMap","license":"ODbL-1.0","record_id":"r1453629@103","update_time":null,"confidence":null,"between":null},{"property":"/routes","dataset":"OpenStreetMap","license":"ODbL-1.0","record_id":"r2890907@79","update_time":null,"confidence":null,"between":null},{"property":"","dataset":"OpenStreetMap","license":"ODbL-1.0","record_id":"w996187115@3","update_time":"2026-01-13T12:18:15Z","confidence":null,"between":null}],"version":4}},
{"id":"88743fb6-974d-4537-957f-d49f1e21a80e","type":"Feature","geometry":{"type":"LineString","coordinates":[[80.9361473,26.8400784],[80.9357397,26.8399505],[80.9356617,26.8399206],[80.9353649,26.8398069],[80.9350677,26.8396416],[80.9349647,26.8395616],[80.9348529,26.8394201]]},"properties":{"names":{"primary":"Ashok Marg","common":null,"rules":[{"variant":"common","language":null,"perspectives":null,"value":"Ashok Marg","between":null,"side":null}]},"subtype":"road","class":"primary","connectors":[{"connector_id":"f03ec79b-cebb-47ee-8cc2-19e4167e6f01","at":0.0},{"connector_id":"4da68eb0-3883-4cf4-afd4-376756252c3d","at":0.340198061},{"connector_id":"8b0d36c3-ed37-4183-be32-cfae69f6998e","at":0.782975197},{"connector_id":"4d742862-ded8-456b-89cd-cabad92ae798","at":1.0}],"road_surface":[{"value":"paved","between":null}],"access_restrictions":[{"access_type":"denied","when":{"during":null,"heading":"backward","using":null,"recognized":null,"mode":null,"vehicle":null},"between":null}],"routes":[{"name":"National Highway 25","network":"IN:NH","ref":null,"symbol":null,"wikidata":null,"between":null},{"name":"National Highway 25 UP","network":"IN:NH","ref":null,"symbol":null,"wikidata":null,"between":null}],"sources":[{"property":"/routes","dataset":"OpenStreetMap","license":"ODbL-1.0","record_id":"r1453629@103","update_time":null,"confidence":null,"between":null},{"property":"/routes","dataset":"OpenStreetMap","license":"ODbL-1.0","record_id":"r2890907@79","update_time":null,"confidence":null,"between":null},{"property":"","dataset":"OpenStreetMap","license":"ODbL-1.0","record_id":"w996187116@4","update_time":"2026-01-13T12:18:15Z","confidence":null,"between":null}],"version":5}},
{"id":"e1404fd0-442d-445f-9145-decc67f85a76","type":"Feature","geometry":{"type":"LineString","coordinates":[[80.9353548,26.8403144],[80.9351117,26.8400926],[80.9351485,26.8400349],[80.9351975,26.8398693]]},"properties":{"subtype":"road","class":"service","connectors":[{"connector_id":"b0bcd101-c098-4dc2-a3d7-98f55f0097a4","at":0.0},{"connector_id":"fb3a0b0a-b16a-4249-9c16-11f55047db8b","at":0.687835787},{"connector_id":"cd08480e-9dfd-4b90-8bea-a5425ca9f31d","at":1.0}],"road_surface":[{"value":"paved","between":null}],"sources":[{"property":"","dataset":"OpenStreetMap","license":"ODbL-1.0","record_id":"w213850645@1","update_time":"2015-01-12T05:42:36Z","confidence":null,"between":null}],"version":1}},
{"id":"468a453f-cb20-46b6-b888-c417f032ee5f","type":"Feature","geometry":{"type":"LineString","coordinates":[[80.9351485,26.8400349],[80.9354986,26.8401799]]},"properties":{"subtype":"road","class":"service","connectors":[{"connector_id":"fb3a0b0a-b16a-4249-9c16-11f55047db8b","at":0.0},{"connector_id":"df1cc937-bc9c-4a5f-81d3-99eb1f533fb2","at":1.0}],"road_surface":[{"value":"paved","between":null}],"sources":[{"property":"","dataset":"OpenStreetMap","license":"ODbL-1.0","record_id":"w213850594@1","update_time":"2013-03-29T14:27:18Z","confidence":null,"between":null}],"version":1}},
{"id":"0dac2475-5b06-41c7-b957-500e66e06bb3","type":"Feature","geometry":{"type":"LineString","coordinates":[[80.9356305,26.8400252],[80.9355972,26.8400877],[80.9354986,26.8401799],[80.9354366,26.8402378],[80.9353548,26.8403144],[80.9352077,26.8404519],[80.9351406,26.8405147]]},"properties":{"subtype":"road","class":"service","connectors":[{"connector_id":"42446925-198c-4888-afa3-2e5a23634274","at":0.0},{"connector_id":"df1cc937-bc9c-4a5f-81d3-99eb1f533fb2","at":0.298107856},{"connector_id":"c4903dc0-fc3a-4523-8f79-ea4931883833","at":0.419575016},{"connector_id":"b0bcd101-c098-4dc2-a3d7-98f55f0097a4","at":0.580061835},{"connector_id":"cddeab2a-28ff-4b7b-9e86-572e8314519a","at":0.868391494},{"connector_id":"73e4dab0-4a64-4644-b09d-ed42569011bf","at":1.0}],"road_surface":[{"value":"paved","between":null}],"sources":[{"property":"","dataset":"OpenStreetMap","license":"ODbL-1.0","record_id":"w213850693@1","update_time":"2015-01-12T05:42:36Z","confidence":null,"between":null}],"version":1}},
{"id":"fb4af134-7f20-40e3-b9dd-cd23c2017d8a","type":"Feature","geometry":{"type":"LineString","coordinates":[[80.9354366,26.8402378],[80.9356441,26.8403983]]},"properties":{"subtype":"road","class":"service","connectors":[{"connector_id":"c4903dc0-fc3a-4523-8f79-ea4931883833","at":0.0},{"connector_id":"f3b91dce-4c87-4e0c-9fa7-2c528ec3573a","at":1.0}],"road_surface":[{"value":"paved","between":null}],"sources":[{"property":"","dataset":"OpenStreetMap","license":"ODbL-1.0","record_id":"w213850565@1","update_time":"2013-03-29T14:27:17Z","confidence":null,"between":null}],"version":1}},
{"id":"1ffd9d5e-da08-4aa1-8e11-e4e23951a619","type":"Feature","geometry":{"type":"LineString","coordinates":[[80.9357093,26.8403357],[80.9358148,26.8403905],[80.9361232,26.8405105]]},"properties":{"subtype":"road","class":"unknown","connectors":[{"connector_id":"8c3c0980-a806-49ff-954b-f4c03fa82217","at":0.0},{"connector_id":"23387e1b-3265-45aa-b454-3c113fe1e7d6","at":1.0}],"sources":[{"property":"","dataset":"TomTom","license":"ODbL-1.0","record_id":null,"update_time":null,"confidence":null,"between":null}],"version":1}},
{"id":"adf6b6a5-b468-454e-a6ba-63bb3db50646","type":"Feature","geometry":{"type":"LineString","coordinates":[[80.9356726,26.8403729],[80.9357093,26.8403357],[80.935907,26.8401356]]},"properties":{"subtype":"road","class":"residential","connectors":[{"connector_id":"c789f093-909f-4c2e-a709-c143692d3c5d","at":0.0},{"connector_id":"8c3c0980-a806-49ff-954b-f4c03fa82217","at":0.156678394},{"connector_id":"2963723f-b0e9-4d38-ac6c-ca9cc2198424","at":1.0}],"road_surface":[{"value":"paved","between":null}],"sources":[{"property":"","dataset":"OpenStreetMap","license":"ODbL-1.0","record_id":"w210670148@2","update_time":"2015-01-12T05:42:36Z","confidence":null,"between":null}],"version":2}},
{"id":"b2d18194-f318-471e-911f-b5b3a30b42a5","type":"Feature","geometry":{"type":"LineString","coordinates":[[80.935907,26.8401356],[80.9361435,26.8402135],[80.9366493,26.8404245],[80.937214,26.8406082]]},"properties":{"names":{"primary":"Ashok Marg","common":null,"rules":[{"variant":"common","language":null,"perspectives":null,"value":"Ashok Marg","between":null,"side":null}]},"subtype":"road","class":"primary","connectors":[{"connector_id":"2963723f-b0e9-4d38-ac6c-ca9cc2198424","at":0.0},{"connector_id":"99ebcd84-9898-42a6-9a99-b1f5ac9f87d0","at":0.574116217},{"connector_id":"a5f41004-af58-4315-9c2f-c33290adb133","at":1.0}],"road_surface":[{"value":"paved","between":null}],"access_restrictions":[{"access_type":"denied","when":{"during":null,"heading":"backward","using":null,"recognized":null,"mode":null,"vehicle":null},"between":null}],"routes":[{"name":"National Highway 25","network":"IN:NH","ref":null,"symbol":null,"wikidata":null,"between":null},{"name":"National Highway 25 UP","network":"IN:NH","ref":null,"symbol":null,"wikidata":null,"between":null}],"sources":[{"property":"/routes","dataset":"OpenStreetMap","license":"ODbL-1.0","record_id":"r1453629@103","update_time":null,"confidence":null,"between":null},{"property":"/routes","dataset":"OpenStreetMap","license":"ODbL-1.0","record_id":"r2890907@79","update_time":null,"confidence":null,"between":null},{"property":"","dataset":"OpenStreetMap","license":"ODbL-1.0","record_id":"w996187115@3","update_time":"2026-01-13T12:18:15Z","confidence":null,"between":null}],"version":5}},
{"id":"fb953aae-69ff-41bf-8000-8f5cf17725ed","type":"Feature","geometry":{"type":"LineString","coordinates":[[80.9366493,26.8404245],[80.9365206,26.8406101],[80.9362648,26.8408531]]},"properties":{"subtype":"road","class":"service","connectors":[{"connector_id":"99ebcd84-9898-42a6-9a99-b1f5ac9f87d0","at":0.0},{"connector_id":"b08d2274-23d6-4785-8b36-b6129531bdcd","at":1.0}],"road_surface":[{"value":"paved","between":null}],"sources":[{"property":"","dataset":"OpenStreetMap","license":"ODbL-1.0","record_id":"w213850625@1","update_time":"2015-01-12T05:42:36Z","confidence":null,"between":null}],"version":1}},
{"id":"be75949e-48d8-4c5f-a692-069f7efe895a","type":"Feature","geometry":{"type":"LineString","coordinates":[[80.9372809,26.8404764],[80.9365748,26.8402285],[80.9361473,26.8400784]]},"properties":{"names":{"primary":"Ashok Marg","common":null,"rules":[{"variant":"common","language":null,"perspectives":null,"value":"Ashok Marg","between":null,"side":null}]},"subtype":"road","class":"primary","connectors":[{"connector_id":"a53949d0-ed17-4607-9c6d-f8c3b4b4ea85","at":0.0},{"connector_id":"46f36f5f-9379-4a79-ae61-ee14b1988ad5","at":0.622880035},{"connector_id":"f03ec79b-cebb-47ee-8cc2-19e4167e6f01","at":1.0}],"road_surface":[{"value":"paved","between":null}],"access_restrictions":[{"access_type":"denied","when":{"during":null,"heading":"backward","using":null,"recognized":null,"mode":null,"vehicle":null},"between":null}],"routes":[{"name":"National Highway 25","network":"IN:NH","ref":null,"symbol":null,"wikidata":null,"between":null},{"name":"National Highway 25 UP","network":"IN:NH","ref":null,"symbol":null,"wikidata":null,"between":null}],"sources":[{"property":"/routes","dataset":"OpenStreetMap","license":"ODbL-1.0","record_id":"r1453629@103","update_time":null,"confidence":null,"between":null},{"property":"/routes","dataset":"OpenStreetMap","license":"ODbL-1.0","record_id":"r2890907@79","update_time":null,"confidence":null,"between":null},{"property":"","dataset":"OpenStreetMap","license":"ODbL-1.0","record_id":"w996187116@4","update_time":"2026-01-13T12:18:15Z","confidence":null,"between":null}],"version":6}},
{"id":"1a08b8a2-cb3f-432b-8c30-823413b3792f","type":"Feature","geometry":{"type":"LineString","coordinates":[[80.9365748,26.8402285],[80.9367142,26.8398245],[80.9369386,26.8395783]]},"properties":{"subtype":"road","class":"service","connectors":[{"connector_id":"46f36f5f-9379-4a79-ae61-ee14b1988ad5","at":0.0},{"connector_id":"1fd337fd-a1c4-4ab1-9391-078ee537d184","at":1.0}],"sources":[{"property":"","dataset":"OpenStreetMap","license":"ODbL-1.0","record_id":"w1100995095@1","update_time":"2022-10-05T06:17:52Z","confidence":null,"between":null}],"version":1}},
{"id":"67805cb4-23ee-4b5a-bcea-3a437e5aaced","type":"Feature","geometry":{"type":"LineString","coordinates":[[80.9376188,26.8399487],[80.9379254,26.8400624]]},"properties":{"subtype":"road","class":"service","connectors":[{"connector_id":"265cc308-3689-4507-878a-53eaf9dcbb4f","at":0.0},{"connector_id":"32b5122a-12ea-4cf6-9629-690339ddbd8f","at":1.0}],"sources":[{"property":"","dataset":"OpenStreetMap","license":"ODbL-1.0","record_id":"w734302985@1","update_time":"2019-10-14T01:31:09Z","confidence":null,"between":null}],"version":1}},
{"id":"538ae5ea-36f5-493d-a597-ef72d69d0213","type":"Feature","geometry":{"type":"LineString","coordinates":[[80.9373759,26.8405098],[80.9372809,26.8404764]]},"properties":{"names":{"primary":"Ashok Marg","common":null,"rules":[{"variant":"common","language":null,"perspectives":null,"value":"Ashok Marg","between":null,"side":null}]},"subtype":"road","class":"primary","connectors":[{"connector_id":"fe2900e0-dc60-4344-a76d-b1129b2d5a1a","at":0.0},{"connector_id":"a53949d0-ed17-4607-9c6d-f8c3b4b4ea85","at":1.0}],"road_surface":[{"value":"paved","between":null}],"access_restrictions":[{"access_type":"denied","when":{"during":null,"heading":"backward","using":null,"recognized":null,"mode":null,"vehicle":null},"between":null}],"routes":[{"name":"National Highway 25","network":"IN:NH","ref":null,"symbol":null,"wikidata":null,"between":null},{"name":"National Highway 25 UP","network":"IN:NH","ref":null,"symbol":null,"wikidata":null,"between":null}],"sources":[{"property":"/routes","dataset":"OpenStreetMap","license":"ODbL-1.0","record_id":"r1453629@103","update_time":null,"confidence":null,"between":null},{"property":"/routes","dataset":"OpenStreetMap","license":"ODbL-1.0","record_id":"r2890907@79","update_time":null,"confidence":null,"between":null},{"property":"","dataset":"OpenStreetMap","license":"ODbL-1.0","record_id":"w1466738888@1","update_time":"2026-01-13T12:18:15Z","confidence":null,"between":null}],"version":5}},
{"id":"55cd93df-4156-4c23-8bd3-685a6b0d237e","type":"Feature","geometry":{"type":"LineString","coordinates":[[80.9372809,26.8404764],[80.937214,26.8406082]]},"properties":{"names":{"primary":"Burlington Chauraha","common":null,"rules":[{"variant":"common","language":null,"perspectives":null,"value":"Burlington Chauraha","between":null,"side":null}]},"subtype":"road","class":"tertiary","connectors":[{"connector_id":"a53949d0-ed17-4607-9c6d-f8c3b4b4ea85","at":0.0},{"connector_id":"a5f41004-af58-4315-9c2f-c33290adb133","at":1.0}],"road_surface":[{"value":"paved","between":null}],"access_restrictions":[{"access_type":"denied","when":{"during":null,"heading":"backward","using":null,"recognized":null,"mode":null,"vehicle":null},"between":null}],"sources":[{"property":"","dataset":"OpenStreetMap","license":"ODbL-1.0","record_id":"w1466738889@1","update_time":"2026-01-13T12:18:15Z","confidence":null,"between":null}],"version":2}},
{"id":"70dc4597-5e03-4b77-94a9-e03d93a3bf85","type":"Feature","geometry":{"type":"LineString","coordinates":[[80.9373079,26.8406388],[80.9373759,26.8405098]]},"properties":{"names":{"primary":"Burlington Chauraha","common":null,"rules":[{"variant":"common","language":null,"perspectives":null,"value":"Burlington Chauraha","between":null,"side":null}]},"subtype":"road","class":"tertiary","connectors":[{"connector_id":"672030f4-1750-441b-b79e-46fbea8d418f","at":0.0},{"connector_id":"fe2900e0-dc60-4344-a76d-b1129b2d5a1a","at":1.0}],"road_surface":[{"value":"paved","between":null}],"access_restrictions":[{"access_type":"denied","when":{"during":null,"heading":"backward","using":null,"recognized":null,"mode":null,"vehicle":null},"between":null}],"sources":[{"property":"","dataset":"OpenStreetMap","license":"ODbL-1.0","record_id":"w996187117@3","update_time":"2026-01-13T12:18:15Z","confidence":null,"between":null}],"version":2}},
{"id":"ea73c94d-0f9e-4626-940e-1380311a0d75","type":"Feature","geometry":{"type":"LineString","coordinates":[[80.937214,26.8406082],[80.9373079,26.8406388]]},"properties":{"names":{"primary":"Ashok Marg","common":null,"rules":[{"variant":"common","language":null,"perspectives":null,"value":"Ashok Marg","between":null,"side":null}]},"subtype":"road","class":"primary","connectors":[{"connector_id":"a5f41004-af58-4315-9c2f-c33290adb133","at":0.0},{"connector_id":"672030f4-1750-441b-b79e-46fbea8d418f","at":1.0}],"road_surface":[{"value":"paved","between":null}],"access_restrictions":[{"access_type":"denied","when":{"during":null,"heading":"backward","using":null,"recognized":null,"mode":null,"vehicle":null},"between":null}],"routes":[{"name":"National Highway 25","network":"IN:NH","ref":null,"symbol":null,"wikidata":null,"between":null},{"name":"National Highway 25 UP","network":"IN:NH","ref":null,"symbol":null,"wikidata":null,"between":null}],"sources":[{"property":"/routes","dataset":"OpenStreetMap","license":"ODbL-1.0","record_id":"r1453629@103","update_time":null,"confidence":null,"between":null},{"property":"/routes","dataset":"OpenStreetMap","license":"ODbL-1.0","record_id":"r2890907@79","update_time":null,"confidence":null,"between":null},{"property":"","dataset":"OpenStreetMap","license":"ODbL-1.0","record_id":"w1466738885@1","update_time":"2026-01-13T12:18:15Z","confidence":null,"between":null}],"version":5}},
{"id":"00bf7577-172f-413d-869a-c792fdcaef0c","type":"Feature","geometry":{"type":"LineString","coordinates":[[80.9382717,26.8406041],[80.9378339,26.8404538],[80.9377981,26.8403556],[80.9379254,26.8400624],[80.9379755,26.839947],[80.9380855,26.8399433],[80.938483,26.8401175],[80.9388089,26.840185],[80.938985,26.8402943],[80.9389753,26.8404525],[80.9388172,26.840682],[80.9386453,26.8406452],[80.9383037,26.8405302]]},"properties":{"subtype":"road","class":"service","connectors":[{"connector_id":"0fc28b14-b58d-4673-a2ad-d04c2add1901","at":0.0},{"connector_id":"32b5122a-12ea-4cf6-9629-690339ddbd8f","at":0.292752421},{"connector_id":"c11c240e-a296-45cd-8b7b-7714e93028df","at":0.509029725},{"connector_id":"ecd26634-7db9-4394-89f9-73b27ec7106f","at":1.0}],"road_surface":[{"value":"paved","between":null}],"sources":[{"property":"","dataset":"OpenStreetMap","license":"ODbL-1.0","record_id":"w213850550@2","update_time":"2019-10-14T01:31:09Z","confidence":null,"between":null}],"version":1}},
{"id":"6a321eec-f1e7-4a11-b316-a8288ed21157","type":"Feature","geometry":{"type":"LineString","coordinates":[[80.9381724,26.8408052],[80.9382717,26.8406041],[80.9383037,26.8405302],[80.938483,26.8401175]]},"properties":{"subtype":"road","class":"service","connectors":[{"connector_id":"55c9f9e1-5a4d-4eb6-b439-566b05b628f6","at":0.0},{"connector_id":"0fc28b14-b58d-4673-a2ad-d04c2add1901","at":0.296358525},{"connector_id":"ecd26634-7db9-4394-89f9-73b27ec7106f","at":0.403181103},{"connector_id":"c11c240e-a296-45cd-8b7b-7714e93028df","at":1.0}],"road_surface":[{"value":"paved","between":null}],"sources":[{"property":"","dataset":"OpenStreetMap","license":"ODbL-1.0","record_id":"w213850663@1","update_time":"2016-06-15T11:34:58Z","confidence":null,"between":null}],"version":1}},
{"id":"dc881283-897f-4706-90dc-63332a3965ad","type":"Feature","geometry":{"type":"LineString","coordinates":[[80.9381581,26.8386664],[80.9380834,26.8387592],[80.9379024,26.8391427],[80.9377201,26.8395445],[80.9375602,26.8399208],[80.9374277,26.8402099],[80.9373499,26.8403809],[80.937316,26.8404428],[80.9372809,26.8404764]]},"properties":{"names":{"primary":"Cantonment Road","common":null,"rules":[{"variant":"common","language":null,"perspectives":null,"value":"Cantonment Road","between":null,"side":null}]},"subtype":"road","class":"tertiary","connectors":[{"connector_id":"30527489-8b5e-4f28-83ed-802c94b8c2a4","at":0.0},{"connector_id":"5a6b0576-bf8c-4d86-b26b-156400801658","at":0.057818758},{"connector_id":"907c491b-1e0b-4a42-b83c-39f9d71145dd","at":0.848611539},{"connector_id":"a53949d0-ed17-4607-9c6d-f8c3b4b4ea85","at":1.0}],"road_surface":[{"value":"paved","between":null}],"access_restrictions":[{"access_type":"denied","when":{"during":null,"heading":"backward","using":null,"recognized":null,"mode":null,"vehicle":null},"between":null}],"sources":[{"property":"","dataset":"OpenStreetMap","license":"ODbL-1.0","record_id":"w1466738886@1","update_time":"2026-01-13T12:18:15Z","confidence":null,"between":null}],"version":1}},
{"id":"8c9ee362-9829-4070-874e-687b3724b77b","type":"Feature","geometry":{"type":"LineString","coordinates":[[80.9373759,26.8405098],[80.9374872,26.8402516],[80.9376188,26.8399487],[80.9380961,26.8388499],[80.9381096,26.8388172],[80.9381209,26.8387804],[80.9381581,26.8386664]]},"properties":{"names":{"primary":"Cantonment Road","common":null,"rules":[{"variant":"common","language":null,"perspectives":null,"value":"Cantonment Road","between":null,"side":null}]},"subtype":"road","class":"tertiary","connectors":[{"connector_id":"fe2900e0-dc60-4344-a76d-b1129b2d5a1a","at":0.0},{"connector_id":"bdcc43a8-3c6c-45fc-8870-22f9904b8065","at":0.140308299},{"connector_id":"265cc308-3689-4507-878a-53eaf9dcbb4f","at":0.305076779},{"connector_id":"85d59405-0bc7-4aca-b2d4-7ad8d62df379","at":0.920449753},{"connector_id":"cc48260d-df9e-4cf7-85da-f4fbcad5a002","at":0.939796005},{"connector_id":"30527489-8b5e-4f28-83ed-802c94b8c2a4","at":1.0}],"road_surface":[{"value":"paved","between":null}],"access_restrictions":[{"access_type":"denied","when":{"during":null,"heading":"backward","using":null,"recognized":null,"mode":null,"vehicle":null},"between":null}],"sources":[{"property":"","dataset":"OpenStreetMap","license":"ODbL-1.0","record_id":"w1466738887@1","update_time":"2026-01-13T12:18:15Z","confidence":null,"between":null}],"version":1}},
{"id":"a6d70049-7a3c-4569-9356-cd6dbcfb426a","type":"Feature","geometry":{"type":"LineString","coordinates":[[80.9381209,26.8387804],[80.9380834,26.8387592],[80.9377107,26.8385388],[80.9375092,26.8387984],[80.9373256,26.8392069],[80.9371583,26.8394031],[80.9369386,26.8395783],[80.9372264,26.8400538],[80.9374277,26.8402099],[80.9374872,26.8402516]]},"properties":{"subtype":"road","class":"service","connectors":[{"connector_id":"cc48260d-df9e-4cf7-85da-f4fbcad5a002","at":0.0},{"connector_id":"5a6b0576-bf8c-4d86-b26b-156400801658","at":0.015561531},{"connector_id":"169b97d8-ca80-473a-96e5-6a5fb8c1ad05","at":0.17227945},{"connector_id":"1fd337fd-a1c4-4ab1-9391-078ee537d184","at":0.668326164},{"connector_id":"907c491b-1e0b-4a42-b83c-39f9d71145dd","at":0.973492164},{"connector_id":"bdcc43a8-3c6c-45fc-8870-22f9904b8065","at":1.0}],"road_surface":[{"value":"paved","between":null}],"sources":[{"property":"","dataset":"OpenStreetMap","license":"ODbL-1.0","record_id":"w213865314@3","update_time":"2026-01-13T12:18:15Z","confidence":null,"between":null}],"version":4}},
{"id":"5c94b1fd-623d-49b3-97f7-82cfc4a6bbf1","type":"Feature","geometry":{"type":"LineString","coordinates":[[80.9398701,26.8411956],[80.9403318,26.8409521],[80.9401705,26.8406934],[80.9399646,26.840363]]},"properties":{"subtype":"road","class":"service","connectors":[{"connector_id":"fbd5d735-d28b-40b3-97a7-bce9a7116b5f","at":0.0},{"connector_id":"f3fcfbb4-a1ff-4315-9a1e-322202f2792e","at":0.672383342},{"connector_id":"af28da50-a966-4777-b337-4f6807564d27","at":1.0}],"road_surface":[{"value":"paved","between":null}],"sources":[{"property":"","dataset":"OpenStreetMap","license":"ODbL-1.0","record_id":"w213850642@1","update_time":"2013-03-29T14:27:20Z","confidence":null,"between":null}],"version":2}},
{"id":"cf4a88a7-68a8-4e14-92cf-9653548913f2","type":"Feature","geometry":{"type":"LineString","coordinates":[[80.9404693,26.8402587],[80.940331,26.8403182]]},"properties":{"subtype":"road","class":"unknown","connectors":[{"connector_id":"eebed184-7dd4-478e-a542-874a4b593d9e","at":0.0},{"connector_id":"65c9b7f7-ee8b-41f5-a0dc-74e1f6339791","at":1.0}],"sources":[{"property":"","dataset":"TomTom","license":"ODbL-1.0","record_id":null,"update_time":null,"confidence":null,"between":null}],"version":1}},
{"id":"2dc6081e-44da-483f-9f76-bd2d12eddb07","type":"Feature","geometry":{"type":"LineString","coordinates":[[80.9409286,26.8399765],[80.9407785,26.8400688],[80.9406371,26.8401557],[80.9404693,26.8402587],[80.9406921,26.8405533]]},"properties":{"subtype":"road","class":"service","connectors":[{"connector_id":"52323c7c-bfef-4536-bb7a-fa7de027ceb4","at":0.0},{"connector_id":"352da6b0-46ee-4730-b590-f9d425e5e63f","at":0.190843897},{"connector_id":"b93dbb4c-3d29-4482-b3b3-18fafd1d9dca","at":0.370592973},{"connector_id":"eebed184-7dd4-478e-a542-874a4b593d9e","at":0.58381957},{"connector_id":"72c3e3b7-4cf7-4cf0-8f66-38eb0b37f23d","at":1.0}],"road_surface":[{"value":"paved","between":null}],"sources":[{"property":"","dataset":"OpenStreetMap","license":"ODbL-1.0","record_id":"w213850680@1","update_time":"2013-03-29T14:27:23Z","confidence":null,"between":null}],"version":2}},
{"id":"e6a43201-6e37-421b-8c93-ba8a7e92c540","type":"Feature","geometry":{"type":"LineString","coordinates":[[80.9413847,26.8410227],[80.9410352,26.8407457],[80.9409518,26.8406673],[80.9409018,26.8405852],[80.9409018,26.8405586],[80.9409394,26.8405135]]},"properties":{"subtype":"road","class":"residential","connectors":[{"connector_id":"332e030f-4302-4ffe-8c58-da8fe9544f24","at":0.0},{"connector_id":"0761c958-13df-4d15-8ce2-86854b07cd06","at":1.0}],"sources":[{"property":"","dataset":"OpenStreetMap","license":"ODbL-1.0","record_id":"w1118370756@1","update_time":"2022-11-30T14:30:06Z","confidence":null,"between":[0.0,0.749021751]},{"property":"","dataset":"OpenStreetMap","license":"ODbL-1.0","record_id":"w1118370759@1","update_time":"2022-11-30T14:30:06Z","confidence":null,"between":[0.749021751,1.0]}],"version":1}},
{"id":"039adfab-9e1b-4195-8dab-2467a4ce1f6a","type":"Feature","geometry":{"type":"LineString","coordinates":[[80.9414619,26.8404744],[80.941313,26.8403503],[80.9412002,26.8403769],[80.9410795,26.8404394],[80.9410108,26.8403769],[80.9409685,26.8403913],[80.9408255,26.8404661],[80.9406921,26.8405533],[80.9406307,26.840591]]},"properties":{"subtype":"road","class":"residential","connectors":[{"connector_id":"6fb94821-91b1-4c5c-b22a-5e068360e30a","at":0.0},{"connector_id":"d73b2ac1-b9b2-4b61-8912-b256afe8cefb","at":0.597949075},{"connector_id":"9993b3ea-f036-4ee0-aac0-e53d05bd4387","at":0.762278702},{"connector_id":"72c3e3b7-4cf7-4cf0-8f66-38eb0b37f23d","at":0.926136422},{"connector_id":"356ef444-6a79-4a55-b636-07887ce3b956","at":1.0}],"sources":[{"property":"","dataset":"OpenStreetMap","license":"ODbL-1.0","record_id":"w1118370758@1","update_time":"2022-11-30T14:30:06Z","confidence":null,"between":null}],"version":1}},
{"id":"a6c62e59-ec3a-4ef5-add9-4620dcfe7730","type":"Feature","geometry":{"type":"LineString","coordinates":[[80.9408255,26.8404661],[80.9406371,26.8401557]]},"properties":{"subtype":"road","class":"service","connectors":[{"connector_id":"9993b3ea-f036-4ee0-aac0-e53d05bd4387","at":0.0},{"connector_id":"b93dbb4c-3d29-4482-b3b3-18fafd1d9dca","at":1.0}],"road_surface":[{"value":"paved","between":null}],"sources":[{"property":"","dataset":"OpenStreetMap","license":"ODbL-1.0","record_id":"w213850612@1","update_time":"2013-03-29T14:27:19Z","confidence":null,"between":null}],"version":1}},
{"id":"9a77c5e1-2b08-41e9-b79e-38d2d8cc0ead","type":"Feature","geometry":{"type":"LineString","coordinates":[[80.9409685,26.8403913],[80.9407785,26.8400688]]},"properties":{"subtype":"road","class":"service","connectors":[{"connector_id":"d73b2ac1-b9b2-4b61-8912-b256afe8cefb","at":0.0},{"connector_id":"352da6b0-46ee-4730-b590-f9d425e5e63f","at":1.0}],"road_surface":[{"value":"paved","between":null}],"sources":[{"property":"","dataset":"OpenStreetMap","license":"ODbL-1.0","record_id":"w213850593@1","update_time":"2013-03-29T14:27:18Z","confidence":null,"between":null}],"version":1}},
{"id":"ec733439-f641-48d1-9849-0791d3531695","type":"Feature","geometry":{"type":"LineString","coordinates":[[80.9405325,26.8395395],[80.9406571,26.839677],[80.9409286,26.8399765],[80.9409699,26.8399741],[80.9412037,26.8403005]]},"properties":{"subtype":"road","class":"service","connectors":[{"connector_id":"cbbcb4a7-779d-4cff-bf78-c64162687bcd","at":0.0},{"connector_id":"94a5e14f-3335-47d3-a7c2-02cb494ff009","at":0.179292044},{"connector_id":"52323c7c-bfef-4536-bb7a-fa7de027ceb4","at":0.569878851},{"connector_id":"10c3cece-8add-47d9-8f72-f1a120b09d4f","at":1.0}],"road_surface":[{"value":"paved","between":null}],"sources":[{"property":"","dataset":"OpenStreetMap","license":"ODbL-1.0","record_id":"w213850669@1","update_time":"2013-03-29T14:27:22Z","confidence":null,"between":null}],"version":1}},
{"id":"3331f080-4b58-4a00-9c83-4d5729672da8","type":"Feature","geometry":{"type":"LineString","coordinates":[[80.9415833,26.8402011],[80.9418837,26.8399575],[80.9420495,26.8398231]]},"properties":{"subtype":"road","class":"service","connectors":[{"connector_id":"c753fe78-ec52-47e4-95b0-a738af1c23e6","at":0.0},{"connector_id":"7a673784-2de6-4783-a4f3-76e0bc7f8718","at":0.644397015},{"connector_id":"cb6d7e7f-e47e-4b24-b6e0-300d48de9c9a","at":1.0}],"road_surface":[{"value":"paved","between":null}],"sources":[{"property":"","dataset":"OpenStreetMap","license":"ODbL-1.0","record_id":"w213850638@1","update_time":"2013-03-29T14:27:20Z","confidence":null,"between":null}],"version":1}},
{"id":"35b22690-f345-4899-b1a2-15ba286c45bc","type":"Feature","geometry":{"type":"LineString","coordinates":[[80.9408701,26.8393142],[80.9409884,26.8394642],[80.9410033,26.8394831],[80.9411421,26.839659],[80.9412909,26.8398478],[80.9414093,26.8399978],[80.9414719,26.8400771],[80.9415833,26.8402011],[80.9415998,26.8403962],[80.941553,26.840444],[80.9416923,26.8406181]]},"properties":{"subtype":"road","class":"service","connectors":[{"connector_id":"2c9a8191-e581-4e8a-8c8a-15bacf737f0a","at":0.0},{"connector_id":"662c7bc6-0962-4341-a385-129a36eb7c1a","at":0.117226776},{"connector_id":"e1cd94b0-98e9-41fd-8766-9cfc055566db","at":0.131995429},{"connector_id":"960f6e9a-1a2a-4cda-81ae-c9b555c1f127","at":0.2694876},{"connector_id":"1a452d42-3c84-4085-b5c2-f6d91fa8c5cb","at":0.417003748},{"connector_id":"312747f6-ceab-459e-bdca-7e0e20abd46e","at":0.534263409},{"connector_id":"c753fe78-ec52-47e4-95b0-a738af1c23e6","at":0.697860014},{"connector_id":"744bf616-3631-49c8-a6ed-f02dfb2a7530","at":0.863277251},{"connector_id":"a9dad626-68bb-496d-ae7e-6f6435c4cb16","at":1.0}],"road_surface":[{"value":"paved","between":null}],"sources":[{"property":"","dataset":"OpenStreetMap","license":"ODbL-1.0","record_id":"w213850548@1","update_time":"2013-03-29T14:27:16Z","confidence":null,"between":null}],"version":1}},
{"id":"e08f3a0d-c46c-4dec-9922-1c02a1261ffd","type":"Feature","geometry":{"type":"LineString","coordinates":[[80.941553,26.840444],[80.9414619,26.8404744]]},"properties":{"subtype":"road","class":"residential","connectors":[{"connector_id":"744bf616-3631-49c8-a6ed-f02dfb2a7530","at":0.0},{"connector_id":"6fb94821-91b1-4c5c-b22a-5e068360e30a","at":1.0}],"sources":[{"property":"","dataset":"OpenStreetMap","license":"ODbL-1.0","record_id":"w1118370757@1","update_time":"2022-11-30T14:30:06Z","confidence":null,"between":null}],"version":1}},
{"id":"ecdf80fe-fb29-4c1e-b93c-260a1604d68d","type":"Feature","geometry":{"type":"LineString","coordinates":[[80.9414619,26.8404744],[80.941435,26.8404834],[80.941195,26.8407218]]},"properties":{"subtype":"road","class":"residential","connectors":[{"connector_id":"6fb94821-91b1-4c5c-b22a-5e068360e30a","at":0.0},{"connector_id":"8e7bb2fe-3e5f-49dc-9d62-4e896172ebb9","at":1.0}],"sources":[{"property":"","dataset":"OpenStreetMap","license":"ODbL-1.0","record_id":"w1118370757@1","update_time":"2022-11-30T14:30:06Z","confidence":null,"between":null}],"version":1}},
{"id":"72bf0368-55e4-4b5d-9b7c-cba484394517","type":"Feature","geometry":{"type":"LineString","coordinates":[[80.9427567,26.8389972],[80.9427783,26.8390793],[80.9429268,26.8392032],[80.942528,26.8397481],[80.9423423,26.8399677],[80.9419545,26.8403371],[80.9417455,26.8405469],[80.9416923,26.8406181],[80.9416333,26.8406972],[80.9415368,26.8408266],[80.941491,26.840888],[80.9413847,26.8410227],[80.9411669,26.8412987],[80.940967,26.8415519],[80.9406348,26.8419506]]},"properties":{"subtype":"road","class":"service","connectors":[{"connector_id":"634292f5-182a-40d2-bbba-4d9341e42dc8","at":0.0},{"connector_id":"84c4bb0f-7096-4f7b-83a2-90b7b848416f","at":0.071886214},{"connector_id":"a9dad626-68bb-496d-ae7e-6f6435c4cb16","at":0.558353304},{"connector_id":"c6b5bde6-452d-4210-bc60-44520b7cc94e","at":0.584046591},{"connector_id":"98d40b78-ee13-471c-9ffd-371705bc652a","at":0.62607586},{"connector_id":"332e030f-4302-4ffe-8c58-da8fe9544f24","at":0.690573756},{"connector_id":"bcd05a67-b3ae-4ff2-9363-be83b96a719d","at":0.781862813},{"connector_id":"ddb303eb-3997-4dce-872a-3748e76a4cab","at":1.0}],"road_surface":[{"value":"paved","between":null}],"sources":[{"property":"","dataset":"OpenStreetMap","license":"ODbL-1.0","record_id":"w213850549@2","update_time":"2022-11-30T14:30:06Z","confidence":null,"between":null}],"version":4}},
{"id":"2dad58af-d4f7-409b-b865-c92151943089","type":"Feature","geometry":{"type":"LineString","coordinates":[[80.9433681,26.8398393],[80.9433027,26.839926],[80.9431525,26.8400624],[80.9430934,26.8400936],[80.9429768,26.8400864],[80.9428641,26.8401498],[80.9428065,26.8402653]]},"properties":{"subtype":"road","class":"residential","connectors":[{"connector_id":"0f96d4c9-79df-4641-be2f-d9865b989a8a","at":0.0},{"connector_id":"ccd95b08-a50f-49d7-b348-ecd54c0ef18f","at":0.82144424},{"connector_id":"b1957403-8bc4-43e0-b687-29a5ce34e1b5","at":1.0}],"road_surface":[{"value":"paved","between":null}],"sources":[{"property":"","dataset":"OpenStreetMap","license":"ODbL-1.0","record_id":"w756126523@3","update_time":"2025-04-11T18:51:08Z","confidence":null,"between":null}],"version":2}},
{"id":"6f740d6b-403c-48a4-9a7a-9b5116602cf9","type":"Feature","geometry":{"type":"LineString","coordinates":[[80.9428641,26.8401498],[80.9425065,26.8398759]]},"properties":{"subtype":"road","class":"unknown","connectors":[{"connector_id":"ccd95b08-a50f-49d7-b348-ecd54c0ef18f","at":0.0},{"connector_id":"3485d131-5ab7-426c-8200-612fcb583b47","at":1.0}],"sources":[{"property":"","dataset":"TomTom","license":"ODbL-1.0","record_id":null,"update_time":null,"confidence":null,"between":null}],"version":1}},
{"id":"c339ae6c-7397-4699-989c-a03905c117d4","type":"Feature","geometry":{"type":"LineString","coordinates":[[80.9457516,26.8397355],[80.9453487,26.8400086],[80.945309,26.8400536],[80.9452921,26.8400817],[80.9452983,26.8401181],[80.9453752,26.8402564],[80.9453984,26.8403269],[80.945401,26.8403709],[80.9453943,26.8404451],[80.9453576,26.8404967],[80.9453067,26.8405605],[80.9452348,26.8406417]]},"properties":{"subtype":"road","class":"unknown","connectors":[{"connector_id":"4f0b0833-8ff2-4b81-8203-241962891195","at":0.0},{"connector_id":"535b2681-cb97-4e50-bdc4-e8d891ece2f3","at":1.0}],"sources":[{"property":"","dataset":"TomTom","license":"ODbL-1.0","record_id":null,"update_time":null,"confidence":null,"between":null}],"version":1}},
{"id":"54150811-bf2f-421d-858e-7e81919a682d","type":"Feature","geometry":{"type":"LineString","coordinates":[[80.9466501,26.840389],[80.9468234,26.8406381],[80.946679,26.8407375],[80.9468569,26.8409966]]},"properties":{"subtype":"road","class":"service","connectors":[{"connector_id":"8caae9d8-8087-486c-9a14-8ce8dbff0d64","at":0.0},{"connector_id":"122251e5-6195-46c7-80c8-2ee28ad48949","at":1.0}],"road_surface":[{"value":"paved","between":null}],"sources":[{"property":"","dataset":"OpenStreetMap","license":"ODbL-1.0","record_id":"w213237791@1","update_time":"2013-03-27T23:47:09Z","confidence":null,"between":null}],"version":1}},
{"id":"d8f6856d-5913-4677-8910-d2bba25978a0","type":"Feature","geometry":{"type":"LineString","coordinates":[[80.9456804,26.8406792],[80.9457803,26.8406169],[80.945914,26.8405569]]},"properties":{"subtype":"road","class":"unknown","connectors":[{"connector_id":"5c7f6340-ea43-464b-a95b-6f5992d4423c","at":0.0},{"connector_id":"4c21b483-1fb9-488b-92cf-b80f703b69a6","at":1.0}],"sources":[{"property":"","dataset":"TomTom","license":"ODbL-1.0","record_id":null,"update_time":null,"confidence":null,"between":null}],"version":1}},
{"id":"43b99d39-e4ed-44ce-84af-2bdbef0893ad","type":"Feature","geometry":{"type":"LineString","coordinates":[[80.9456804,26.8406792],[80.9455406,26.8407632],[80.9454818,26.840789],[80.9454267,26.8407826],[80.9453797,26.8407547],[80.9452348,26.8406417]]},"properties":{"subtype":"road","class":"unknown","connectors":[{"connector_id":"5c7f6340-ea43-464b-a95b-6f5992d4423c","at":0.0},{"connector_id":"535b2681-cb97-4e50-bdc4-e8d891ece2f3","at":1.0}],"sources":[{"property":"","dataset":"TomTom","license":"ODbL-1.0","record_id":null,"update_time":null,"confidence":null,"between":null}],"version":1}},
{"id":"0c8b72c7-f745-4a48-aff0-dfd6156a7b3d","type":"Feature","geometry":{"type":"LineString","coordinates":[[80.9451424,26.8405895],[80.9452348,26.8406417]]},"properties":{"subtype":"road","class":"unknown","connectors":[{"connector_id":"a14ee2c1-71bd-4eb5-beb5-6c4542857e37","at":0.0},{"connector_id":"535b2681-cb97-4e50-bdc4-e8d891ece2f3","at":1.0}],"sources":[{"property":"","dataset":"TomTom","license":"ODbL-1.0","record_id":null,"update_time":null,"confidence":null,"between":null}],"version":1}},
{"id":"f4c5af2b-9687-444e-8a9b-ce3fea8d1d97","type":"Feature","geometry":{"type":"LineString","coordinates":[[80.9448073,26.8396438],[80.9448477,26.839912],[80.9452153,26.8404881],[80.9451424,26.8405895],[80.9449819,26.8408127],[80.9448628,26.8409432],[80.9443245,26.8415329],[80.944166,26.8415729]]},"properties":{"subtype":"road","class":"service","connectors":[{"connector_id":"40eb82ea-281e-4e67-93cc-c76d56208e49","at":0.0},{"connector_id":"a14ee2c1-71bd-4eb5-beb5-6c4542857e37","at":0.439762353},{"connector_id":"c95c032b-7232-4857-bdc0-bb44b3d3141c","at":0.620762673},{"connector_id":"830de0f1-aff6-4c7b-a72b-4aab83bc7072","at":1.0}],"road_surface":[{"value":"paved","between":null}],"sources":[{"property":"","dataset":"OpenStreetMap","license":"ODbL-1.0","record_id":"w213237823@1","update_time":"2023-08-31T09:58:56Z","confidence":null,"between":null}],"version":3}},
{"id":"7e4479bd-9209-4680-b4b5-a22ad1cfb037","type":"Feature","geometry":{"type":"LineString","coordinates":[[80.9442225,26.8408341],[80.9443163,26.840377],[80.9443204,26.8402465],[80.9443016,26.8401006],[80.944201,26.8397715]]},"properties":{"subtype":"road","class":"unknown","connectors":[{"connector_id":"96f2e054-8839-4ce4-adb3-2dd09809718e","at":0.0},{"connector_id":"e6f7e6d4-d54c-4a05-bcbe-c28ee04dd3c3","at":1.0}],"sources":[{"property":"","dataset":"TomTom","license":"ODbL-1.0","record_id":null,"update_time":null,"confidence":null,"between":null}],"version":1}},
{"id":"07dbe34e-8425-4aa3-adba-d6a4654d2b9b","type":"Feature","geometry":{"type":"LineString","coordinates":[[80.9439967,26.8397356],[80.9440868,26.8407208],[80.9440947,26.8408399],[80.9441377,26.8414856],[80.944166,26.8415729],[80.944131,26.841661]]},"properties":{"subtype":"road","class":"tertiary","connectors":[{"connector_id":"de3bef8d-4fe9-4879-80d9-af3b773056b1","at":0.0},{"connector_id":"93959b2f-6106-4fb3-96db-ae2e0c1635de","at":0.571302034},{"connector_id":"830de0f1-aff6-4c7b-a72b-4aab83bc7072","at":0.951768045},{"connector_id":"51001457-57b4-4e6e-9532-8b6d76e161db","at":1.0}],"road_surface":[{"value":"paved","between":null}],"sources":[{"property":"","dataset":"OpenStreetMap","license":"ODbL-1.0","record_id":"w209615265@2","update_time":"2024-04-29T08:45:16Z","confidence":null,"between":null}],"version":2}},
{"id":"12cd6edb-5ceb-423d-8b56-5a5968ba7080","type":"Feature","geometry":{"type":"LineString","coordinates":[[80.9440947,26.8408399],[80.9442225,26.8408341]]},"properties":{"subtype":"road","class":"unknown","connectors":[{"connector_id":"93959b2f-6106-4fb3-96db-ae2e0c1635de","at":0.0},{"connector_id":"96f2e054-8839-4ce4-adb3-2dd09809718e","at":1.0}],"sources":[{"property":"","dataset":"TomTom","license":"ODbL-1.0","record_id":null,"update_time":null,"confidence":null,"between":null}],"version":1}},
{"id":"411890db-e7de-43b7-9833-55107f469b63","type":"Feature","geometry":{"type":"LineString","coordinates":[[80.9439539,26.8417625],[80.9440471,26.8417091],[80.944131,26.841661]]},"properties":{"subtype":"road","class":"tertiary","connectors":[{"connector_id":"23a03a81-1b85-4189-a4a2-0ac1836f1d81","at":0.0},{"connector_id":"659293f4-a80a-460c-b8bd-4be902ea4f11","at":0.526213379},{"connector_id":"51001457-57b4-4e6e-9532-8b6d76e161db","at":1.0}],"road_surface":[{"value":"paved","between":null}],"sources":[{"property":"","dataset":"OpenStreetMap","license":"ODbL-1.0","record_id":"w1272987172@1","update_time":"2024-04-16T08:32:57Z","confidence":null,"between":null}],"version":2}},
{"id":"e7ad7eaf-76a7-4036-afc7-b3d9ae89969b","type":"Feature","geometry":{"type":"LineString","coordinates":[[80.9435346,26.8411639],[80.9440471,26.8417091]]},"properties":{"subtype":"road","class":"unknown","connectors":[{"connector_id":"ee8d9c5e-ab1c-4ed6-a035-5f33e32188bc","at":0.0},{"connector_id":"659293f4-a80a-460c-b8bd-4be902ea4f11","at":1.0}],"sources":[{"property":"","dataset":"TomTom","license":"ODbL-1.0","record_id":null,"update_time":null,"confidence":null,"between":null}],"version":1}},
{"id":"ec091567-a6da-4490-b3d7-8d3152abceb0","type":"Feature","geometry":{"type":"LineString","coordinates":[[80.9448628,26.8409432],[80.9450218,26.8411376],[80.9450772,26.8412221],[80.94511,26.8412798],[80.9451129,26.8413084],[80.9450835,26.8413446],[80.9448595,26.8414891],[80.944836,26.8415175],[80.9448295,26.8415487],[80.9448296,26.841576],[80.9448469,26.8416364],[80.944969,26.8419031]]},"properties":{"subtype":"road","class":"unknown","connectors":[{"connector_id":"c95c032b-7232-4857-bdc0-bb44b3d3141c","at":0.0},{"connector_id":"67a251d4-d2b2-4b09-a9fe-b2d859178c6b","at":1.0}],"sources":[{"property":"","dataset":"TomTom","license":"ODbL-1.0","record_id":null,"update_time":null,"confidence":null,"between":null}],"version":1}},
{"id":"20266e30-92c2-4814-b946-3614fd5b77c0","type":"Feature","geometry":{"type":"LineString","coordinates":[[80.9442225,26.8408341],[80.9445004,26.8408479]]},"properties":{"subtype":"road","class":"unknown","connectors":[{"connector_id":"96f2e054-8839-4ce4-adb3-2dd09809718e","at":0.0},{"connector_id":"75f6a2bb-d825-4847-9cc1-1e8775199843","at":1.0}],"sources":[{"property":"","dataset":"TomTom","license":"ODbL-1.0","record_id":null,"update_time":null,"confidence":null,"between":null}],"version":1}},
{"id":"23037bc1-846f-4e6f-8f25-bf9b29739950","type":"Feature","geometry":{"type":"LineString","coordinates":[[80.9456804,26.8406792],[80.9458176,26.8409381]]},"properties":{"subtype":"road","class":"unknown","connectors":[{"connector_id":"5c7f6340-ea43-464b-a95b-6f5992d4423c","at":0.0},{"connector_id":"5d66265e-71f1-4bdf-8bd2-ef9adaa30498","at":1.0}],"sources":[{"property":"","dataset":"TomTom","license":"ODbL-1.0","record_id":null,"update_time":null,"confidence":null,"between":null}],"version":1}},
{"id":"483c6a89-bb21-4b8e-b0d0-256b0188d8e6","type":"Feature","geometry":{"type":"LineString","coordinates":[[80.9463364,26.8412938],[80.9462372,26.8411746],[80.9459901,26.841315]]},"properties":{"subtype":"road","class":"service","connectors":[{"connector_id":"f00f1e20-1f91-4fc7-a3a6-4341ee74ae33","at":0.0},{"connector_id":"d143ab92-f1d1-4fb0-a092-37308a5b5bee","at":1.0}],"road_surface":[{"value":"paved","between":null}],"sources":[{"property":"","dataset":"OpenStreetMap","license":"ODbL-1.0","record_id":"w213237754@1","update_time":"2016-05-06T08:31:54Z","confidence":null,"between":null}],"version":1}},
{"id":"83a52786-a393-4145-9956-595fa70ba39e","type":"Feature","geometry":{"type":"LineString","coordinates":[[80.9458368,26.8413847],[80.9459901,26.841315],[80.9460983,26.8414582]]},"properties":{"subtype":"road","class":"service","connectors":[{"connector_id":"da56750a-17cb-4137-86c1-9e9060a45de8","at":0.0},{"connector_id":"d143ab92-f1d1-4fb0-a092-37308a5b5bee","at":0.47123516},{"connector_id":"d8c7436e-a03d-44f3-8fff-3c7738c37f3c","at":1.0}],"road_surface":[{"value":"paved","between":null}],"sources":[{"property":"","dataset":"OpenStreetMap","license":"ODbL-1.0","record_id":"w1192258956@1","update_time":"2023-07-26T07:02:03Z","confidence":null,"between":null}],"version":1}},
{"id":"ef65fa1b-aa8e-4bd9-8a00-d6e8000fb07c","type":"Feature","geometry":{"type":"LineString","coordinates":[[80.9460983,26.84167],[80.9456215,26.8419069],[80.945558,26.8419185],[80.945175,26.8419881],[80.9446418,26.8422352]]},"properties":{"subtype":"road","class":"service","connectors":[{"connector_id":"fd1c0e4e-094f-4029-8e03-204fa579e484","at":0.0},{"connector_id":"e7d045cc-d973-439b-ad74-d3746bb63c3e","at":0.38097287},{"connector_id":"2df19953-3a1c-48b6-98ba-edccb26853fa","at":1.0}],"sources":[{"property":"","dataset":"OpenStreetMap","license":"ODbL-1.0","record_id":"w994845780@1","update_time":"2021-10-20T08:24:55Z","confidence":null,"between":null}],"version":1}},
{"id":"d78ce4e8-18e9-46c1-9532-73ad74e9b766","type":"Feature","geometry":{"type":"LineString","coordinates":[[80.9452514,26.8426295],[80.9458317,26.8423189]]},"properties":{"subtype":"road","class":"service","connectors":[{"connector_id":"f4a7ed95-2f9e-45ed-b23c-275d2e754a38","at":0.0},{"connector_id":"9f2656ad-d065-43d0-907e-dc8a545e02b1","at":1.0}],"sources":[{"property":"","dataset":"OpenStreetMap","license":"ODbL-1.0","record_id":"w994845782@1","update_time":"2021-10-20T08:24:55Z","confidence":null,"between":null}],"version":1}},
{"id":"b9239cc5-0a39-494a-b6bb-43507c15f3e7","type":"Feature","geometry":{"type":"LineString","coordinates":[[80.9473369,26.8425219],[80.9472083,26.8431601]]},"properties":{"subtype":"road","class":"service","connectors":[{"connector_id":"5dc93fa1-8f65-4557-a0cb-98029683623f","at":0.0},{"connector_id":"4bde9275-3da1-44c1-a974-6aa6e0af93ca","at":1.0}],"road_surface":[{"value":"paved","between":null}],"sources":[{"property":"","dataset":"OpenStreetMap","license":"ODbL-1.0","record_id":"w213237768@2","update_time":"2023-09-11T12:32:53Z","confidence":null,"between":null}],"version":1}},
{"id":"7a60a39b-4af6-4ab8-b4ca-e2bb3777f7b7","type":"Feature","geometry":{"type":"LineString","coordinates":[[80.945558,26.8419185],[80.9458317,26.8423189],[80.9461299,26.8427552],[80.9461299,26.8428032],[80.9459852,26.8429286],[80.9456587,26.8431277],[80.9455884,26.8431277],[80.9452514,26.8426295],[80.9450221,26.8422905]]},"properties":{"subtype":"road","class":"service","connectors":[{"connector_id":"e7d045cc-d973-439b-ad74-d3746bb63c3e","at":0.0},{"connector_id":"9f2656ad-d065-43d0-907e-dc8a545e02b1","at":0.180202321},{"connector_id":"f4a7ed95-2f9e-45ed-b23c-275d2e754a38","at":0.847866554},{"connector_id":"8714bc9e-48b8-4c42-92ae-4f97fa962fca","at":1.0}],"sources":[{"property":"","dataset":"OpenStreetMap","license":"ODbL-1.0","record_id":"w994845781@1","update_time":"2021-10-20T08:24:55Z","confidence":null,"between":null}],"version":1}},
{"id":"8bbf5967-4e56-443e-8fc5-14726f9a6e64","type":"Feature","geometry":{"type":"LineString","coordinates":[[80.9452514,26.8426295],[80.944948,26.8427945]]},"properties":{"subtype":"road","class":"service","connectors":[{"connector_id":"f4a7ed95-2f9e-45ed-b23c-275d2e754a38","at":0.0},{"connector_id":"ee2fed76-b79b-4dc7-bd92-7528dbcfd1cd","at":1.0}],"sources":[{"property":"","dataset":"OpenStreetMap","license":"ODbL-1.0","record_id":"w1124953497@1","update_time":"2022-12-26T11:07:12Z","confidence":null,"between":null}],"version":1}},
{"id":"de0714fc-9ccd-4247-aac3-cb99771a0012","type":"Feature","geometry":{"type":"LineString","coordinates":[[80.944131,26.841661],[80.9447248,26.8424711]]},"properties":{"subtype":"road","class":"tertiary","connectors":[{"connector_id":"51001457-57b4-4e6e-9532-8b6d76e161db","at":0.0},{"connector_id":"a8c4f137-0dee-4e13-9afd-199f4237b66e","at":1.0}],"road_surface":[{"value":"paved","between":null}],"sources":[{"property":"","dataset":"OpenStreetMap","license":"ODbL-1.0","record_id":"w209615169@2","update_time":"2023-10-01T14:41:03Z","confidence":null,"between":null}],"version":1}},
{"id":"f067c061-256b-48db-bf48-e994fa6f46b6","type":"Feature","geometry":{"type":"LineString","coordinates":[[80.94479,26.8425656],[80.9439565,26.8433263],[80.94389,26.843387],[80.9437908,26.8433696],[80.9434367,26.8433054],[80.9432948,26.8432724],[80.9431994,26.8431822],[80.9433103,26.8430624],[80.9432753,26.8429809],[80.9431839,26.8428802],[80.9431489,26.8427657],[80.9431255,26.8427171],[80.9431761,26.8425626],[80.943178,26.8424671],[80.9430969,26.8423685]]},"properties":{"subtype":"road","class":"service","connectors":[{"connector_id":"7cf4498a-fc10-43a3-973b-294b0dc4fb03","at":0.0},{"connector_id":"d39f1e33-df43-471c-8f23-e38441daae35","at":1.0}],"road_surface":[{"value":"paved","between":null}],"sources":[{"property":"","dataset":"OpenStreetMap","license":"ODbL-1.0","record_id":"w212876839@2","update_time":"2024-04-16T08:32:57Z","confidence":null,"between":null}],"version":1}},
{"id":"87a5c380-b58a-4f1e-b050-216f08dffb75","type":"Feature","geometry":{"type":"LineString","coordinates":[[80.9419612,26.8429696],[80.9420498,26.8430322]]},"properties":{"names":{"primary":"Ashok Marg","common":null,"rules":[{"variant":"common","language":null,"perspectives":null,"value":"Ashok Marg","between":null,"side":null}]},"subtype":"road","class":"primary","connectors":[{"connector_id":"46088276-d8bd-4ded-89fd-cbfc24b8f13b","at":0.0},{"connector_id":"9c90c100-90a1-46df-b84a-254c80c002bf","at":1.0}],"road_surface":[{"value":"paved","between":null}],"access_restrictions":[{"access_type":"denied","when":{"during":null,"heading":"backward","using":null,"recognized":null,"mode":null,"vehicle":null},"between":null}],"routes":[{"name":"National Highway 25","network":"IN:NH","ref":null,"symbol":null,"wikidata":null,"between":null},{"name":"National Highway 25 UP","network":"IN:NH","ref":null,"symbol":null,"wikidata":null,"between":null}],"sources":[{"property":"/routes","dataset":"OpenStreetMap","license":"ODbL-1.0","record_id":"r1453629@103","update_time":null,"confidence":null,"between":null},{"property":"/routes","dataset":"OpenStreetMap","license":"ODbL-1.0","record_id":"r2890907@79","update_time":null,"confidence":null,"between":null},{"property":"","dataset":"OpenStreetMap","license":"ODbL-1.0","record_id":"w47295010@19","update_time":"2026-04-06T10:29:50Z","confidence":null,"between":null}],"version":5}},
{"id":"2b72cb23-9b4b-465b-a758-0c72e2f5be46","type":"Feature","geometry":{"type":"LineString","coordinates":[[80.9420498,26.8430322],[80.9421736,26.8429582]]},"properties":{"names":{"primary":"Sachivalaya Chauraha","common":null,"rules":[{"variant":"common","language":null,"perspectives":null,"value":"Sachivalaya Chauraha","between":null,"side":null}]},"subtype":"road","class":"tertiary","connectors":[{"connector_id":"9c90c100-90a1-46df-b84a-254c80c002bf","at":0.0},{"connector_id":"f260bba1-079a-4b3c-8ea4-15db5972ba9d","at":1.0}],"road_surface":[{"value":"paved","between":null}],"access_restrictions":[{"access_type":"denied","when":{"during":null,"heading":"backward","using":null,"recognized":null,"mode":null,"vehicle":null},"between":null}],"sources":[{"property":"","dataset":"OpenStreetMap","license":"ODbL-1.0","record_id":"w1466738882@1","update_time":"2026-01-13T12:18:15Z","confidence":null,"between":null}],"version":2}},
{"id":"dce1d4b2-9772-4dbb-aa6f-0c75f903246d","type":"Feature","geometry":{"type":"LineString","coordinates":[[80.9420787,26.8428874],[80.9419612,26.8429696]]},"properties":{"names":{"primary":"Sachivalaya Chauraha","common":null,"rules":[{"variant":"common","language":null,"perspectives":null,"value":"Sachivalaya Chauraha","between":null,"side":null}]},"subtype":"road","class":"tertiary","connectors":[{"connector_id":"6938e4d2-6b00-4101-9c2f-1a4bc70c0157","at":0.0},{"connector_id":"46088276-d8bd-4ded-89fd-cbfc24b8f13b","at":1.0}],"access_restrictions":[{"access_type":"denied","when":{"during":null,"heading":"backward","using":null,"recognized":null,"mode":null,"vehicle":null},"between":null}],"sources":[{"property":"","dataset":"OpenStreetMap","license":"ODbL-1.0","record_id":"w1466738883@1","update_time":"2026-01-13T12:18:15Z","confidence":null,"between":null}],"version":2}},
{"id":"a705aa7e-3fef-4153-b9ce-380f302ab63f","type":"Feature","geometry":{"type":"LineString","coordinates":[[80.9421736,26.8429582],[80.9420787,26.8428874]]},"properties":{"names":{"primary":"Ashok Marg","common":null,"rules":[{"variant":"common","language":null,"perspectives":null,"value":"Ashok Marg","between":null,"side":null}]},"subtype":"road","class":"primary","connectors":[{"connector_id":"f260bba1-079a-4b3c-8ea4-15db5972ba9d","at":0.0},{"connector_id":"6938e4d2-6b00-4101-9c2f-1a4bc70c0157","at":1.0}],"road_surface":[{"value":"paved","between":null}],"access_restrictions":[{"access_type":"denied","when":{"during":null,"heading":"backward","using":null,"recognized":null,"mode":null,"vehicle":null},"between":null}],"routes":[{"name":"National Highway 25","network":"IN:NH","ref":null,"symbol":null,"wikidata":null,"between":null},{"name":"National Highway 25 UP","network":"IN:NH","ref":null,"symbol":null,"wikidata":null,"between":null}],"sources":[{"property":"/routes","dataset":"OpenStreetMap","license":"ODbL-1.0","record_id":"r1453629@103","update_time":null,"confidence":null,"between":null},{"property":"/routes","dataset":"OpenStreetMap","license":"ODbL-1.0","record_id":"r2890907@79","update_time":null,"confidence":null,"between":null},{"property":"","dataset":"OpenStreetMap","license":"ODbL-1.0","record_id":"w1466738884@1","update_time":"2026-01-13T12:18:15Z","confidence":null,"between":null}],"version":4}},
{"id":"6c6c9cd8-444f-435c-8001-d3cc68f45e1d","type":"Feature","geometry":{"type":"LineString","coordinates":[[80.9408961,26.8427476],[80.9410715,26.8426165],[80.9411165,26.8425845],[80.9411533,26.8425754],[80.9412106,26.8425887],[80.9415311,26.8427832],[80.9417491,26.842954],[80.9418516,26.8430462]]},"properties":{"subtype":"road","class":"unknown","connectors":[{"connector_id":"c0c6fbb1-d471-4089-baa4-4b672d3d9e34","at":0.0},{"connector_id":"1664eba9-c937-4c5f-bd0e-178046b497b7","at":1.0}],"sources":[{"property":"","dataset":"TomTom","license":"ODbL-1.0","record_id":null,"update_time":null,"confidence":null,"between":null}],"version":1}},
{"id":"1132e8a7-0a0d-45cf-bd54-93194b671ada","type":"Feature","geometry":{"type":"LineString","coordinates":[[80.9413175,26.8423514],[80.9414626,26.842163]]},"properties":{"subtype":"road","class":"unknown","connectors":[{"connector_id":"11444b3b-5224-45ab-a6f3-d50a40cfb33e","at":0.0},{"connector_id":"bb84a661-30dc-4273-8c04-261220dc03a7","at":1.0}],"sources":[{"property":"","dataset":"TomTom","license":"ODbL-1.0","record_id":null,"update_time":null,"confidence":null,"between":null}],"version":1}},
{"id":"0a5963a3-47cf-4ab3-abd5-dc54eecdd66e","type":"Feature","geometry":{"type":"LineString","coordinates":[[80.9428926,26.8423688],[80.9426365,26.8421061],[80.9425966,26.8420666],[80.9419268,26.8416089],[80.9418374,26.8415967],[80.9415734,26.8417721],[80.9413987,26.842004],[80.9414056,26.8421268],[80.9414626,26.842163],[80.9421565,26.8426041],[80.9422184,26.8426041]]},"properties":{"subtype":"road","class":"service","connectors":[{"connector_id":"f44bb3ec-d7e6-46fa-bb7f-721341fcc837","at":0.0},{"connector_id":"ea6536de-b5b8-4efa-8770-0e64c4562d15","at":0.123869208},{"connector_id":"bb84a661-30dc-4273-8c04-261220dc03a7","at":0.709502783},{"connector_id":"985b72ca-eab0-40eb-8efb-3d592be138a7","at":1.0}],"road_surface":[{"value":"paved","between":null}],"sources":[{"property":"","dataset":"OpenStreetMap","license":"ODbL-1.0","record_id":"w213850547@1","update_time":"2024-04-16T08:32:57Z","confidence":null,"between":null}],"version":4}},
{"id":"9443ab96-a7b3-498e-90f0-fc251134cecc","type":"Feature","geometry":{"type":"LineString","coordinates":[[80.9422184,26.8426041],[80.9426365,26.8421061]]},"properties":{"subtype":"road","class":"service","connectors":[{"connector_id":"985b72ca-eab0-40eb-8efb-3d592be138a7","at":0.0},{"connector_id":"ea6536de-b5b8-4efa-8770-0e64c4562d15","at":1.0}],"road_surface":[{"value":"paved","between":null}],"sources":[{"property":"","dataset":"OpenStreetMap","license":"ODbL-1.0","record_id":"w213850547@1","update_time":"2024-04-16T08:32:57Z","confidence":null,"between":null}],"version":1}},
{"id":"f4d3d22d-f8bc-44dc-9399-04f0809760a2","type":"Feature","geometry":{"type":"LineString","coordinates":[[80.9439539,26.8417625],[80.9438741,26.8417612],[80.9438548,26.8417655],[80.943366,26.8420719],[80.9428926,26.8423688],[80.9420787,26.8428874]]},"properties":{"subtype":"road","class":"tertiary","connectors":[{"connector_id":"23a03a81-1b85-4189-a4a2-0ac1836f1d81","at":0.0},{"connector_id":"894288b6-4be8-448d-8707-2a00fe4480e3","at":0.306349759},{"connector_id":"f44bb3ec-d7e6-46fa-bb7f-721341fcc837","at":0.560590392},{"connector_id":"6938e4d2-6b00-4101-9c2f-1a4bc70c0157","at":1.0}],"access_restrictions":[{"access_type":"denied","when":{"during":null,"heading":"backward","using":null,"recognized":null,"mode":null,"vehicle":null},"between":null}],"sources":[{"property":"","dataset":"OpenStreetMap","license":"ODbL-1.0","record_id":"w1272987173@2","update_time":"2026-01-13T12:18:15Z","confidence":null,"between":null}],"version":1}},
{"id":"fa81766f-5eaf-43c5-acf0-35f370488bd9","type":"Feature","geometry":{"type":"LineString","coordinates":[[80.9421736,26.8429582],[80.942968,26.8424462],[80.9430969,26.8423685],[80.9434445,26.8421315],[80.9439134,26.8418448],[80.9439232,26.8418393],[80.9439539,26.8417625]]},"properties":{"subtype":"road","class":"tertiary","connectors":[{"connector_id":"f260bba1-079a-4b3c-8ea4-15db5972ba9d","at":0.0},{"connector_id":"d39f1e33-df43-471c-8f23-e38441daae35","at":0.50600277},{"connector_id":"23a03a81-1b85-4189-a4a2-0ac1836f1d81","at":1.0}],"road_surface":[{"value":"paved","between":null}],"access_restrictions":[{"access_type":"denied","when":{"during":null,"heading":"backward","using":null,"recognized":null,"mode":null,"vehicle":null},"between":null}],"sources":[{"property":"","dataset":"OpenStreetMap","license":"ODbL-1.0","record_id":"w209615220@7","update_time":"2026-01-13T12:18:15Z","confidence":null,"between":null}],"version":1}},
{"id":"59247569-b9a9-48bd-bfd3-91119fc5fcb3","type":"Feature","geometry":{"type":"LineString","coordinates":[[80.943366,26.8420719],[80.9426557,26.8415344],[80.9426067,26.8414969],[80.9425828,26.8414918],[80.9425635,26.8415004],[80.9423965,26.8416863]]},"properties":{"subtype":"road","class":"service","connectors":[{"connector_id":"894288b6-4be8-448d-8707-2a00fe4480e3","at":0.0},{"connector_id":"14b9beda-5331-4971-9ec9-ea82e7dffab8","at":1.0}],"sources":[{"property":"","dataset":"OpenStreetMap","license":"ODbL-1.0","record_id":"w733176050@2","update_time":"2024-04-16T08:32:57Z","confidence":null,"between":[0.0,0.711538981]},{"property":"","dataset":"OpenStreetMap","license":"ODbL-1.0","record_id":"w1212738068@2","update_time":"2024-04-16T08:32:57Z","confidence":null,"between":[0.711538981,1.0]}],"version":1}},
{"id":"9b380bf3-7fb2-49e2-8f9a-d064fc7e85a7","type":"Feature","geometry":{"type":"LineString","coordinates":[[80.9416333,26.8406972],[80.9417469,26.8407911],[80.9419282,26.8409805]]},"properties":{"subtype":"road","class":"unknown","connectors":[{"connector_id":"c6b5bde6-452d-4210-bc60-44520b7cc94e","at":0.0},{"connector_id":"8c145048-7016-44c2-94a6-6202cc9f3010","at":1.0}],"sources":[{"property":"","dataset":"TomTom","license":"ODbL-1.0","record_id":null,"update_time":null,"confidence":null,"between":null}],"version":1}},
{"id":"1542fd5d-6bf8-4b13-bdbe-70f1312f5a0b","type":"Feature","geometry":{"type":"LineString","coordinates":[[80.9415368,26.8408266],[80.9416733,26.8409271]]},"properties":{"subtype":"road","class":"unknown","connectors":[{"connector_id":"98d40b78-ee13-471c-9ffd-371705bc652a","at":0.0},{"connector_id":"48d4e3de-e8f8-4614-bf86-4fe3abbaf1c6","at":1.0}],"sources":[{"property":"","dataset":"TomTom","license":"ODbL-1.0","record_id":null,"update_time":null,"confidence":null,"between":null}],"version":1}},
{"id":"e335039a-c9cf-4f90-9404-296d22b632d5","type":"Feature","geometry":{"type":"LineString","coordinates":[[80.9409539,26.8422913],[80.9410617,26.8421915],[80.9413016,26.8419256],[80.9415596,26.8416396],[80.9418017,26.841539],[80.9421963,26.8411769],[80.9422858,26.8410948],[80.9425608,26.8408444]]},"properties":{"subtype":"road","class":"service","connectors":[{"connector_id":"50016919-3015-4508-b6a7-143a9e774c3c","at":0.0},{"connector_id":"eac5aef2-ebd5-4da8-af73-e5ab7e4c4105","at":0.067425642},{"connector_id":"4ece88ec-02d9-4cfc-bf87-1f275d7635f8","at":0.233399739},{"connector_id":"61d826d4-5556-4791-96fd-dfe689a3fbd8","at":1.0}],"road_surface":[{"value":"paved","between":null}],"sources":[{"property":"","dataset":"OpenStreetMap","license":"ODbL-1.0","record_id":"w213850691@3","update_time":"2023-10-03T11:50:53Z","confidence":null,"between":null}],"version":1}},
{"id":"eafd0b10-95c4-47fd-ad61-e99d583a8bac","type":"Feature","geometry":{"type":"LineString","coordinates":[[80.9413016,26.8419256],[80.941235,26.8418347],[80.9411707,26.8417821],[80.9411439,26.8417533],[80.9411385,26.841739],[80.94116,26.8416959],[80.9412297,26.841605],[80.9412994,26.8415141]]},"properties":{"subtype":"road","class":"service","connectors":[{"connector_id":"4ece88ec-02d9-4cfc-bf87-1f275d7635f8","at":0.0},{"connector_id":"4388c2c4-20db-4dd6-bab3-6deb49d4d28f","at":1.0}],"sources":[{"property":"","dataset":"OpenStreetMap","license":"ODbL-1.0","record_id":"w994848263@1","update_time":"2021-10-20T08:37:56Z","confidence":null,"between":null}],"version":1}},
{"id":"38e840fb-b9a5-4e1b-9622-5bbe96cab648","type":"Feature","geometry":{"type":"LineString","coordinates":[[80.9402434,26.8417341],[80.9404896,26.8415432],[80.9407277,26.8414012],[80.9408196,26.8412779],[80.9410244,26.841138],[80.9410795,26.8412124],[80.9411669,26.8412987]]},"properties":{"subtype":"road","class":"unknown","connectors":[{"connector_id":"4eb30323-c839-499e-9243-cbc86ee530d7","at":0.0},{"connector_id":"bcd05a67-b3ae-4ff2-9363-be83b96a719d","at":1.0}],"sources":[{"property":"","dataset":"TomTom","license":"ODbL-1.0","record_id":null,"update_time":null,"confidence":null,"between":null}],"version":1}},
{"id":"948daadd-1d9f-498c-8b89-4be7b738cd7c","type":"Feature","geometry":{"type":"LineString","coordinates":[[80.9401705,26.8406934],[80.9400896,26.8407363],[80.9397076,26.8409383]]},"properties":{"subtype":"road","class":"unknown","connectors":[{"connector_id":"f3fcfbb4-a1ff-4315-9a1e-322202f2792e","at":0.0},{"connector_id":"559bbe91-9c98-42de-8c81-2f0b5b700e9d","at":1.0}],"sources":[{"property":"","dataset":"TomTom","license":"ODbL-1.0","record_id":null,"update_time":null,"confidence":null,"between":null}],"version":1}},
{"id":"4df188cd-1098-478a-ada7-155ed42c6689","type":"Feature","geometry":{"type":"LineString","coordinates":[[80.9394255,26.8404919],[80.9397076,26.8409383],[80.9398701,26.8411956],[80.9399302,26.8412907],[80.9398025,26.8414914]]},"properties":{"subtype":"road","class":"service","connectors":[{"connector_id":"f123de9c-b3c3-4959-a724-31d91159fe2d","at":0.0},{"connector_id":"559bbe91-9c98-42de-8c81-2f0b5b700e9d","at":0.446490533},{"connector_id":"fbd5d735-d28b-40b3-97a7-bce9a7116b5f","at":0.703804315},{"connector_id":"01e8648f-6414-44ed-beb0-d66777716ae7","at":1.0}],"road_surface":[{"value":"paved","between":null}],"sources":[{"property":"","dataset":"OpenStreetMap","license":"ODbL-1.0","record_id":"w213850662@1","update_time":"2013-03-29T14:27:21Z","confidence":null,"between":null}],"version":2}},
{"id":"7dcf74b4-9f2f-46ab-b3fb-5e6f2b36b510","type":"Feature","geometry":{"type":"LineString","coordinates":[[80.93907,26.8411615],[80.9391512,26.840985],[80.9392283,26.8408838],[80.9393276,26.8406385]]},"properties":{"subtype":"road","class":"unknown","connectors":[{"connector_id":"2f63fbce-ba2c-4fa7-b836-4fcfe1055cca","at":0.0},{"connector_id":"2beb03d7-f6b2-46dc-b63e-41ef96d87eda","at":1.0}],"sources":[{"property":"","dataset":"TomTom","license":"ODbL-1.0","record_id":null,"update_time":null,"confidence":null,"between":null}],"version":1}},
{"id":"e3f2dd4a-856b-4e8c-82e5-4f911961a44a","type":"Feature","geometry":{"type":"LineString","coordinates":[[80.9391602,26.8413545],[80.9392383,26.8412341]]},"properties":{"subtype":"road","class":"service","connectors":[{"connector_id":"9480f520-3e6f-4077-8e59-c1e2a50f0b90","at":0.0},{"connector_id":"adfdc3c3-3cf9-4f43-9201-7e632c9e3321","at":1.0}],"sources":[{"property":"","dataset":"OpenStreetMap","license":"ODbL-1.0","record_id":"w1272983721@1","update_time":"2024-04-16T08:16:42Z","confidence":null,"between":null}],"version":1}},
{"id":"9e49413b-4b41-4131-92c7-2ec82c475d1f","type":"Feature","geometry":{"type":"LineString","coordinates":[[80.9420787,26.8428874],[80.9415798,26.8425154],[80.9413175,26.8423514],[80.9410617,26.8421915],[80.9406348,26.8419506],[80.9405573,26.8419068],[80.9402434,26.8417341],[80.9398025,26.8414914],[80.9394911,26.8413433],[80.9392383,26.8412341],[80.93907,26.8411615],[80.9389341,26.8411028],[80.9385177,26.840923],[80.9381724,26.8408052],[80.9373759,26.8405098]]},"properties":{"names":{"primary":"Ashok Marg","common":null,"rules":[{"variant":"common","language":null,"perspectives":null,"value":"Ashok Marg","between":null,"side":null}]},"subtype":"road","class":"primary","connectors":[{"connector_id":"6938e4d2-6b00-4101-9c2f-1a4bc70c0157","at":0.0},{"connector_id":"11444b3b-5224-45ab-a6f3-d50a40cfb33e","at":0.1784933},{"connector_id":"eac5aef2-ebd5-4da8-af73-e5ab7e4c4105","at":0.235955745},{"connector_id":"ddb303eb-3997-4dce-872a-3748e76a4cab","at":0.328908207},{"connector_id":"4eb30323-c839-499e-9243-cbc86ee530d7","at":0.413657682},{"connector_id":"01e8648f-6414-44ed-beb0-d66777716ae7","at":0.508997293},{"connector_id":"adfdc3c3-3cf9-4f43-9201-7e632c9e3321","at":0.625669992},{"connector_id":"2f63fbce-ba2c-4fa7-b836-4fcfe1055cca","at":0.660088672},{"connector_id":"f00da363-bbec-4b09-a0b5-428fa3c16f0d","at":0.687888121},{"connector_id":"55c9f9e1-5a4d-4eb6-b439-566b05b628f6","at":0.841148715},{"connector_id":"fe2900e0-dc60-4344-a76d-b1129b2d5a1a","at":1.0}],"road_surface":[{"value":"paved","between":null}],"access_restrictions":[{"access_type":"denied","when":{"during":null,"heading":"backward","using":null,"recognized":null,"mode":null,"vehicle":null},"between":null}],"routes":[{"name":"National Highway 25","network":"IN:NH","ref":null,"symbol":null,"wikidata":null,"between":null},{"name":"National Highway 25 UP","network":"IN:NH","ref":null,"symbol":null,"wikidata":null,"between":null}],"sources":[{"property":"/routes","dataset":"OpenStreetMap","license":"ODbL-1.0","record_id":"r1453629@103","update_time":null,"confidence":null,"between":null},{"property":"/routes","dataset":"OpenStreetMap","license":"ODbL-1.0","record_id":"r2890907@79","update_time":null,"confidence":null,"between":null},{"property":"","dataset":"OpenStreetMap","license":"ODbL-1.0","record_id":"w1466738881@1","update_time":"2026-01-13T12:18:15Z","confidence":null,"between":null}],"version":6}},
{"id":"e0ca3087-13bc-41ea-a0d3-64537a2ac550","type":"Feature","geometry":{"type":"LineString","coordinates":[[80.9399322,26.8417278],[80.9398475,26.8417746],[80.9396305,26.8418952]]},"properties":{"subtype":"road","class":"unknown","connectors":[{"connector_id":"7d1a8cb9-b8be-47e4-a359-872f9b64110c","at":0.0},{"connector_id":"5ab3cc8a-603e-434d-bd0d-c7f462dbcbc0","at":1.0}],"sources":[{"property":"","dataset":"TomTom","license":"ODbL-1.0","record_id":null,"update_time":null,"confidence":null,"between":null}],"version":1}},
{"id":"d75ce1c2-f1c2-40f6-8759-88f0338681d9","type":"Feature","geometry":{"type":"LineString","coordinates":[[80.9373079,26.8406388],[80.9377441,26.8408016],[80.9382649,26.8409959],[80.9387086,26.8411709],[80.9390884,26.8413212],[80.9391602,26.8413545],[80.9397422,26.8416225],[80.9399322,26.8417278],[80.9401157,26.8418296],[80.9404918,26.8420381],[80.9408133,26.8422143],[80.9409539,26.8422913],[80.9411941,26.842427699999998],[80.9419612,26.8429696]]},"properties":{"names":{"primary":"Ashok Marg","common":null,"rules":[{"variant":"common","language":null,"perspectives":null,"value":"Ashok Marg","between":null,"side":null}]},"subtype":"road","class":"primary","connectors":[{"connector_id":"672030f4-1750-441b-b79e-46fbea8d418f","at":0.0},{"connector_id":"da807ca8-d6eb-4941-9f74-33a015da7600","at":0.088230636},{"connector_id":"b1fc854e-e474-4bf2-866a-eb6a94643d2b","at":0.284084548},{"connector_id":"9480f520-3e6f-4077-8e59-c1e2a50f0b90","at":0.376702798},{"connector_id":"7d1a8cb9-b8be-47e4-a359-872f9b64110c","at":0.540584023},{"connector_id":"28656480-dd66-4fe2-b020-e35cea22624d","at":0.580876648},{"connector_id":"f1c035c6-72be-4975-9511-17c166f3aae4","at":0.663443735},{"connector_id":"9fb95c60-54f5-4689-b895-5b70f5a4b438","at":0.733802745},{"connector_id":"50016919-3015-4508-b6a7-143a9e774c3c","at":0.764566328},{"connector_id":"46088276-d8bd-4ded-89fd-cbfc24b8f13b","at":1.0}],"road_surface":[{"value":"paved","between":null}],"access_restrictions":[{"access_type":"denied","when":{"during":null,"heading":"backward","using":null,"recognized":null,"mode":null,"vehicle":null},"between":null}],"routes":[{"name":"National Highway 25","network":"IN:NH","ref":null,"symbol":null,"wikidata":null,"between":null},{"name":"National Highway 25 UP","network":"IN:NH","ref":null,"symbol":null,"wikidata":null,"between":null}],"sources":[{"property":"/routes","dataset":"OpenStreetMap","license":"ODbL-1.0","record_id":"r1453629@103","update_time":null,"confidence":null,"between":null},{"property":"/routes","dataset":"OpenStreetMap","license":"ODbL-1.0","record_id":"r2890907@79","update_time":null,"confidence":null,"between":null},{"property":"","dataset":"OpenStreetMap","license":"ODbL-1.0","record_id":"w47295010@19","update_time":"2026-04-06T10:29:50Z","confidence":null,"between":null}],"version":4}},
{"id":"c40d9c09-c4c4-4e11-b419-95be0527d4c6","type":"Feature","geometry":{"type":"LineString","coordinates":[[80.9389788,26.8414944],[80.9392157,26.841768],[80.9392314,26.8417861],[80.9393917,26.841971],[80.9394338,26.8419873],[80.9394598,26.8419836],[80.9396305,26.8418952]]},"properties":{"subtype":"road","class":"unknown","connectors":[{"connector_id":"975eb34e-8542-48c1-8a6b-cb7fb37b04ce","at":0.0},{"connector_id":"5ab3cc8a-603e-434d-bd0d-c7f462dbcbc0","at":1.0}],"sources":[{"property":"","dataset":"TomTom","license":"ODbL-1.0","record_id":null,"update_time":null,"confidence":null,"between":null}],"version":1}},
{"id":"308be1a6-1201-4326-826e-b5d842820229","type":"Feature","geometry":{"type":"LineString","coordinates":[[80.9396305,26.8418952],[80.9397858,26.8420322],[80.9398208,26.8420519],[80.9398555,26.8420538],[80.9398886,26.8420465],[80.9399431,26.8420018],[80.9400428,26.8418986],[80.9401157,26.8418296]]},"properties":{"subtype":"road","class":"unknown","connectors":[{"connector_id":"5ab3cc8a-603e-434d-bd0d-c7f462dbcbc0","at":0.0},{"connector_id":"28656480-dd66-4fe2-b020-e35cea22624d","at":1.0}],"sources":[{"property":"","dataset":"TomTom","license":"ODbL-1.0","record_id":null,"update_time":null,"confidence":null,"between":null}],"version":1}},
{"id":"ed90304d-0530-4a7f-bd9d-66bcad9267e5","type":"Feature","geometry":{"type":"LineString","coordinates":[[80.9409149,26.8431078],[80.9407124,26.8428864],[80.9405279,26.8426678],[80.9405239,26.8426498],[80.9405319,26.8426283],[80.9407408,26.8423127],[80.9408133,26.8422143]]},"properties":{"subtype":"road","class":"unknown","connectors":[{"connector_id":"c430c947-4976-458f-b6a9-94b414961f89","at":0.0},{"connector_id":"9fb95c60-54f5-4689-b895-5b70f5a4b438","at":1.0}],"sources":[{"property":"","dataset":"TomTom","license":"ODbL-1.0","record_id":null,"update_time":null,"confidence":null,"between":null}],"version":1}},
{"id":"ef780ca1-ad42-4138-ae9e-2a4d9eaf5c08","type":"Feature","geometry":{"type":"LineString","coordinates":[[80.9391851,26.8428077],[80.9392239,26.8429052],[80.9393125,26.8430729],[80.9395405,26.8429544],[80.9395644,26.8429521],[80.9395824,26.8429648],[80.9396397,26.843063],[80.9397646,26.8431785]]},"properties":{"subtype":"road","class":"unknown","connectors":[{"connector_id":"a1d2bb25-a91c-42e2-9bfc-5ba159795252","at":0.0},{"connector_id":"0bf66704-bb34-4fd6-b9eb-a83bd900576e","at":0.344446097},{"connector_id":"37dc5b81-eb35-492b-8e89-ea6572b80fea","at":1.0}],"sources":[{"property":"","dataset":"TomTom","license":"ODbL-1.0","record_id":null,"update_time":null,"confidence":null,"between":null}],"version":1}},
{"id":"3a5e0e38-0183-4274-a762-b2a4c9bcb855","type":"Feature","geometry":{"type":"LineString","coordinates":[[80.9393125,26.8430729],[80.9392946,26.8430919],[80.9392868,26.8431062],[80.9392897,26.8431283],[80.9392911,26.8431623]]},"properties":{"subtype":"road","class":"unknown","connectors":[{"connector_id":"0bf66704-bb34-4fd6-b9eb-a83bd900576e","at":0.0},{"connector_id":"6edae2e2-5587-463c-82c0-03ee6d5dc00e","at":1.0}],"sources":[{"property":"","dataset":"TomTom","license":"ODbL-1.0","record_id":null,"update_time":null,"confidence":null,"between":null}],"version":1}},
{"id":"39783152-6474-4b3b-837a-ebeae712ecd6","type":"Feature","geometry":{"type":"LineString","coordinates":[[80.9394337,26.8435693],[80.9392911,26.8431623],[80.939281,26.8431334]]},"properties":{"subtype":"road","class":"residential","connectors":[{"connector_id":"1ecff537-9217-4179-b9e4-ed45e4a08dfe","at":0.0},{"connector_id":"6edae2e2-5587-463c-82c0-03ee6d5dc00e","at":0.933714463},{"connector_id":"a4e32d39-ce30-4566-b896-24f92cded815","at":1.0}],"sources":[{"property":"","dataset":"OpenStreetMap","license":"ODbL-1.0","record_id":"w994845770@1","update_time":"2021-10-20T08:24:55Z","confidence":null,"between":null}],"version":2}},
{"id":"2f907a0a-1d48-4d1d-8fec-14800d83ec1f","type":"Feature","geometry":{"type":"LineString","coordinates":[[80.9396551,26.8433016],[80.9397426,26.843369],[80.9397644,26.8433852],[80.9398093,26.84343],[80.9398559,26.8434713],[80.9399052,26.8435111],[80.9399367,26.8435422],[80.9399665,26.8435853],[80.9400234,26.8436713],[80.9401331,26.84377],[80.940296,26.8438703],[80.9404151,26.8439768]]},"properties":{"subtype":"road","class":"unknown","connectors":[{"connector_id":"82a9c621-dc40-4e04-af36-e20ac9b38203","at":0.0},{"connector_id":"a06acab5-ad06-4fae-917c-664f798cb0d9","at":1.0}],"sources":[{"property":"","dataset":"TomTom","license":"ODbL-1.0","record_id":null,"update_time":null,"confidence":null,"between":null}],"version":1}},
{"id":"c3c7b331-3680-4072-87ea-93afce7a729d","type":"Feature","geometry":{"type":"LineString","coordinates":[[80.9403758,26.8440015],[80.9399685,26.8442572],[80.9398166,26.8443594]]},"properties":{"subtype":"road","class":"tertiary","connectors":[{"connector_id":"71875895-71a7-4187-b7a5-960c36c00119","at":0.0},{"connector_id":"c9738368-c982-4224-8700-5e760464e832","at":1.0}],"access_restrictions":[{"access_type":"denied","when":{"during":null,"heading":"backward","using":null,"recognized":null,"mode":null,"vehicle":null},"between":null}],"sources":[{"property":"","dataset":"OpenStreetMap","license":"ODbL-1.0","record_id":"w1272990795@1","update_time":"2024-04-16T08:43:05Z","confidence":null,"between":null}],"version":1}},
{"id":"8fd813d2-c196-43e0-b263-b788dfeba957","type":"Feature","geometry":{"type":"LineString","coordinates":[[80.9404206,26.8440605],[80.9403758,26.8440015]]},"properties":{"subtype":"road","class":"residential","connectors":[{"connector_id":"3fcc833b-f723-48a7-a861-26985213b176","at":0.0},{"connector_id":"71875895-71a7-4187-b7a5-960c36c00119","at":1.0}],"sources":[{"property":"","dataset":"OpenStreetMap","license":"ODbL-1.0","record_id":"w1272990796@1","update_time":"2024-04-16T08:43:05Z","confidence":null,"between":null}],"version":1}},
{"id":"b0c96e49-9224-4b85-9cdb-edb19c3c97e2","type":"Feature","geometry":{"type":"LineString","coordinates":[[80.9404206,26.8440605],[80.9405548,26.8442142],[80.9406394,26.8443004],[80.9406534,26.844306],[80.9408022,26.8442814],[80.9409235,26.8443129]]},"properties":{"subtype":"road","class":"residential","connectors":[{"connector_id":"3fcc833b-f723-48a7-a861-26985213b176","at":0.0},{"connector_id":"8049909b-f5e8-44b4-99e6-96b8091c6132","at":1.0}],"sources":[{"property":"","dataset":"OpenStreetMap","license":"ODbL-1.0","record_id":"w1105443969@1","update_time":"2024-04-16T08:43:05Z","confidence":null,"between":null}],"version":1}},
{"id":"40f705d8-1e12-477a-9b45-568f17ae6193","type":"Feature","geometry":{"type":"LineString","coordinates":[[80.9413058,26.843697],[80.9412455,26.8437511],[80.9410604,26.8440643],[80.9409235,26.8443129]]},"properties":{"names":{"primary":"Babu Narayan Deen Marg","common":[["hi","बाबू नारायण दीन मार्ग"]],"rules":[{"variant":"common","language":null,"perspectives":null,"value":"Babu Narayan Deen Marg","between":null,"side":null}]},"subtype":"road","class":"residential","connectors":[{"connector_id":"4897ed89-e338-4017-9502-22f105369261","at":0.0},{"connector_id":"8049909b-f5e8-44b4-99e6-96b8091c6132","at":1.0}],"road_surface":[{"value":"paving_stones","between":null}],"sources":[{"property":"","dataset":"OpenStreetMap","license":"ODbL-1.0","record_id":"w210669892@5","update_time":"2025-12-05T11:22:16Z","confidence":null,"between":null}],"version":1}},
{"id":"0d314289-54ef-4104-a388-e422ab63b900","type":"Feature","geometry":{"type":"LineString","coordinates":[[80.9404206,26.8440605],[80.9405545,26.8439755],[80.9411251,26.8436162],[80.9411329,26.8436081],[80.9411647,26.8435535]]},"properties":{"subtype":"road","class":"tertiary","connectors":[{"connector_id":"3fcc833b-f723-48a7-a861-26985213b176","at":0.0},{"connector_id":"bb2d5e96-8626-4e50-bb32-adb9170c6ecc","at":0.174174744},{"connector_id":"e9b3a967-0e68-4f8a-980c-6233bb7acc5b","at":1.0}],"road_surface":[{"value":"paved","between":null}],"access_restrictions":[{"access_type":"denied","when":{"during":null,"heading":"backward","using":null,"recognized":null,"mode":null,"vehicle":null},"between":null}],"sources":[{"property":"","dataset":"OpenStreetMap","license":"ODbL-1.0","record_id":"w210670122@4","update_time":"2024-04-16T08:43:05Z","confidence":null,"between":[0.0,0.927071825]},{"property":"","dataset":"OpenStreetMap","license":"ODbL-1.0","record_id":"w1272990793@1","update_time":"2024-04-16T08:43:05Z","confidence":null,"between":[0.927071825,1.0]}],"version":1}},
{"id":"380c4efa-71d9-47a3-8cf6-4df824f2069b","type":"Feature","geometry":{"type":"LineString","coordinates":[[80.9411647,26.8435535],[80.9410943,26.8435688],[80.9410842,26.8435723],[80.9405222,26.8439096],[80.9404151,26.8439768],[80.9403758,26.8440015]]},"properties":{"subtype":"road","class":"tertiary","connectors":[{"connector_id":"e9b3a967-0e68-4f8a-980c-6233bb7acc5b","at":0.0},{"connector_id":"9d92e83b-8660-4ba6-81be-96f81999d2aa","at":0.809531755},{"connector_id":"a06acab5-ad06-4fae-917c-664f798cb0d9","at":0.948849686},{"connector_id":"71875895-71a7-4187-b7a5-960c36c00119","at":1.0}],"access_restrictions":[{"access_type":"denied","when":{"during":null,"heading":"backward","using":null,"recognized":null,"mode":null,"vehicle":null},"between":null}],"sources":[{"property":"","dataset":"OpenStreetMap","license":"ODbL-1.0","record_id":"w1272990795@1","update_time":"2024-04-16T08:43:05Z","confidence":null,"between":null}],"version":2}},
{"id":"ba36c86a-4dd7-4331-863e-9dd137bab2d3","type":"Feature","geometry":{"type":"LineString","coordinates":[[80.9399733,26.8428881],[80.9401382,26.8431267],[80.9405222,26.8439096],[80.9405545,26.8439755]]},"properties":{"subtype":"road","class":"service","connectors":[{"connector_id":"4fcd9dc7-53f3-41c5-b6e5-e66897d14030","at":0.0},{"connector_id":"9d92e83b-8660-4ba6-81be-96f81999d2aa","at":0.94040947},{"connector_id":"bb2d5e96-8626-4e50-bb32-adb9170c6ecc","at":1.0}],"road_surface":[{"value":"paved","between":null}],"sources":[{"property":"","dataset":"OpenStreetMap","license":"ODbL-1.0","record_id":"w210670005@2","update_time":"2024-04-16T08:43:05Z","confidence":null,"between":null}],"version":1}},
{"id":"27ccc910-e4dd-40cf-8041-9d261c28de78","type":"Feature","geometry":{"type":"LineString","coordinates":[[80.9419612,26.8429696],[80.9418516,26.8430462],[80.9414956,26.8432952],[80.9414906,26.843301],[80.9414607,26.8433711]]},"properties":{"subtype":"road","class":"tertiary","connectors":[{"connector_id":"46088276-d8bd-4ded-89fd-cbfc24b8f13b","at":0.0},{"connector_id":"1664eba9-c937-4c5f-bd0e-178046b497b7","at":0.203659703},{"connector_id":"938f7dcf-2906-4910-91db-d9917e91dbf6","at":1.0}],"access_restrictions":[{"access_type":"denied","when":{"during":null,"heading":"backward","using":null,"recognized":null,"mode":null,"vehicle":null},"between":null}],"sources":[{"property":"","dataset":"OpenStreetMap","license":"ODbL-1.0","record_id":"w1272990794@1","update_time":"2025-06-12T06:37:05Z","confidence":null,"between":null}],"version":2}},
{"id":"5c569e90-1567-4a1f-ab3d-64be9fd30b70","type":"Feature","geometry":{"type":"LineString","coordinates":[[80.9414607,26.8433711],[80.9415423,26.8433549],[80.9415513,26.8433516],[80.9416592,26.8432825]]},"properties":{"subtype":"road","class":"tertiary","connectors":[{"connector_id":"938f7dcf-2906-4910-91db-d9917e91dbf6","at":0.0},{"connector_id":"3c869825-364a-45b8-a308-27c2fd76a450","at":1.0}],"road_surface":[{"value":"paved","between":null}],"access_restrictions":[{"access_type":"denied","when":{"during":null,"heading":"backward","using":null,"recognized":null,"mode":null,"vehicle":null},"between":null}],"sources":[{"property":"","dataset":"OpenStreetMap","license":"ODbL-1.0","record_id":"w1272990791@2","update_time":"2025-12-05T11:22:16Z","confidence":null,"between":null}],"version":1}},
{"id":"34624eba-a937-48f7-8d79-ec188736c0c8","type":"Feature","geometry":{"type":"LineString","coordinates":[[80.9413701,26.8434251],[80.9414607,26.8433711]]},"properties":{"subtype":"road","class":"tertiary","connectors":[{"connector_id":"9cd8e207-02be-4a1b-9796-95ab02e87d93","at":0.0},{"connector_id":"938f7dcf-2906-4910-91db-d9917e91dbf6","at":1.0}],"road_surface":[{"value":"paved","between":null}],"sources":[{"property":"","dataset":"OpenStreetMap","license":"ODbL-1.0","record_id":"w1272990792@1","update_time":"2024-04-16T08:43:05Z","confidence":null,"between":null}],"version":1}},
{"id":"1814cb1b-4c9c-42a4-b8e6-3de5f9d4cb18","type":"Feature","geometry":{"type":"LineString","coordinates":[[80.9411647,26.8435535],[80.9413701,26.8434251]]},"properties":{"subtype":"road","class":"tertiary","connectors":[{"connector_id":"e9b3a967-0e68-4f8a-980c-6233bb7acc5b","at":0.0},{"connector_id":"9cd8e207-02be-4a1b-9796-95ab02e87d93","at":1.0}],"road_surface":[{"value":"paved","between":null}],"sources":[{"property":"","dataset":"OpenStreetMap","license":"ODbL-1.0","record_id":"w1272990792@1","update_time":"2024-04-16T08:43:05Z","confidence":null,"between":null}],"version":1}},
{"id":"2e396282-d43c-4a1c-80a7-5966fa8413b6","type":"Feature","geometry":{"type":"LineString","coordinates":[[80.9413701,26.8434251],[80.9413725,26.8435532],[80.9413058,26.843697]]},"properties":{"names":{"primary":"Babu Narayan Deen Marg","common":[["hi","बाबू नारायण दीन मार्ग"]],"rules":[{"variant":"common","language":null,"perspectives":null,"value":"Babu Narayan Deen Marg","between":null,"side":null}]},"subtype":"road","class":"residential","connectors":[{"connector_id":"9cd8e207-02be-4a1b-9796-95ab02e87d93","at":0.0},{"connector_id":"4897ed89-e338-4017-9502-22f105369261","at":1.0}],"road_surface":[{"value":"paving_stones","between":null}],"sources":[{"property":"","dataset":"OpenStreetMap","license":"ODbL-1.0","record_id":"w210669892@5","update_time":"2025-12-05T11:22:16Z","confidence":null,"between":null}],"version":1}},
{"id":"e3a7da51-ef37-40b5-b276-1ec6a9e4f96d","type":"Feature","geometry":{"type":"LineString","coordinates":[[80.9416592,26.8432825],[80.9420498,26.8430322]]},"properties":{"subtype":"road","class":"tertiary","connectors":[{"connector_id":"3c869825-364a-45b8-a308-27c2fd76a450","at":0.0},{"connector_id":"9c90c100-90a1-46df-b84a-254c80c002bf","at":1.0}],"road_surface":[{"value":"paved","between":null}],"access_restrictions":[{"access_type":"denied","when":{"during":null,"heading":"backward","using":null,"recognized":null,"mode":null,"vehicle":null},"between":null}],"sources":[{"property":"","dataset":"OpenStreetMap","license":"ODbL-1.0","record_id":"w1272990791@2","update_time":"2025-12-05T11:22:16Z","confidence":null,"between":null}],"version":1}},
{"id":"c44b84bc-5bb5-4b6a-9186-2808c64ac349","type":"Feature","geometry":{"type":"LineString","coordinates":[[80.9435678,26.8441772],[80.9431098,26.8437767],[80.9421736,26.8429582]]},"properties":{"names":{"primary":"Ashok Marg","common":null,"rules":[{"variant":"common","language":null,"perspectives":null,"value":"Ashok Marg","between":null,"side":null}]},"subtype":"road","class":"primary","connectors":[{"connector_id":"4b7c5651-4560-443b-b198-d96f395cab52","at":0.0},{"connector_id":"2e359772-b88f-49e3-9047-7705c9b6cb14","at":0.328524734},{"connector_id":"f260bba1-079a-4b3c-8ea4-15db5972ba9d","at":1.0}],"road_surface":[{"value":"paved","between":null}],"access_restrictions":[{"access_type":"denied","when":{"during":null,"heading":"backward","using":null,"recognized":null,"mode":null,"vehicle":null},"between":null}],"routes":[{"name":"National Highway 25","network":"IN:NH","ref":null,"symbol":null,"wikidata":null,"between":null},{"name":"National Highway 25 UP","network":"IN:NH","ref":null,"symbol":null,"wikidata":null,"between":null}],"sources":[{"property":"/routes","dataset":"OpenStreetMap","license":"ODbL-1.0","record_id":"r1453629@103","update_time":null,"confidence":null,"between":null},{"property":"/routes","dataset":"OpenStreetMap","license":"ODbL-1.0","record_id":"r2890907@79","update_time":null,"confidence":null,"between":null},{"property":"","dataset":"OpenStreetMap","license":"ODbL-1.0","record_id":"w209287207@19","update_time":"2026-04-06T10:29:50Z","confidence":null,"between":null}],"version":4}},
{"id":"a128b4fa-6328-4c4f-8822-c2a7f418aaa2","type":"Feature","geometry":{"type":"LineString","coordinates":[[80.9420498,26.8430322],[80.9421756,26.8431371],[80.9435071,26.8442361]]},"properties":{"names":{"primary":"Ashok Marg","common":null,"rules":[{"variant":"common","language":null,"perspectives":null,"value":"Ashok Marg","between":null,"side":null}]},"subtype":"road","class":"primary","connectors":[{"connector_id":"9c90c100-90a1-46df-b84a-254c80c002bf","at":0.0},{"connector_id":"aabfc346-cd9f-4bff-beb0-65506eb7deb7","at":1.0}],"road_surface":[{"value":"paved","between":null}],"access_restrictions":[{"access_type":"denied","when":{"during":null,"heading":"backward","using":null,"recognized":null,"mode":null,"vehicle":null},"between":null}],"routes":[{"name":"National Highway 25","network":"IN:NH","ref":null,"symbol":null,"wikidata":null,"between":null},{"name":"National Highway 25 UP","network":"IN:NH","ref":null,"symbol":null,"wikidata":null,"between":null}],"sources":[{"property":"/routes","dataset":"OpenStreetMap","license":"ODbL-1.0","record_id":"r1453629@103","update_time":null,"confidence":null,"between":null},{"property":"/routes","dataset":"OpenStreetMap","license":"ODbL-1.0","record_id":"r2890907@79","update_time":null,"confidence":null,"between":null},{"property":"","dataset":"OpenStreetMap","license":"ODbL-1.0","record_id":"w47295010@19","update_time":"2026-04-06T10:29:50Z","confidence":null,"between":null}],"version":4}},
{"id":"5073e4ab-b112-4047-a581-efe6bb07054e","type":"Feature","geometry":{"type":"LineString","coordinates":[[80.94312,26.8442702],[80.943104,26.8442438],[80.9430815,26.8441783],[80.9429525,26.8440486],[80.9425425,26.844055],[80.9423261,26.8440614],[80.9422664,26.8440869],[80.9422704,26.844214]]},"properties":{"subtype":"road","class":"residential","connectors":[{"connector_id":"68817f51-439d-48e9-ad53-00f20ff4317c","at":0.0},{"connector_id":"f098def6-c1ea-47e2-bb42-fbef5071c128","at":1.0}],"road_surface":[{"value":"paved","between":null}],"sources":[{"property":"","dataset":"OpenStreetMap","license":"ODbL-1.0","record_id":"w213237687@5","update_time":"2025-12-05T11:22:16Z","confidence":null,"between":null}],"version":1}},
{"id":"13958823-17c4-4eb8-898d-e2c34ce9b062","type":"Feature","geometry":{"type":"LineString","coordinates":[[80.9417539,26.8448913],[80.9416889,26.8437603],[80.9416592,26.8432825]]},"properties":{"subtype":"road","class":"residential","connectors":[{"connector_id":"a9560fe7-45ea-4217-b9cb-378cd63655ca","at":0.0},{"connector_id":"3c869825-364a-45b8-a308-27c2fd76a450","at":1.0}],"road_surface":[{"value":"paved","between":null}],"sources":[{"property":"","dataset":"OpenStreetMap","license":"ODbL-1.0","record_id":"w213237687@5","update_time":"2025-12-05T11:22:16Z","confidence":null,"between":null}],"version":1}},
{"id":"8d08c37d-b09a-43b3-b7e6-7d484475220b","type":"Feature","geometry":{"type":"LineString","coordinates":[[80.9417539,26.8448913],[80.9417047,26.8449043],[80.9413959,26.844926],[80.9412415,26.8449022],[80.9411614,26.8447976],[80.9411741,26.8444526],[80.9411834,26.8442382],[80.9412264,26.8440662],[80.9412868,26.8439326],[80.9413309,26.8438217],[80.9413058,26.843697]]},"properties":{"subtype":"road","class":"residential","connectors":[{"connector_id":"a9560fe7-45ea-4217-b9cb-378cd63655ca","at":0.0},{"connector_id":"4897ed89-e338-4017-9502-22f105369261","at":1.0}],"sources":[{"property":"","dataset":"OpenStreetMap","license":"ODbL-1.0","record_id":"w1456234677@1","update_time":"2025-12-05T11:22:16Z","confidence":null,"between":null}],"version":1}},
{"id":"d78155b0-e696-4e29-b2b2-574bee0a52c9","type":"Feature","geometry":{"type":"LineString","coordinates":[[80.9422695,26.8445102],[80.9422662,26.8448299],[80.9422159,26.8448609],[80.9418319,26.8448857],[80.9417539,26.8448913]]},"properties":{"subtype":"road","class":"residential","connectors":[{"connector_id":"a1868d23-4d32-491a-a9fd-8d3871d32682","at":0.0},{"connector_id":"a9560fe7-45ea-4217-b9cb-378cd63655ca","at":1.0}],"road_surface":[{"value":"paved","between":null}],"sources":[{"property":"","dataset":"OpenStreetMap","license":"ODbL-1.0","record_id":"w213237687@5","update_time":"2025-12-05T11:22:16Z","confidence":null,"between":null}],"version":1}},
{"id":"f6b0006d-5bce-40f3-9d07-e88d6c70e596","type":"Feature","geometry":{"type":"LineString","coordinates":[[80.9422704,26.844214],[80.9422695,26.8445102]]},"properties":{"subtype":"road","class":"residential","connectors":[{"connector_id":"f098def6-c1ea-47e2-bb42-fbef5071c128","at":0.0},{"connector_id":"a1868d23-4d32-491a-a9fd-8d3871d32682","at":1.0}],"road_surface":[{"value":"paved","between":null}],"sources":[{"property":"","dataset":"OpenStreetMap","license":"ODbL-1.0","record_id":"w213237687@5","update_time":"2025-12-05T11:22:16Z","confidence":null,"between":null}],"version":1}},
{"id":"828b4d40-c8df-40d0-bea5-02d9b8904084","type":"Feature","geometry":{"type":"LineString","coordinates":[[80.9422695,26.8445102],[80.9424562,26.8445071],[80.9425294,26.8444874],[80.9425617,26.8444281],[80.9425753,26.8443856],[80.9432048,26.8443722]]},"properties":{"subtype":"road","class":"residential","connectors":[{"connector_id":"a1868d23-4d32-491a-a9fd-8d3871d32682","at":0.0},{"connector_id":"de420636-d858-4d45-ae65-57c931e2a9e8","at":1.0}],"sources":[{"property":"","dataset":"OpenStreetMap","license":"ODbL-1.0","record_id":"w1456234675@1","update_time":"2025-12-05T11:22:16Z","confidence":null,"between":null}],"version":1}},
{"id":"a7b548c1-24ca-4428-8f5d-5264e0ec61e6","type":"Feature","geometry":{"type":"LineString","coordinates":[[80.9422704,26.844214],[80.9424374,26.8442094],[80.9425123,26.8442125],[80.9425379,26.8442489],[80.9425583,26.8443066],[80.942594,26.8443157],[80.9428851,26.8443066],[80.9429226,26.8442717],[80.94312,26.8442702]]},"properties":{"subtype":"road","class":"residential","connectors":[{"connector_id":"f098def6-c1ea-47e2-bb42-fbef5071c128","at":0.0},{"connector_id":"68817f51-439d-48e9-ad53-00f20ff4317c","at":1.0}],"sources":[{"property":"","dataset":"OpenStreetMap","license":"ODbL-1.0","record_id":"w1456234676@1","update_time":"2025-12-05T11:22:16Z","confidence":null,"between":null}],"version":1}},
{"id":"028826fc-4edf-4f29-ade3-5c52237c6338","type":"Feature","geometry":{"type":"LineString","coordinates":[[80.9432048,26.8443722],[80.9431573,26.8443315],[80.94312,26.8442702]]},"properties":{"subtype":"road","class":"residential","connectors":[{"connector_id":"de420636-d858-4d45-ae65-57c931e2a9e8","at":0.0},{"connector_id":"68817f51-439d-48e9-ad53-00f20ff4317c","at":1.0}],"road_surface":[{"value":"paved","between":null}],"sources":[{"property":"","dataset":"OpenStreetMap","license":"ODbL-1.0","record_id":"w213237687@5","update_time":"2025-12-05T11:22:16Z","confidence":null,"between":null}],"version":1}},
{"id":"538432c2-07a5-4e6c-bae7-2bde423bfbe1","type":"Feature","geometry":{"type":"LineString","coordinates":[[80.9407137,26.8449133],[80.9405765,26.8456111]]},"properties":{"names":{"primary":"Babu Narayan Deen Marg","common":[["hi","बाबू नारायण दीन मार्ग"]],"rules":[{"variant":"common","language":null,"perspectives":null,"value":"Babu Narayan Deen Marg","between":null,"side":null}]},"subtype":"road","class":"residential","connectors":[{"connector_id":"6e86c6b9-a719-4881-862e-ed94035172d6","at":0.0},{"connector_id":"867ebc98-0d85-48b2-9b66-289e4408c1b7","at":1.0}],"road_surface":[{"value":"paving_stones","between":null}],"sources":[{"property":"","dataset":"OpenStreetMap","license":"ODbL-1.0","record_id":"w210669892@5","update_time":"2025-12-05T11:22:16Z","confidence":null,"between":null}],"version":1}},
{"id":"f1d2756f-b3b5-4961-a159-113186c3bba1","type":"Feature","geometry":{"type":"LineString","coordinates":[[80.9399109,26.845147],[80.9402488,26.8448646],[80.9404472,26.8448455],[80.9407137,26.8449133]]},"properties":{"subtype":"road","class":"residential","connectors":[{"connector_id":"b8088ae5-c7b4-46d0-8821-0f798cbfa8db","at":0.0},{"connector_id":"6e86c6b9-a719-4881-862e-ed94035172d6","at":1.0}],"sources":[{"property":"","dataset":"OpenStreetMap","license":"ODbL-1.0","record_id":"w994845764@1","update_time":"2021-10-20T08:24:55Z","confidence":null,"between":null}],"version":1}},
{"id":"156ff297-3b16-41bf-b460-578a66cc931b","type":"Feature","geometry":{"type":"LineString","coordinates":[[80.9409235,26.8443129],[80.9408475,26.8444509],[80.9407137,26.8449133]]},"properties":{"names":{"primary":"Babu Narayan Deen Marg","common":[["hi","बाबू नारायण दीन मार्ग"]],"rules":[{"variant":"common","language":null,"perspectives":null,"value":"Babu Narayan Deen Marg","between":null,"side":null}]},"subtype":"road","class":"residential","connectors":[{"connector_id":"8049909b-f5e8-44b4-99e6-96b8091c6132","at":0.0},{"connector_id":"6e86c6b9-a719-4881-862e-ed94035172d6","at":1.0}],"road_surface":[{"value":"paving_stones","between":null}],"sources":[{"property":"","dataset":"OpenStreetMap","license":"ODbL-1.0","record_id":"w210669892@5","update_time":"2025-12-05T11:22:16Z","confidence":null,"between":null}],"version":1}},
{"id":"657f8862-b051-4ff5-86be-b32c417831b7","type":"Feature","geometry":{"type":"LineString","coordinates":[[80.9398675,26.8444168],[80.9404206,26.8440605]]},"properties":{"subtype":"road","class":"tertiary","connectors":[{"connector_id":"c39d956a-f69f-4017-be53-5fb7503c8c9f","at":0.0},{"connector_id":"3fcc833b-f723-48a7-a861-26985213b176","at":1.0}],"road_surface":[{"value":"paved","between":null}],"access_restrictions":[{"access_type":"denied","when":{"during":null,"heading":"backward","using":null,"recognized":null,"mode":null,"vehicle":null},"between":null}],"sources":[{"property":"","dataset":"OpenStreetMap","license":"ODbL-1.0","record_id":"w210670122@4","update_time":"2024-04-16T08:43:05Z","confidence":null,"between":null}],"version":1}},
{"id":"6c9ba8db-b86f-4bf4-a68d-eb3bb67ea9bc","type":"Feature","geometry":{"type":"LineString","coordinates":[[80.9398166,26.8443594],[80.9398675,26.8444168]]},"properties":{"subtype":"road","class":"tertiary","subclass":"link","subclass_rules":[{"value":"link","between":null}],"connectors":[{"connector_id":"c9738368-c982-4224-8700-5e760464e832","at":0.0},{"connector_id":"c39d956a-f69f-4017-be53-5fb7503c8c9f","at":1.0}],"road_flags":[{"values":["is_link"],"between":null}],"sources":[{"property":"","dataset":"OpenStreetMap","license":"ODbL-1.0","record_id":"w1272990797@1","update_time":"2024-04-16T08:43:05Z","confidence":null,"between":null}],"version":1}},
{"id":"0be74101-c01b-4224-838c-901794565ffc","type":"Feature","geometry":{"type":"LineString","coordinates":[[80.9398166,26.8443594],[80.9393569,26.8446684]]},"properties":{"subtype":"road","class":"tertiary","connectors":[{"connector_id":"c9738368-c982-4224-8700-5e760464e832","at":0.0},{"connector_id":"3fb889ee-bfac-4b25-88d5-eafaf98e345c","at":1.0}],"access_restrictions":[{"access_type":"denied","when":{"during":null,"heading":"backward","using":null,"recognized":null,"mode":null,"vehicle":null},"between":null}],"sources":[{"property":"","dataset":"OpenStreetMap","license":"ODbL-1.0","record_id":"w1272990795@1","update_time":"2024-04-16T08:43:05Z","confidence":null,"between":null}],"version":1}},
{"id":"0ae60524-4a7c-47e5-87d1-9f41c204fdf3","type":"Feature","geometry":{"type":"LineString","coordinates":[[80.939397,26.8447199],[80.9398675,26.8444168]]},"properties":{"subtype":"road","class":"tertiary","connectors":[{"connector_id":"57e51dc6-ea1b-4439-9154-1f50b95a2e76","at":0.0},{"connector_id":"c39d956a-f69f-4017-be53-5fb7503c8c9f","at":1.0}],"road_surface":[{"value":"paved","between":null}],"access_restrictions":[{"access_type":"denied","when":{"during":null,"heading":"backward","using":null,"recognized":null,"mode":null,"vehicle":null},"between":null}],"sources":[{"property":"","dataset":"OpenStreetMap","license":"ODbL-1.0","record_id":"w210670122@4","update_time":"2024-04-16T08:43:05Z","confidence":null,"between":null}],"version":1}},
{"id":"370c1b9c-71ac-4f94-ae56-9accf4b310a6","type":"Feature","geometry":{"type":"LineString","coordinates":[[80.9393569,26.8446684],[80.939397,26.8447199]]},"properties":{"subtype":"road","class":"residential","connectors":[{"connector_id":"3fb889ee-bfac-4b25-88d5-eafaf98e345c","at":0.0},{"connector_id":"57e51dc6-ea1b-4439-9154-1f50b95a2e76","at":1.0}],"road_surface":[{"value":"paved","between":null}],"sources":[{"property":"","dataset":"OpenStreetMap","license":"ODbL-1.0","record_id":"w210669978@2","update_time":"2024-04-16T08:43:05Z","confidence":null,"between":null}],"version":1}},
{"id":"cb13ae3e-406a-4f93-84b3-98df189f0f0f","type":"Feature","geometry":{"type":"LineString","coordinates":[[80.9396499,26.8451509],[80.9396588,26.8450991],[80.9395676,26.8449651],[80.939397,26.8447199]]},"properties":{"subtype":"road","class":"residential","connectors":[{"connector_id":"439af67f-ace5-4cce-be79-6d47ca4a3a9e","at":0.0},{"connector_id":"57e51dc6-ea1b-4439-9154-1f50b95a2e76","at":1.0}],"sources":[{"property":"","dataset":"OpenStreetMap","license":"ODbL-1.0","record_id":"w994845763@2","update_time":"2024-04-16T08:43:05Z","confidence":null,"between":null}],"version":1}},
{"id":"60bbc8e4-5694-4730-8fce-b3b6d2e60de5","type":"Feature","geometry":{"type":"LineString","coordinates":[[80.9399109,26.845147],[80.9400449,26.8453001],[80.940474,26.8455489],[80.9405765,26.8456111]]},"properties":{"subtype":"road","class":"residential","connectors":[{"connector_id":"b8088ae5-c7b4-46d0-8821-0f798cbfa8db","at":0.0},{"connector_id":"867ebc98-0d85-48b2-9b66-289e4408c1b7","at":1.0}],"sources":[{"property":"","dataset":"OpenStreetMap","license":"ODbL-1.0","record_id":"w994845765@1","update_time":"2021-10-20T08:24:55Z","confidence":null,"between":null}],"version":1}},
{"id":"e93ade8f-1229-444c-952d-bedbc4d24428","type":"Feature","geometry":{"type":"LineString","coordinates":[[80.9405765,26.8456111],[80.9405064,26.8459674],[80.9404004,26.8463433]]},"properties":{"names":{"primary":"Babu Narayan Deen Marg","common":[["hi","बाबू नारायण दीन मार्ग"]],"rules":[{"variant":"common","language":null,"perspectives":null,"value":"Babu Narayan Deen Marg","between":null,"side":null}]},"subtype":"road","class":"residential","connectors":[{"connector_id":"867ebc98-0d85-48b2-9b66-289e4408c1b7","at":0.0},{"connector_id":"7165c84e-648c-48e7-a6a9-6cc8c058179e","at":1.0}],"road_surface":[{"value":"paving_stones","between":null}],"sources":[{"property":"","dataset":"OpenStreetMap","license":"ODbL-1.0","record_id":"w210669892@5","update_time":"2025-12-05T11:22:16Z","confidence":null,"between":null}],"version":1}},
{"id":"ac5d131c-a4e7-4d17-91ed-8d22be992d23","type":"Feature","geometry":{"type":"LineString","coordinates":[[80.9412869,26.8465279],[80.9406766,26.8459981]]},"properties":{"subtype":"road","class":"residential","connectors":[{"connector_id":"fb810c8c-f910-46ed-b207-d3f021a49c0d","at":0.0},{"connector_id":"d5b4f625-5737-4bbd-9447-643e067a4d30","at":1.0}],"sources":[{"property":"","dataset":"OpenStreetMap","license":"ODbL-1.0","record_id":"w1354631181@1","update_time":"2025-01-27T12:16:32Z","confidence":null,"between":null}],"version":1}},
{"id":"458a295a-ef0d-4825-9bf4-07748aa03b94","type":"Feature","geometry":{"type":"LineString","coordinates":[[80.9394067,26.8460083],[80.939471,26.846037],[80.9395569,26.8460753],[80.9397231,26.8461519],[80.9398411,26.846195],[80.9401093,26.846262],[80.9404004,26.8463433]]},"properties":{"subtype":"road","class":"residential","connectors":[{"connector_id":"51c7d9e3-96fd-4333-93b1-c241b39d0a40","at":0.0},{"connector_id":"7165c84e-648c-48e7-a6a9-6cc8c058179e","at":1.0}],"sources":[{"property":"","dataset":"OpenStreetMap","license":"ODbL-1.0","record_id":"w994845769@1","update_time":"2021-10-20T08:24:55Z","confidence":null,"between":null}],"version":1}},
{"id":"4054a411-ad22-4a95-ab4a-bede4898522d","type":"Feature","geometry":{"type":"LineString","coordinates":[[80.9394363,26.8470322],[80.9395045,26.8469913],[80.9396778,26.8468904],[80.9399146,26.8467303]]},"properties":{"subtype":"road","class":"unknown","connectors":[{"connector_id":"41ea6613-a789-4238-a650-0ec79b77beb3","at":0.0},{"connector_id":"117b3d24-4b01-4ed8-a103-b20ac0919ffd","at":1.0}],"sources":[{"property":"","dataset":"TomTom","license":"ODbL-1.0","record_id":null,"update_time":null,"confidence":null,"between":null}],"version":1}},
{"id":"b1f948fa-2d05-4295-aaa1-3020382aaeb6","type":"Feature","geometry":{"type":"LineString","coordinates":[[80.9399365,26.8477663],[80.9393128,26.8471062],[80.9388352,26.8466008]]},"properties":{"names":{"primary":"Kamla Sharma Marg","common":[["hi","कमला शर्मा मार्ग"]],"rules":[{"variant":"common","language":null,"perspectives":null,"value":"Kamla Sharma Marg","between":null,"side":null}]},"subtype":"road","class":"residential","connectors":[{"connector_id":"5f568391-8ad1-4636-9560-973568f76258","at":0.0},{"connector_id":"f7232db0-893d-4ef2-ac04-6ec72f39d899","at":0.566350941},{"connector_id":"5048e98e-287e-4a01-9dae-9e0d8830bedd","at":1.0}],"road_surface":[{"value":"paved","between":null}],"sources":[{"property":"","dataset":"OpenStreetMap","license":"ODbL-1.0","record_id":"w210670092@4","update_time":"2024-04-17T06:03:50Z","confidence":null,"between":null}],"version":2}},
{"id":"86b99a54-ac25-47c7-9310-0eef481600d7","type":"Feature","geometry":{"type":"LineString","coordinates":[[80.9393128,26.8471062],[80.9394363,26.8470322]]},"properties":{"subtype":"road","class":"unknown","connectors":[{"connector_id":"f7232db0-893d-4ef2-ac04-6ec72f39d899","at":0.0},{"connector_id":"41ea6613-a789-4238-a650-0ec79b77beb3","at":1.0}],"sources":[{"property":"","dataset":"TomTom","license":"ODbL-1.0","record_id":null,"update_time":null,"confidence":null,"between":null}],"version":1}},
{"id":"ccd15473-5b55-4f9e-af22-6b2abf5f0e45","type":"Feature","geometry":{"type":"LineString","coordinates":[[80.9394363,26.8470322],[80.939634,26.847276],[80.9398407,26.8471553],[80.9400079,26.8470615]]},"properties":{"subtype":"road","class":"unknown","connectors":[{"connector_id":"41ea6613-a789-4238-a650-0ec79b77beb3","at":0.0},{"connector_id":"b7906b07-22ae-41ce-ab0e-cfdc3258fefa","at":1.0}],"sources":[{"property":"","dataset":"TomTom","license":"ODbL-1.0","record_id":null,"update_time":null,"confidence":null,"between":null}],"version":1}},
{"id":"384a9903-0838-4022-b25e-3d7d0a667fe4","type":"Feature","geometry":{"type":"LineString","coordinates":[[80.9408188,26.8476418],[80.9409827,26.8475837]]},"properties":{"subtype":"road","class":"residential","connectors":[{"connector_id":"a591cda3-c5db-4b97-ba99-991e3ae8c443","at":0.0},{"connector_id":"9d4eb49d-9e38-4195-85c2-d6890c8365f7","at":1.0}],"road_surface":[{"value":"paved","between":null}],"sources":[{"property":"","dataset":"OpenStreetMap","license":"ODbL-1.0","record_id":"w210670154@6","update_time":"2025-08-03T01:49:15Z","confidence":null,"between":null}],"version":1}},
{"id":"88147704-229d-48dd-9721-0c746d6a1270","type":"Feature","geometry":{"type":"LineString","coordinates":[[80.9409827,26.8475837],[80.9410935,26.8475481]]},"properties":{"subtype":"road","class":"residential","connectors":[{"connector_id":"9d4eb49d-9e38-4195-85c2-d6890c8365f7","at":0.0},{"connector_id":"fa94ac82-52ef-4031-b834-73f30cb87407","at":1.0}],"road_surface":[{"value":"paved","between":null}],"sources":[{"property":"","dataset":"OpenStreetMap","license":"ODbL-1.0","record_id":"w210670154@6","update_time":"2025-08-03T01:49:15Z","confidence":null,"between":null}],"version":1}},
{"id":"f694ae5c-9350-4e8e-8bd7-4479247d1682","type":"Feature","geometry":{"type":"LineString","coordinates":[[80.9406851,26.8476793],[80.9406609,26.8475443],[80.9411908,26.846622],[80.9412869,26.8465279]]},"properties":{"subtype":"road","class":"residential","connectors":[{"connector_id":"304c58a2-5aca-4f71-b58e-2e3145968772","at":0.0},{"connector_id":"fb810c8c-f910-46ed-b207-d3f021a49c0d","at":1.0}],"road_surface":[{"value":"paved","between":null}],"sources":[{"property":"","dataset":"OpenStreetMap","license":"ODbL-1.0","record_id":"w210670014@3","update_time":"2019-10-11T00:29:53Z","confidence":null,"between":null}],"version":1}},
{"id":"5e752f8f-b0d3-4b7e-a5ba-9cb1685df72c","type":"Feature","geometry":{"type":"LineString","coordinates":[[80.9404004,26.8463433],[80.9401993,26.8470568],[80.9400278,26.8475796],[80.9400271,26.8477266]]},"properties":{"names":{"primary":"Babu Narayan Deen Marg","common":[["hi","बाबू नारायण दीन मार्ग"]],"rules":[{"variant":"common","language":null,"perspectives":null,"value":"Babu Narayan Deen Marg","between":null,"side":null}]},"subtype":"road","class":"residential","connectors":[{"connector_id":"7165c84e-648c-48e7-a6a9-6cc8c058179e","at":0.0},{"connector_id":"8eabe2c3-670d-490e-ae84-dc8dbbafe313","at":1.0}],"road_surface":[{"value":"paving_stones","between":null}],"sources":[{"property":"","dataset":"OpenStreetMap","license":"ODbL-1.0","record_id":"w210669892@5","update_time":"2025-12-05T11:22:16Z","confidence":null,"between":null}],"version":1}},
{"id":"d42b5d22-de1c-4725-ade1-93cd3514f979","type":"Feature","geometry":{"type":"LineString","coordinates":[[80.9412869,26.8465279],[80.941574,26.8467323],[80.9417684,26.8468782],[80.9418704,26.8469608],[80.9419286,26.846977]]},"properties":{"subtype":"road","class":"residential","connectors":[{"connector_id":"fb810c8c-f910-46ed-b207-d3f021a49c0d","at":0.0},{"connector_id":"5992a867-41a5-49a0-b178-512991066638","at":1.0}],"sources":[{"property":"","dataset":"OpenStreetMap","license":"ODbL-1.0","record_id":"w733435916@2","update_time":"2022-07-11T04:47:49Z","confidence":null,"between":null}],"version":1}},
{"id":"f36c4360-87b2-4012-b114-38b15381efba","type":"Feature","geometry":{"type":"LineString","coordinates":[[80.9419286,26.846977],[80.9420125,26.8470003],[80.9421087,26.8470777]]},"properties":{"subtype":"road","class":"residential","connectors":[{"connector_id":"5992a867-41a5-49a0-b178-512991066638","at":0.0},{"connector_id":"b2e85f73-5e0e-4285-a6bf-1bce26522e3a","at":1.0}],"sources":[{"property":"","dataset":"OpenStreetMap","license":"ODbL-1.0","record_id":"w733435916@2","update_time":"2022-07-11T04:47:49Z","confidence":null,"between":null}],"version":1}},
{"id":"dc5f15c1-1b10-44ea-bfdb-3240280d9b58","type":"Feature","geometry":{"type":"LineString","coordinates":[[80.9410935,26.8475481],[80.9414623,26.8474233],[80.9415457,26.8473951],[80.9421087,26.8470777]]},"properties":{"subtype":"road","class":"residential","connectors":[{"connector_id":"fa94ac82-52ef-4031-b834-73f30cb87407","at":0.0},{"connector_id":"cf000456-e13f-431c-9f2b-cfebe5dfb0a1","at":0.343275501},{"connector_id":"b2e85f73-5e0e-4285-a6bf-1bce26522e3a","at":1.0}],"road_surface":[{"value":"paved","between":null}],"sources":[{"property":"","dataset":"OpenStreetMap","license":"ODbL-1.0","record_id":"w210670154@6","update_time":"2025-08-03T01:49:15Z","confidence":null,"between":null}],"version":1}},
{"id":"4a9b64db-18fc-4de2-a506-7a52d59d338d","type":"Feature","geometry":{"type":"LineString","coordinates":[[80.9421087,26.8470777],[80.9422304,26.8471645],[80.942397,26.8473051],[80.9424602,26.8473671],[80.9425205,26.8474798],[80.9425495,26.8475619],[80.9425563,26.8476252],[80.942566,26.8476838],[80.9426503,26.8477992],[80.9426856,26.8478147],[80.9427308,26.8478008],[80.9427747,26.8477648]]},"properties":{"subtype":"road","class":"unknown","connectors":[{"connector_id":"b2e85f73-5e0e-4285-a6bf-1bce26522e3a","at":0.0},{"connector_id":"ab8aea75-3cb5-42c1-bab3-f28de42c2bdf","at":1.0}],"sources":[{"property":"","dataset":"TomTom","license":"ODbL-1.0","record_id":null,"update_time":null,"confidence":null,"between":null}],"version":1}},
{"id":"ab2a54b3-556d-47cf-962b-c011d93233ff","type":"Feature","geometry":{"type":"LineString","coordinates":[[80.9421087,26.8470777],[80.9423032,26.8469681],[80.9429487,26.8465286]]},"properties":{"subtype":"road","class":"residential","connectors":[{"connector_id":"b2e85f73-5e0e-4285-a6bf-1bce26522e3a","at":0.0},{"connector_id":"8157422b-2dc4-4334-abaa-4b4759da9a6d","at":1.0}],"road_surface":[{"value":"paved","between":null}],"sources":[{"property":"","dataset":"OpenStreetMap","license":"ODbL-1.0","record_id":"w210670154@6","update_time":"2025-08-03T01:49:15Z","confidence":null,"between":null}],"version":2}},
{"id":"70e2680d-351d-4478-848a-343e806ddc1d","type":"Feature","geometry":{"type":"LineString","coordinates":[[80.9429487,26.8465286],[80.9432615,26.8468816]]},"properties":{"subtype":"road","class":"residential","connectors":[{"connector_id":"8157422b-2dc4-4334-abaa-4b4759da9a6d","at":0.0},{"connector_id":"0b6f3683-7cdd-4f1c-a97f-368a1c905513","at":1.0}],"road_surface":[{"value":"paved","between":null}],"sources":[{"property":"","dataset":"OpenStreetMap","license":"ODbL-1.0","record_id":"w210670104@2","update_time":"2025-08-03T01:49:15Z","confidence":null,"between":null}],"version":2}},
{"id":"92dc27f8-7fbd-4fea-bc3f-2375f09e7c97","type":"Feature","geometry":{"type":"LineString","coordinates":[[80.9429487,26.8465286],[80.9433605,26.8462472]]},"properties":{"subtype":"road","class":"residential","connectors":[{"connector_id":"8157422b-2dc4-4334-abaa-4b4759da9a6d","at":0.0},{"connector_id":"6a00748d-cb83-4bbd-b5ae-9c5847104da3","at":1.0}],"road_surface":[{"value":"paved","between":null}],"sources":[{"property":"","dataset":"OpenStreetMap","license":"ODbL-1.0","record_id":"w210670154@6","update_time":"2025-08-03T01:49:15Z","confidence":null,"between":null}],"version":2}},
{"id":"c68da4d9-f47f-4e17-ad26-57096fb46e41","type":"Feature","geometry":{"type":"LineString","coordinates":[[80.9430691,26.84587],[80.9430727,26.8459253],[80.9430909,26.8459976],[80.9431464,26.8460701],[80.9433605,26.8462472]]},"properties":{"subtype":"road","class":"residential","connectors":[{"connector_id":"0e891057-ac17-45bc-bba9-4cbd07775ccd","at":0.0},{"connector_id":"6a00748d-cb83-4bbd-b5ae-9c5847104da3","at":1.0}],"sources":[{"property":"","dataset":"OpenStreetMap","license":"ODbL-1.0","record_id":"w1077591889@1","update_time":"2022-07-11T04:47:49Z","confidence":null,"between":null}],"version":1}},
{"id":"51eae71d-8a1b-4e25-9da7-e884c21bd48b","type":"Feature","geometry":{"type":"LineString","coordinates":[[80.9419286,26.846977],[80.9430691,26.84587]]},"properties":{"subtype":"road","class":"residential","connectors":[{"connector_id":"5992a867-41a5-49a0-b178-512991066638","at":0.0},{"connector_id":"0e891057-ac17-45bc-bba9-4cbd07775ccd","at":1.0}],"sources":[{"property":"","dataset":"OpenStreetMap","license":"ODbL-1.0","record_id":"w1077591890@1","update_time":"2022-07-11T04:47:49Z","confidence":null,"between":null}],"version":1}},
{"id":"23be1a5c-b209-4f6a-88f5-533f0eb6b75d","type":"Feature","geometry":{"type":"LineString","coordinates":[[80.9415245,26.8460513],[80.9416614,26.8461585],[80.9418045,26.8462675]]},"properties":{"subtype":"road","class":"unknown","connectors":[{"connector_id":"b72b3513-5f87-4d93-aefa-1fa018013e7f","at":0.0},{"connector_id":"aa90ba80-8000-4fcc-ab34-a31b820b3e46","at":0.491869449},{"connector_id":"efce5d1e-056f-43a8-9bc6-c5dc5773de69","at":1.0}],"sources":[{"property":"","dataset":"TomTom","license":"ODbL-1.0","record_id":null,"update_time":null,"confidence":null,"between":null}],"version":1}},
{"id":"844a9ed8-4d76-4a27-acf7-3d7513a1248f","type":"Feature","geometry":{"type":"LineString","coordinates":[[80.9412869,26.8465279],[80.9416614,26.8461585],[80.9421348,26.8456915],[80.9423649,26.8454645],[80.9424719,26.8453638],[80.9429134,26.8456536],[80.943069,26.8458202],[80.9430691,26.84587]]},"properties":{"subtype":"road","class":"residential","connectors":[{"connector_id":"fb810c8c-f910-46ed-b207-d3f021a49c0d","at":0.0},{"connector_id":"aa90ba80-8000-4fcc-ab34-a31b820b3e46","at":0.213898492},{"connector_id":"44501ffb-466a-4b8d-a80e-72bd674ebbd1","at":0.484299748},{"connector_id":"0e891057-ac17-45bc-bba9-4cbd07775ccd","at":1.0}],"road_surface":[{"value":"paved","between":[0.0,0.978682536]}],"sources":[{"property":"","dataset":"OpenStreetMap","license":"ODbL-1.0","record_id":"w210670014@3","update_time":"2019-10-11T00:29:53Z","confidence":null,"between":[0.0,0.978682536]},{"property":"","dataset":"OpenStreetMap","license":"ODbL-1.0","record_id":"w1077591889@1","update_time":"2022-07-11T04:47:49Z","confidence":null,"between":[0.978682536,1.0]}],"version":2}},
{"id":"3bb5dec3-9e59-4e39-a782-2f8c69438a4e","type":"Feature","geometry":{"type":"LineString","coordinates":[[80.9419764,26.84557],[80.9421348,26.8456915],[80.9422515,26.8457812]]},"properties":{"subtype":"road","class":"unknown","connectors":[{"connector_id":"cffdda69-7d28-4126-867c-999ac61b8341","at":0.0},{"connector_id":"44501ffb-466a-4b8d-a80e-72bd674ebbd1","at":0.57557657},{"connector_id":"707bb782-2760-4845-8f37-79552d9520df","at":1.0}],"sources":[{"property":"","dataset":"TomTom","license":"ODbL-1.0","record_id":null,"update_time":null,"confidence":null,"between":null}],"version":1}},
{"id":"9e68d388-a9a7-4027-81cc-38be3eac980d","type":"Feature","geometry":{"type":"LineString","coordinates":[[80.9437574,26.8459827],[80.9444139,26.8455452]]},"properties":{"subtype":"road","class":"residential","connectors":[{"connector_id":"a39f594e-c005-4952-9efa-6661495504a6","at":0.0},{"connector_id":"342c5137-8e3d-4bd1-be26-55aa6dd019ed","at":1.0}],"road_surface":[{"value":"paved","between":null}],"sources":[{"property":"","dataset":"OpenStreetMap","license":"ODbL-1.0","record_id":"w210670154@6","update_time":"2025-08-03T01:49:15Z","confidence":null,"between":null}],"version":1}},
{"id":"b443a945-a3ee-4823-8dff-6831ccfa89be","type":"Feature","geometry":{"type":"LineString","coordinates":[[80.9444139,26.8455452],[80.9445963,26.8454433],[80.9447301,26.8454029],[80.9448614,26.8454172]]},"properties":{"subtype":"road","class":"residential","connectors":[{"connector_id":"342c5137-8e3d-4bd1-be26-55aa6dd019ed","at":0.0},{"connector_id":"f8c7fe6a-0762-4e75-8b75-eeb3175215e4","at":1.0}],"road_surface":[{"value":"paved","between":null}],"access_restrictions":[{"access_type":"denied","when":{"during":null,"heading":"backward","using":null,"recognized":null,"mode":null,"vehicle":null},"between":null}],"sources":[{"property":"","dataset":"OpenStreetMap","license":"ODbL-1.0","record_id":"w210670072@2","update_time":"2019-10-11T01:51:29Z","confidence":null,"between":null}],"version":1}},
{"id":"18ad0321-5181-415e-a579-c7efaf14b2c0","type":"Feature","geometry":{"type":"LineString","coordinates":[[80.9455674,26.8460472],[80.9453767,26.8461964],[80.9452392,26.8463035],[80.9450582,26.8464273]]},"properties":{"subtype":"road","class":"unknown","connectors":[{"connector_id":"8090e55d-4075-49ba-8920-0786a8260eb3","at":0.0},{"connector_id":"b805f77a-6972-450c-805c-20f701a53881","at":1.0}],"sources":[{"property":"","dataset":"TomTom","license":"ODbL-1.0","record_id":null,"update_time":null,"confidence":null,"between":null}],"version":1}},
{"id":"eda648fb-beb5-4448-8bf5-6f8a657e88c4","type":"Feature","geometry":{"type":"LineString","coordinates":[[80.9443013,26.8464398],[80.9446932,26.8461759]]},"properties":{"subtype":"road","class":"residential","connectors":[{"connector_id":"81e03428-ffd2-4e77-a482-8a477adfeabc","at":0.0},{"connector_id":"cd029acf-607b-4c5c-94f4-bde8a38706b9","at":1.0}],"road_surface":[{"value":"paved","between":null}],"sources":[{"property":"","dataset":"OpenStreetMap","license":"ODbL-1.0","record_id":"w210670013@1","update_time":"2013-03-17T23:31:57Z","confidence":null,"between":null}],"version":1}},
{"id":"bcfd7bbf-b82e-4002-8806-d4e2739ced55","type":"Feature","geometry":{"type":"LineString","coordinates":[[80.9443013,26.8464398],[80.9442348,26.8464294],[80.9437574,26.8459827]]},"properties":{"subtype":"road","class":"residential","connectors":[{"connector_id":"81e03428-ffd2-4e77-a482-8a477adfeabc","at":0.0},{"connector_id":"a39f594e-c005-4952-9efa-6661495504a6","at":1.0}],"sources":[{"property":"","dataset":"OpenStreetMap","license":"ODbL-1.0","record_id":"w994845762@1","update_time":"2021-10-20T08:24:55Z","confidence":null,"between":null}],"version":1}},
{"id":"1df4dfe1-8813-4966-a2a3-11c6cf835834","type":"Feature","geometry":{"type":"LineString","coordinates":[[80.9433605,26.8462472],[80.9435022,26.8461528],[80.9437574,26.8459827]]},"properties":{"subtype":"road","class":"residential","connectors":[{"connector_id":"6a00748d-cb83-4bbd-b5ae-9c5847104da3","at":0.0},{"connector_id":"8bedcc15-5430-42fe-ab9e-93c4d9a986c6","at":0.356975077},{"connector_id":"a39f594e-c005-4952-9efa-6661495504a6","at":1.0}],"road_surface":[{"value":"paved","between":null}],"sources":[{"property":"","dataset":"OpenStreetMap","license":"ODbL-1.0","record_id":"w210670154@6","update_time":"2025-08-03T01:49:15Z","confidence":null,"between":null}],"version":2}},
{"id":"bdff6df1-0c7b-490a-85f6-99bf52097059","type":"Feature","geometry":{"type":"LineString","coordinates":[[80.944388,26.8470887],[80.94432,26.8470897],[80.9442821,26.8470509],[80.9439762,26.8466724],[80.9437021,26.8463419],[80.943678,26.8463192],[80.9436457,26.8462982],[80.9436084,26.8462727],[80.9435777,26.8462465],[80.9435468,26.846213],[80.9435022,26.8461528]]},"properties":{"subtype":"road","class":"unknown","connectors":[{"connector_id":"21e0b8a1-b4dd-4a00-ba6e-4eb81a40ee45","at":0.0},{"connector_id":"8bedcc15-5430-42fe-ab9e-93c4d9a986c6","at":1.0}],"sources":[{"property":"","dataset":"TomTom","license":"ODbL-1.0","record_id":null,"update_time":null,"confidence":null,"between":null}],"version":1}},
{"id":"bf4b1b8b-c266-4414-80d9-2fbf0d446c91","type":"Feature","geometry":{"type":"LineString","coordinates":[[80.9432615,26.8468816],[80.9437557,26.8465565],[80.9442551,26.8471763]]},"properties":{"subtype":"road","class":"residential","connectors":[{"connector_id":"0b6f3683-7cdd-4f1c-a97f-368a1c905513","at":0.0},{"connector_id":"b32f1267-d00e-4909-b599-694afd42b5e6","at":1.0}],"road_surface":[{"value":"paved","between":null}],"sources":[{"property":"","dataset":"OpenStreetMap","license":"ODbL-1.0","record_id":"w210669998@1","update_time":"2025-08-03T01:49:15Z","confidence":null,"between":null}],"version":2}},
{"id":"153dc379-79d8-4154-ae78-7fed56660c8a","type":"Feature","geometry":{"type":"LineString","coordinates":[[80.9432615,26.8468816],[80.9437814,26.8474903],[80.9439475,26.8473783],[80.944028,26.8473298],[80.9442551,26.8471763]]},"properties":{"subtype":"road","class":"residential","connectors":[{"connector_id":"0b6f3683-7cdd-4f1c-a97f-368a1c905513","at":0.0},{"connector_id":"a2877575-1408-4181-8a3a-b7998c457efa","at":0.735919274},{"connector_id":"f696c7f1-8a33-41cd-b114-bb088b26334f","at":0.803075521},{"connector_id":"b32f1267-d00e-4909-b599-694afd42b5e6","at":1.0}],"road_surface":[{"value":"paved","between":null}],"sources":[{"property":"","dataset":"OpenStreetMap","license":"ODbL-1.0","record_id":"w210670104@2","update_time":"2025-08-03T01:49:15Z","confidence":null,"between":null}],"version":1}},
{"id":"3f5da63f-723f-455b-bf13-1907d9dff4c0","type":"Feature","geometry":{"type":"LineString","coordinates":[[80.944028,26.8473298],[80.9442626,26.8476185],[80.9442593,26.8476795],[80.944195,26.8476698],[80.9439475,26.8473783]]},"properties":{"subtype":"road","class":"service","connectors":[{"connector_id":"f696c7f1-8a33-41cd-b114-bb088b26334f","at":0.0},{"connector_id":"8baf4c71-979c-4d03-8b08-0f605202c280","at":0.496101531},{"connector_id":"a2877575-1408-4181-8a3a-b7998c457efa","at":1.0}],"road_surface":[{"value":"paved","between":null}],"sources":[{"property":"","dataset":"OpenStreetMap","license":"ODbL-1.0","record_id":"w210670001@2","update_time":"2025-08-03T01:49:15Z","confidence":null,"between":null}],"version":1}},
{"id":"f5b18f30-da51-404b-b025-672f0b28a717","type":"Feature","geometry":{"type":"LineString","coordinates":[[80.9452131,26.8474157],[80.9447159,26.8468719]]},"properties":{"subtype":"road","class":"residential","connectors":[{"connector_id":"685d4f53-49fd-4ab5-90e0-8adbf458528f","at":0.0},{"connector_id":"0d45b449-afe7-4366-94db-2971898aa140","at":1.0}],"road_surface":[{"value":"paved","between":null}],"sources":[{"property":"","dataset":"OpenStreetMap","license":"ODbL-1.0","record_id":"w210669966@1","update_time":"2015-01-12T06:02:22Z","confidence":null,"between":null}],"version":1}},
{"id":"311c1d84-80e1-4b62-8e0a-e0908a649543","type":"Feature","geometry":{"type":"LineString","coordinates":[[80.9447159,26.8468719],[80.9449928,26.8466903]]},"properties":{"subtype":"road","class":"residential","connectors":[{"connector_id":"0d45b449-afe7-4366-94db-2971898aa140","at":0.0},{"connector_id":"23e136b9-631e-4a9b-bfee-7d9673fbce70","at":1.0}],"road_surface":[{"value":"paved","between":null}],"sources":[{"property":"","dataset":"OpenStreetMap","license":"ODbL-1.0","record_id":"w210670056@1","update_time":"2013-03-17T23:32:01Z","confidence":null,"between":null}],"version":1}},
{"id":"3e33a385-7096-4cc9-9e16-a84b81d4a3e3","type":"Feature","geometry":{"type":"LineString","coordinates":[[80.944388,26.8470887],[80.9446792,26.8468961]]},"properties":{"subtype":"road","class":"residential","connectors":[{"connector_id":"21e0b8a1-b4dd-4a00-ba6e-4eb81a40ee45","at":0.0},{"connector_id":"cef2dfbb-a69b-4a32-a8b4-3dc4d2b71581","at":1.0}],"road_surface":[{"value":"paved","between":null}],"sources":[{"property":"","dataset":"OpenStreetMap","license":"ODbL-1.0","record_id":"w210670056@1","update_time":"2013-03-17T23:32:01Z","confidence":null,"between":null}],"version":1}},
{"id":"ef2fb487-360d-497c-8be3-c2926173133a","type":"Feature","geometry":{"type":"LineString","coordinates":[[80.9446792,26.8468961],[80.9447159,26.8468719]]},"properties":{"subtype":"road","class":"residential","connectors":[{"connector_id":"cef2dfbb-a69b-4a32-a8b4-3dc4d2b71581","at":0.0},{"connector_id":"0d45b449-afe7-4366-94db-2971898aa140","at":1.0}],"road_surface":[{"value":"paved","between":null}],"sources":[{"property":"","dataset":"OpenStreetMap","license":"ODbL-1.0","record_id":"w210670056@1","update_time":"2013-03-17T23:32:01Z","confidence":null,"between":null}],"version":1}},
{"id":"b6fdc107-ac51-4bee-963e-0a7062883ed2","type":"Feature","geometry":{"type":"LineString","coordinates":[[80.9446792,26.8468961],[80.9443013,26.8464398]]},"properties":{"subtype":"road","class":"residential","connectors":[{"connector_id":"cef2dfbb-a69b-4a32-a8b4-3dc4d2b71581","at":0.0},{"connector_id":"81e03428-ffd2-4e77-a482-8a477adfeabc","at":1.0}],"road_surface":[{"value":"paved","between":null}],"sources":[{"property":"","dataset":"OpenStreetMap","license":"ODbL-1.0","record_id":"w210670013@1","update_time":"2013-03-17T23:31:57Z","confidence":null,"between":null}],"version":1}},
{"id":"92174e4c-212b-4f34-884c-d2eb95a8aac6","type":"Feature","geometry":{"type":"LineString","coordinates":[[80.9462605,26.8466694],[80.9464114,26.8464379]]},"properties":{"names":{"primary":"Park Road","common":null,"rules":[{"variant":"common","language":null,"perspectives":null,"value":"Park Road","between":null,"side":null}]},"subtype":"road","class":"tertiary","connectors":[{"connector_id":"cb4b3898-4cdc-45bf-9189-1f5409369b19","at":0.0},{"connector_id":"7dab1b5f-9a1a-4caa-8ed6-64973775ed14","at":1.0}],"sources":[{"property":"","dataset":"OpenStreetMap","license":"ODbL-1.0","record_id":"w1387995015@2","update_time":"2026-05-11T05:49:43Z","confidence":null,"between":null}],"version":3}},
{"id":"6a0acfb8-4be1-4501-930e-506a0ce8b3cc","type":"Feature","geometry":{"type":"LineString","coordinates":[[80.9462169,26.8466326],[80.9461984,26.8466275],[80.9461804,26.8466261]]},"properties":{"names":{"primary":"Hazratganj Chauraha","common":null,"rules":[{"variant":"common","language":null,"perspectives":null,"value":"Hazratganj Chauraha","between":null,"side":null}]},"subtype":"road","class":"primary","connectors":[{"connector_id":"3eacf0c8-cb46-496c-bc93-f28364369468","at":0.0},{"connector_id":"dba2df73-985d-43a8-a651-c743b0920920","at":1.0}],"road_surface":[{"value":"paved","between":null}],"routes":[{"name":"National Highway 24B","network":"IN:NH","ref":null,"symbol":null,"wikidata":null,"between":null}],"sources":[{"property":"/routes","dataset":"OpenStreetMap","license":"ODbL-1.0","record_id":"r1425755@88","update_time":null,"confidence":null,"between":null},{"property":"","dataset":"OpenStreetMap","license":"ODbL-1.0","record_id":"w1497977167@1","update_time":"2026-04-09T15:15:51Z","confidence":null,"between":null}],"version":3}},
{"id":"59eef1ec-3746-4541-ae28-ab601cbacc6b","type":"Feature","geometry":{"type":"LineString","coordinates":[[80.9461804,26.8466261],[80.9461706,26.8466253],[80.9461633,26.8466266]]},"properties":{"names":{"primary":"Hazratganj Chauraha","common":null,"rules":[{"variant":"common","language":null,"perspectives":null,"value":"Hazratganj Chauraha","between":null,"side":null}]},"subtype":"road","class":"primary","connectors":[{"connector_id":"dba2df73-985d-43a8-a651-c743b0920920","at":0.0},{"connector_id":"e6822e54-954d-4c7f-a2c8-eaa303eeae17","at":1.0}],"road_surface":[{"value":"paved","between":null}],"routes":[{"name":"National Highway 24B","network":"IN:NH","ref":null,"symbol":null,"wikidata":null,"between":null}],"sources":[{"property":"/routes","dataset":"OpenStreetMap","license":"ODbL-1.0","record_id":"r1425755@88","update_time":null,"confidence":null,"between":null},{"property":"","dataset":"OpenStreetMap","license":"ODbL-1.0","record_id":"w1497977167@1","update_time":"2026-04-09T15:15:51Z","confidence":null,"between":null}],"version":3}},
{"id":"2d4c71cc-d062-43e6-9eac-b630126e24b0","type":"Feature","geometry":{"type":"LineString","coordinates":[[80.9461633,26.8466266],[80.9461477,26.8466295],[80.9461267,26.8466387],[80.9461186,26.8466449]]},"properties":{"names":{"primary":"Hazratganj Chauraha","common":null,"rules":[{"variant":"common","language":null,"perspectives":null,"value":"Hazratganj Chauraha","between":null,"side":null}]},"subtype":"road","class":"primary","connectors":[{"connector_id":"e6822e54-954d-4c7f-a2c8-eaa303eeae17","at":0.0},{"connector_id":"fd04c5e6-edbe-4ac6-be73-c321bbdbcee0","at":1.0}],"road_surface":[{"value":"paved","between":null}],"routes":[{"name":"National Highway 24B","network":"IN:NH","ref":null,"symbol":null,"wikidata":null,"between":null}],"sources":[{"property":"/routes","dataset":"OpenStreetMap","license":"ODbL-1.0","record_id":"r1425755@88","update_time":null,"confidence":null,"between":null},{"property":"","dataset":"OpenStreetMap","license":"ODbL-1.0","record_id":"w209442232@14","update_time":"2026-04-09T15:15:51Z","confidence":null,"between":null}],"version":3}},
{"id":"12a3b68f-7655-4a45-8206-f0eccd7144b5","type":"Feature","geometry":{"type":"LineString","coordinates":[[80.9461186,26.8466449],[80.946109,26.8466522],[80.9460916,26.8466768],[80.9460847,26.8467051],[80.9460892,26.846734],[80.9461046,26.8467596]]},"properties":{"names":{"primary":"Hazratganj Chauraha","common":null,"rules":[{"variant":"common","language":null,"perspectives":null,"value":"Hazratganj Chauraha","between":null,"side":null}]},"subtype":"road","class":"primary","connectors":[{"connector_id":"fd04c5e6-edbe-4ac6-be73-c321bbdbcee0","at":0.0},{"connector_id":"bae76afa-ac75-4a6e-8918-f16f781af234","at":1.0}],"road_surface":[{"value":"paved","between":null}],"routes":[{"name":"National Highway 24B","network":"IN:NH","ref":null,"symbol":null,"wikidata":null,"between":null}],"sources":[{"property":"/routes","dataset":"OpenStreetMap","license":"ODbL-1.0","record_id":"r1425755@88","update_time":null,"confidence":null,"between":null},{"property":"","dataset":"OpenStreetMap","license":"ODbL-1.0","record_id":"w209442232@14","update_time":"2026-04-09T15:15:51Z","confidence":null,"between":null}],"version":3}},
{"id":"2feed8d6-305f-4918-b5a1-92b6a9010540","type":"Feature","geometry":{"type":"LineString","coordinates":[[80.9462605,26.8466694],[80.9462475,26.8466527],[80.9462304,26.8466394],[80.9462169,26.8466326]]},"properties":{"names":{"primary":"Hazratganj Chauraha","common":null,"rules":[{"variant":"common","language":null,"perspectives":null,"value":"Hazratganj Chauraha","between":null,"side":null}]},"subtype":"road","class":"primary","connectors":[{"connector_id":"cb4b3898-4cdc-45bf-9189-1f5409369b19","at":0.0},{"connector_id":"3eacf0c8-cb46-496c-bc93-f28364369468","at":1.0}],"road_surface":[{"value":"paved","between":null}],"routes":[{"name":"National Highway 24B","network":"IN:NH","ref":null,"symbol":null,"wikidata":null,"between":null}],"sources":[{"property":"/routes","dataset":"OpenStreetMap","license":"ODbL-1.0","record_id":"r1425755@88","update_time":null,"confidence":null,"between":null},{"property":"","dataset":"OpenStreetMap","license":"ODbL-1.0","record_id":"w1497977167@1","update_time":"2026-04-09T15:15:51Z","confidence":null,"between":null}],"version":4}},
{"id":"2ffef752-f472-4d18-b498-f521df1d24f7","type":"Feature","geometry":{"type":"LineString","coordinates":[[80.9462602,26.8467474],[80.9462684,26.8467285],[80.9462712,26.8467084],[80.9462685,26.8466883],[80.9462605,26.8466694]]},"properties":{"names":{"primary":"Hazratganj Chauraha","common":null,"rules":[{"variant":"common","language":null,"perspectives":null,"value":"Hazratganj Chauraha","between":null,"side":null}]},"subtype":"road","class":"primary","connectors":[{"connector_id":"e63f5c81-00bd-4f83-b7fb-c9c8411ffc40","at":0.0},{"connector_id":"cb4b3898-4cdc-45bf-9189-1f5409369b19","at":1.0}],"road_surface":[{"value":"paved","between":null}],"routes":[{"name":"National Highway 24B","network":"IN:NH","ref":null,"symbol":null,"wikidata":null,"between":null}],"sources":[{"property":"/routes","dataset":"OpenStreetMap","license":"ODbL-1.0","record_id":"r1425755@88","update_time":null,"confidence":null,"between":null},{"property":"","dataset":"OpenStreetMap","license":"ODbL-1.0","record_id":"w1497977167@1","update_time":"2026-04-09T15:15:51Z","confidence":null,"between":null}],"version":3}},
{"id":"ee51a23c-f0c0-4cb9-bb4f-0f3e1b43bfb5","type":"Feature","geometry":{"type":"LineString","coordinates":[[80.9462012,26.8467888],[80.9462356,26.8467736],[80.9462602,26.8467474]]},"properties":{"names":{"primary":"Hazratganj Chauraha","common":null,"rules":[{"variant":"common","language":null,"perspectives":null,"value":"Hazratganj Chauraha","between":null,"side":null}]},"subtype":"road","class":"primary","connectors":[{"connector_id":"ab659f7e-884b-4e70-ae14-3cdc724a76fe","at":0.0},{"connector_id":"e63f5c81-00bd-4f83-b7fb-c9c8411ffc40","at":1.0}],"road_surface":[{"value":"paved","between":null}],"routes":[{"name":"National Highway 24B","network":"IN:NH","ref":null,"symbol":null,"wikidata":null,"between":null}],"sources":[{"property":"/routes","dataset":"OpenStreetMap","license":"ODbL-1.0","record_id":"r1425755@88","update_time":null,"confidence":null,"between":null},{"property":"","dataset":"OpenStreetMap","license":"ODbL-1.0","record_id":"w209442232@14","update_time":"2026-04-09T15:15:51Z","confidence":null,"between":null}],"version":3}},
{"id":"a826bf17-c460-4d75-9aa8-f206eb68d415","type":"Feature","geometry":{"type":"LineString","coordinates":[[80.946172,26.846992],[80.946107,26.8469925],[80.9460825,26.8469702],[80.9460573,26.846947],[80.945982,26.846866],[80.9459447,26.8468262]]},"properties":{"subtype":"road","class":"footway","subclass_rules":[{"value":"crosswalk","between":[0.320678933,1.0]}],"connectors":[{"connector_id":"c70b0d9c-0f46-4e28-b6be-9d13e11f46cc","at":0.0},{"connector_id":"c5a98aa8-efa8-4f26-9e4e-85f70953259b","at":0.20863553},{"connector_id":"3eb4e735-2ea5-41d9-9565-c427a8998a9f","at":0.436568959},{"connector_id":"0fbc04a1-1367-43d2-8348-5aa89d33b4ae","at":0.813950728},{"connector_id":"f6e9cd39-ea0a-4568-afeb-9a0d9eeb8098","at":1.0}],"sources":[{"property":"","dataset":"OpenStreetMap","license":"ODbL-1.0","record_id":"w1496526466@2","update_time":"2026-04-06T08:22:24Z","confidence":null,"between":[0.0,0.320678933]},{"property":"","dataset":"OpenStreetMap","license":"ODbL-1.0","record_id":"w1496526463@1","update_time":"2026-04-06T08:22:24Z","confidence":null,"between":[0.320678933,1.0]}],"version":1}},
{"id":"2d03ef87-973b-41ea-a127-a52d66219e3a","type":"Feature","geometry":{"type":"LineString","coordinates":[[80.9461046,26.8467596],[80.9461209,26.8467741],[80.9461408,26.8467846],[80.946163,26.8467904],[80.9462012,26.8467888]]},"properties":{"names":{"primary":"Hazratganj Chauraha","common":null,"rules":[{"variant":"common","language":null,"perspectives":null,"value":"Hazratganj Chauraha","between":null,"side":null}]},"subtype":"road","class":"primary","connectors":[{"connector_id":"bae76afa-ac75-4a6e-8918-f16f781af234","at":0.0},{"connector_id":"ab659f7e-884b-4e70-ae14-3cdc724a76fe","at":1.0}],"road_surface":[{"value":"paved","between":null}],"routes":[{"name":"National Highway 24B","network":"IN:NH","ref":null,"symbol":null,"wikidata":null,"between":null}],"sources":[{"property":"/routes","dataset":"OpenStreetMap","license":"ODbL-1.0","record_id":"r1425755@88","update_time":null,"confidence":null,"between":null},{"property":"","dataset":"OpenStreetMap","license":"ODbL-1.0","record_id":"w209442232@14","update_time":"2026-04-09T15:15:51Z","confidence":null,"between":null}],"version":4}},
{"id":"48c3e38c-0faf-43df-b9d2-dbfde3850500","type":"Feature","geometry":{"type":"LineString","coordinates":[[80.9462012,26.8467888],[80.9462522,26.8468848],[80.9462693,26.8469617]]},"properties":{"names":{"primary":"Ashok Marg","common":null,"rules":[{"variant":"common","language":null,"perspectives":null,"value":"Ashok Marg","between":null,"side":null}]},"subtype":"road","class":"primary","connectors":[{"connector_id":"ab659f7e-884b-4e70-ae14-3cdc724a76fe","at":0.0},{"connector_id":"ccb55833-1f6b-4b5d-9f87-c3fa7568c80b","at":1.0}],"road_surface":[{"value":"paved","between":null}],"access_restrictions":[{"access_type":"denied","when":{"during":null,"heading":"backward","using":null,"recognized":null,"mode":null,"vehicle":null},"between":null}],"sources":[{"property":"","dataset":"OpenStreetMap","license":"ODbL-1.0","record_id":"w1392550047@4","update_time":"2026-05-11T05:49:43Z","confidence":null,"between":null}],"version":1}},
{"id":"863b9732-fce0-49b2-8a01-ede8a606d5ee","type":"Feature","geometry":{"type":"LineString","coordinates":[[80.9462202,26.8469175],[80.946107,26.8469925],[80.9459962,26.8470688],[80.9458426,26.8471745],[80.9458227,26.8471882]]},"properties":{"subtype":"road","class":"footway","connectors":[{"connector_id":"267172bb-bb13-4fd3-b4b0-0e24dea986ae","at":0.0},{"connector_id":"c5a98aa8-efa8-4f26-9e4e-85f70953259b","at":0.281972036},{"connector_id":"a468aaef-d5c4-48af-911c-d51ca5aeb712","at":0.561849365},{"connector_id":"42ee40b9-ef13-4938-8d5d-88ae7a10ee8e","at":0.949738298},{"connector_id":"e65381ea-05f3-4bba-961a-ac8afe2cb3b4","at":1.0}],"sources":[{"property":"","dataset":"OpenStreetMap","license":"ODbL-1.0","record_id":"w1496518842@3","update_time":"2026-05-11T05:49:43Z","confidence":null,"between":null}],"version":2}},
{"id":"162c90d4-903e-4894-89d5-d07e7b8990a5","type":"Feature","geometry":{"type":"LineString","coordinates":[[80.9460187,26.8470952],[80.9459962,26.8470688],[80.945968,26.8470403],[80.9459493,26.84702],[80.9458741,26.8469389],[80.9458363,26.8468986]]},"properties":{"subtype":"road","class":"footway","subclass":"crosswalk","subclass_rules":[{"value":"crosswalk","between":null}],"connectors":[{"connector_id":"6d5ad416-cf04-47fa-a97d-c5252d899bff","at":0.0},{"connector_id":"a468aaef-d5c4-48af-911c-d51ca5aeb712","at":0.129897813},{"connector_id":"8a1a4043-b44b-4a2a-984f-5f9336e560de","at":0.381790461},{"connector_id":"70cbbabc-88c3-4b50-8722-b72f2772ba2f","at":0.794129853},{"connector_id":"5a8f5a6a-68af-4833-b4db-40eaa7b31b11","at":1.0}],"sources":[{"property":"","dataset":"OpenStreetMap","license":"ODbL-1.0","record_id":"w1496526467@2","update_time":"2026-04-06T08:22:24Z","confidence":null,"between":null}],"version":1}},
{"id":"a370bcdd-be1d-4e33-a1f1-71cb23c9dfe9","type":"Feature","geometry":{"type":"LineString","coordinates":[[80.9461046,26.8467596],[80.945982,26.846866],[80.9458741,26.8469389],[80.9457049,26.8470787],[80.9452131,26.8474157]]},"properties":{"names":{"primary":"Mahatma Gandhi Road","common":null,"rules":[{"variant":"common","language":null,"perspectives":null,"value":"Mahatma Gandhi Road","between":null,"side":null}]},"subtype":"road","class":"primary","connectors":[{"connector_id":"bae76afa-ac75-4a6e-8918-f16f781af234","at":0.0},{"connector_id":"0fbc04a1-1367-43d2-8348-5aa89d33b4ae","at":0.147748731},{"connector_id":"70cbbabc-88c3-4b50-8722-b72f2772ba2f","at":0.264744649},{"connector_id":"685d4f53-49fd-4ab5-90e0-8adbf458528f","at":1.0}],"road_surface":[{"value":"paved","between":null}],"access_restrictions":[{"access_type":"denied","when":{"during":null,"heading":"backward","using":null,"recognized":null,"mode":null,"vehicle":null},"between":null}],"routes":[{"name":"National Highway 24B","network":"IN:NH","ref":null,"symbol":null,"wikidata":null,"between":null}],"sources":[{"property":"/routes","dataset":"OpenStreetMap","license":"ODbL-1.0","record_id":"r1425755@88","update_time":null,"confidence":null,"between":null},{"property":"","dataset":"OpenStreetMap","license":"ODbL-1.0","record_id":"w210669986@25","update_time":"2026-04-06T10:29:50Z","confidence":null,"between":null}],"version":2}},
{"id":"f525c6ad-ae96-4302-85f0-41e6e1074cd0","type":"Feature","geometry":{"type":"LineString","coordinates":[[80.9453598,26.8474458],[80.9456545,26.8477748]]},"properties":{"subtype":"road","class":"service","connectors":[{"connector_id":"e638f393-5349-4963-bfbd-6f27354e4bb7","at":0.0},{"connector_id":"797ddeaa-7739-4b7b-91c4-06d1b421ec0b","at":1.0}],"sources":[{"property":"","dataset":"OpenStreetMap","license":"ODbL-1.0","record_id":"w756177958@1","update_time":"2025-08-03T23:06:46Z","confidence":null,"between":null}],"version":2}},
{"id":"6a790f9d-a1f5-4c65-b0fd-73515d314132","type":"Feature","geometry":{"type":"LineString","coordinates":[[80.9457979,26.8472667],[80.9456936,26.847339],[80.9457427,26.847394],[80.9457386,26.8474382],[80.9455596,26.8475581]]},"properties":{"subtype":"road","class":"footway","connectors":[{"connector_id":"e4c8c901-2274-4bfb-8b9e-2ce5ad0810f5","at":0.0},{"connector_id":"bb7da9aa-df5a-4089-918d-ff2f1aeb21ca","at":1.0}],"sources":[{"property":"","dataset":"OpenStreetMap","license":"ODbL-1.0","record_id":"w1419666784@1","update_time":"2025-08-03T16:07:16Z","confidence":null,"between":null}],"version":1}},
{"id":"19d6f53d-8448-4699-b36a-035e1560ba37","type":"Feature","geometry":{"type":"LineString","coordinates":[[80.946805,26.8477334],[80.946172,26.846992],[80.9460187,26.8470952],[80.9459117,26.8471671],[80.9458426,26.8471745],[80.9458131,26.8471777],[80.9456382,26.8473009]]},"properties":{"subtype":"road","class":"footway","connectors":[{"connector_id":"c17c1351-84e8-4de8-8149-6c0a2ca8a446","at":0.0},{"connector_id":"c70b0d9c-0f46-4e28-b6be-9d13e11f46cc","at":0.616704764},{"connector_id":"6d5ad416-cf04-47fa-a97d-c5252d899bff","at":0.73024471},{"connector_id":"42ee40b9-ef13-4938-8d5d-88ae7a10ee8e","at":0.850664572},{"connector_id":"14b4d30c-15ad-40a7-a8f7-29eb51dc5432","at":0.868266845},{"connector_id":"7fcd415a-6ace-4c00-914f-ca200519592e","at":1.0}],"road_surface":[{"value":"paving_stones","between":[0.809447765,1.0]}],"sources":[{"property":"","dataset":"OpenStreetMap","license":"ODbL-1.0","record_id":"w1419666791@2","update_time":"2026-04-06T08:22:24Z","confidence":null,"between":[0.0,0.809447765]},{"property":"","dataset":"OpenStreetMap","license":"ODbL-1.0","record_id":"w1419666779@3","update_time":"2026-05-11T05:49:43Z","confidence":null,"between":[0.809447765,1.0]}],"version":3}},
{"id":"fbb2d9ea-b9e1-4ca4-8487-53a2eda2cc4d","type":"Feature","geometry":{"type":"LineString","coordinates":[[80.9467658,26.8473883],[80.9466888,26.8472892],[80.9466409,26.8472227],[80.9464258,26.8469428]]},"properties":{"names":{"primary":"Ashok Marg","common":null,"rules":[{"variant":"common","language":null,"perspectives":null,"value":"Ashok Marg","between":null,"side":null}]},"subtype":"road","class":"primary","connectors":[{"connector_id":"65a831c2-4974-42f5-b1f7-4fdb12105471","at":0.0},{"connector_id":"59c26cad-7c8d-40fe-b61e-aeeb80974024","at":0.223724321},{"connector_id":"11b6f2c3-b928-4a5f-8093-a9de273752b0","at":1.0}],"road_surface":[{"value":"paved","between":null}],"access_restrictions":[{"access_type":"denied","when":{"during":null,"heading":"backward","using":null,"recognized":null,"mode":null,"vehicle":null},"between":null}],"sources":[{"property":"","dataset":"OpenStreetMap","license":"ODbL-1.0","record_id":"w209643121@15","update_time":"2026-04-06T08:22:24Z","confidence":null,"between":[0.0,0.370417338]},{"property":"","dataset":"OpenStreetMap","license":"ODbL-1.0","record_id":"w1496912220@1","update_time":"2026-04-06T10:29:50Z","confidence":null,"between":[0.370417338,1.0]}],"version":2}},
{"id":"76dcde87-1c27-401a-9e2e-41b9c8aeefa8","type":"Feature","geometry":{"type":"LineString","coordinates":[[80.9462693,26.8469617],[80.9463438,26.8470338],[80.9465827,26.8473816],[80.9468571,26.8477171],[80.9469475,26.8478654]]},"properties":{"names":{"primary":"Ashok Marg","common":null,"rules":[{"variant":"common","language":null,"perspectives":null,"value":"Ashok Marg","between":null,"side":null}]},"subtype":"road","class":"primary","connectors":[{"connector_id":"ccb55833-1f6b-4b5d-9f87-c3fa7568c80b","at":0.0},{"connector_id":"42a24c2b-109a-4220-9c13-731a29d05636","at":1.0}],"road_surface":[{"value":"paved","between":null}],"access_restrictions":[{"access_type":"denied","when":{"during":null,"heading":"backward","using":null,"recognized":null,"mode":null,"vehicle":null},"between":null}],"sources":[{"property":"","dataset":"OpenStreetMap","license":"ODbL-1.0","record_id":"w1392550047@4","update_time":"2026-05-11T05:49:43Z","confidence":null,"between":[0.0,0.464173109]},{"property":"","dataset":"OpenStreetMap","license":"ODbL-1.0","record_id":"w1496912222@1","update_time":"2026-04-06T08:22:24Z","confidence":null,"between":[0.464173109,1.0]}],"version":1}},
{"id":"73d74b85-1293-4e21-86fc-63f9c2a29f0a","type":"Feature","geometry":{"type":"LineString","coordinates":[[80.9467658,26.8473883],[80.946829,26.8473765],[80.9470795,26.8474228],[80.9471633,26.8474548]]},"properties":{"subtype":"road","class":"residential","connectors":[{"connector_id":"65a831c2-4974-42f5-b1f7-4fdb12105471","at":0.0},{"connector_id":"74f17220-cfbd-48d5-86b8-1574d234b59a","at":1.0}],"road_surface":[{"value":"paved","between":null}],"sources":[{"property":"","dataset":"OpenStreetMap","license":"ODbL-1.0","record_id":"w210669919@5","update_time":"2022-10-18T07:06:04Z","confidence":null,"between":null}],"version":1}},
{"id":"297a3332-3812-4292-9152-f22b5d72156b","type":"Feature","geometry":{"type":"LineString","coordinates":[[80.9468674,26.8472405],[80.9470034,26.8472997],[80.9471131,26.8473473],[80.9474457,26.847134]]},"properties":{"subtype":"road","class":"service","connectors":[{"connector_id":"77ee0a21-d481-4873-979e-1d5401ebe90d","at":0.0},{"connector_id":"d12004e2-5abe-4a03-97c1-96b91a4a1cd3","at":1.0}],"access_restrictions":[{"access_type":"allowed","when":{"during":null,"heading":null,"using":null,"recognized":["as_private"],"mode":null,"vehicle":null},"between":null}],"sources":[{"property":"","dataset":"OpenStreetMap","license":"ODbL-1.0","record_id":"w1204074331@1","update_time":"2023-09-01T04:06:34Z","confidence":null,"between":null}],"version":1}},
{"id":"63f086ce-6672-4ecf-8dcf-a52f250dd0de","type":"Feature","geometry":{"type":"LineString","coordinates":[[80.9464258,26.8469428],[80.9463964,26.8468923],[80.9462602,26.8467474]]},"properties":{"names":{"primary":"Ashok Marg","common":null,"rules":[{"variant":"common","language":null,"perspectives":null,"value":"Ashok Marg","between":null,"side":null}]},"subtype":"road","class":"primary","connectors":[{"connector_id":"11b6f2c3-b928-4a5f-8093-a9de273752b0","at":0.0},{"connector_id":"e63f5c81-00bd-4f83-b7fb-c9c8411ffc40","at":1.0}],"road_surface":[{"value":"paved","between":null}],"access_restrictions":[{"access_type":"denied","when":{"during":null,"heading":"backward","using":null,"recognized":null,"mode":null,"vehicle":null},"between":null}],"sources":[{"property":"","dataset":"OpenStreetMap","license":"ODbL-1.0","record_id":"w1496912220@1","update_time":"2026-04-06T10:29:50Z","confidence":null,"between":null}],"version":2}},
{"id":"54724bd3-a062-46c9-8771-7fcb9f2d1ef2","type":"Feature","geometry":{"type":"LineString","coordinates":[[80.9466888,26.8472892],[80.9467477,26.8472732],[80.9468674,26.8472405],[80.9468919,26.8472052],[80.9465457,26.8467403],[80.9465508,26.8466798],[80.9467817,26.8465183],[80.9468118,26.8464332],[80.9468341,26.8463704],[80.9467899,26.8462208],[80.9467644,26.8461348]]},"properties":{"subtype":"road","class":"service","connectors":[{"connector_id":"59c26cad-7c8d-40fe-b61e-aeeb80974024","at":0.0},{"connector_id":"77ee0a21-d481-4873-979e-1d5401ebe90d","at":0.11235055},{"connector_id":"0f243eae-88a8-4096-a345-2efda7d6cb0d","at":0.792222535},{"connector_id":"12abb913-6a1a-43ca-9c79-33ff79bb7a34","at":1.0}],"access_restrictions":[{"access_type":"allowed","when":{"during":null,"heading":null,"using":null,"recognized":["as_private"],"mode":null,"vehicle":null},"between":null}],"sources":[{"property":"","dataset":"OpenStreetMap","license":"ODbL-1.0","record_id":"w1204074330@1","update_time":"2023-09-01T04:06:34Z","confidence":null,"between":null}],"version":1}},
{"id":"08ad8db1-f550-4b80-b8f7-426fc2668709","type":"Feature","geometry":{"type":"LineString","coordinates":[[80.9464258,26.8469428],[80.9463671,26.8467634],[80.9463631,26.8466461],[80.9464114,26.8464379]]},"properties":{"subtype":"road","class":"primary","subclass":"link","subclass_rules":[{"value":"link","between":null}],"connectors":[{"connector_id":"11b6f2c3-b928-4a5f-8093-a9de273752b0","at":0.0},{"connector_id":"7dab1b5f-9a1a-4caa-8ed6-64973775ed14","at":1.0}],"road_surface":[{"value":"paved","between":null}],"road_flags":[{"values":["is_link"],"between":null}],"access_restrictions":[{"access_type":"denied","when":{"during":null,"heading":"backward","using":null,"recognized":null,"mode":null,"vehicle":null},"between":null}],"sources":[{"property":"","dataset":"OpenStreetMap","license":"ODbL-1.0","record_id":"w733185854@3","update_time":"2024-04-16T09:04:45Z","confidence":null,"between":null}],"version":1}},
{"id":"38f31867-c098-4e56-a0a1-ec3c91a41cfe","type":"Feature","geometry":{"type":"LineString","coordinates":[[80.9468118,26.8464332],[80.9470606,26.8467377]]},"properties":{"subtype":"road","class":"service","connectors":[{"connector_id":"0f243eae-88a8-4096-a345-2efda7d6cb0d","at":0.0},{"connector_id":"2ac428ef-00fc-41f2-8312-3a9a5b2e1982","at":1.0}],"access_restrictions":[{"access_type":"allowed","when":{"during":null,"heading":null,"using":null,"recognized":["as_private"],"mode":null,"vehicle":null},"between":null}],"sources":[{"property":"","dataset":"OpenStreetMap","license":"ODbL-1.0","record_id":"w1204074332@1","update_time":"2023-09-01T04:06:34Z","confidence":null,"between":null}],"version":1}},
{"id":"0bfda33d-344c-4443-a740-e7cc9d4181d1","type":"Feature","geometry":{"type":"LineString","coordinates":[[80.9471302,26.8460503],[80.9468472,26.8462393],[80.9473796,26.8468675],[80.9474457,26.8469397],[80.9474628,26.8469584]]},"properties":{"subtype":"road","class":"residential","connectors":[{"connector_id":"29d438b0-4420-4a72-8702-abcb4bc3ce45","at":0.0},{"connector_id":"86a7ed9f-38ca-4f00-a3a8-b78798aef76b","at":0.980227403},{"connector_id":"40b21597-ec03-47b7-a73d-bcd425217012","at":1.0}],"sources":[{"property":"","dataset":"OpenStreetMap","license":"ODbL-1.0","record_id":"w735403442@1","update_time":"2023-02-10T10:42:23Z","confidence":null,"between":null}],"version":4}},
{"id":"f94255fa-c42a-4e89-b7f8-e2ed515c9795","type":"Feature","geometry":{"type":"LineString","coordinates":[[80.9470518,26.8459198],[80.9471302,26.8460503]]},"properties":{"subtype":"road","class":"residential","connectors":[{"connector_id":"ab510225-3306-46e3-83f1-01eb62bb3ad6","at":0.0},{"connector_id":"29d438b0-4420-4a72-8702-abcb4bc3ce45","at":1.0}],"sources":[{"property":"","dataset":"OpenStreetMap","license":"ODbL-1.0","record_id":"w735403442@1","update_time":"2023-02-10T10:42:23Z","confidence":null,"between":null}],"version":1}},
{"id":"abec864c-ef50-4fe5-a27e-b55c2045a6dc","type":"Feature","geometry":{"type":"LineString","coordinates":[[80.9464114,26.8464379],[80.9464853,26.8463628],[80.9467644,26.8461348],[80.9468013,26.8461047],[80.9470518,26.8459198]]},"properties":{"names":{"primary":"Park Road","common":null,"rules":[{"variant":"common","language":null,"perspectives":null,"value":"Park Road","between":null,"side":null}]},"subtype":"road","class":"tertiary","connectors":[{"connector_id":"7dab1b5f-9a1a-4caa-8ed6-64973775ed14","at":0.0},{"connector_id":"12abb913-6a1a-43ca-9c79-33ff79bb7a34","at":0.566526836},{"connector_id":"89325b0f-a773-4847-89cf-96eef152182e","at":0.624290378},{"connector_id":"ab510225-3306-46e3-83f1-01eb62bb3ad6","at":1.0}],"road_surface":[{"value":"paved","between":null}],"sources":[{"property":"","dataset":"OpenStreetMap","license":"ODbL-1.0","record_id":"w1278100658@4","update_time":"2026-04-02T12:13:04Z","confidence":null,"between":null}],"version":3}},
{"id":"04f0c789-f380-4a3a-ab50-9a6f8e6fe340","type":"Feature","geometry":{"type":"LineString","coordinates":[[80.9468013,26.8461047],[80.9467911,26.8460943],[80.9466454,26.845989],[80.9467197,26.8458915],[80.9465594,26.8458069],[80.9464355,26.8457355]]},"properties":{"subtype":"road","class":"service","connectors":[{"connector_id":"89325b0f-a773-4847-89cf-96eef152182e","at":0.0},{"connector_id":"0af78e4b-36dd-42cc-9171-5d41c6e2adb8","at":1.0}],"road_surface":[{"value":"paved","between":null}],"sources":[{"property":"","dataset":"OpenStreetMap","license":"ODbL-1.0","record_id":"w212876884@2","update_time":"2016-01-12T10:15:28Z","confidence":null,"between":null}],"version":1}},
{"id":"5c38b22e-f5ff-4b29-bcd8-3bddf729fa9b","type":"Feature","geometry":{"type":"LineString","coordinates":[[80.9462425,26.8459318],[80.9461812,26.8462679],[80.9461669,26.8464046],[80.9461804,26.8466261]]},"properties":{"names":{"primary":"Mahatma Gandhi Marg","common":null,"rules":[{"variant":"common","language":null,"perspectives":null,"value":"Mahatma Gandhi Marg","between":null,"side":null}]},"subtype":"road","class":"primary","connectors":[{"connector_id":"c05fc448-1aa1-4ef3-9ee2-1473139b9a2d","at":0.0},{"connector_id":"dba2df73-985d-43a8-a651-c743b0920920","at":1.0}],"road_surface":[{"value":"paved","between":null}],"access_restrictions":[{"access_type":"denied","when":{"during":null,"heading":"backward","using":null,"recognized":null,"mode":null,"vehicle":null},"between":null}],"routes":[{"name":"National Highway 24B","network":"IN:NH","ref":null,"symbol":null,"wikidata":null,"between":null}],"sources":[{"property":"/routes","dataset":"OpenStreetMap","license":"ODbL-1.0","record_id":"r1425755@88","update_time":null,"confidence":null,"between":null},{"property":"","dataset":"OpenStreetMap","license":"ODbL-1.0","record_id":"w209442175@14","update_time":"2024-06-06T06:39:34Z","confidence":null,"between":[0.0,0.682983602]},{"property":"","dataset":"OpenStreetMap","license":"ODbL-1.0","record_id":"w1272997475@2","update_time":"2026-04-06T10:29:50Z","confidence":null,"between":[0.682983602,1.0]}],"version":2}},
{"id":"d244fa04-5867-4f93-a5c5-59a6cd2e0973","type":"Feature","geometry":{"type":"LineString","coordinates":[[80.9461633,26.8466266],[80.9460063,26.8463655],[80.9457279,26.8460444]]},"properties":{"names":{"primary":"Ashok Marg","common":null,"rules":[{"variant":"common","language":null,"perspectives":null,"value":"Ashok Marg","between":null,"side":null}]},"subtype":"road","class":"primary","connectors":[{"connector_id":"e6822e54-954d-4c7f-a2c8-eaa303eeae17","at":0.0},{"connector_id":"1052cc1d-41c5-4133-803f-bfe2d8e36d2f","at":1.0}],"road_surface":[{"value":"paved","between":null}],"access_restrictions":[{"access_type":"denied","when":{"during":null,"heading":"backward","using":null,"recognized":null,"mode":null,"vehicle":null},"between":null}],"routes":[{"name":"National Highway 25","network":"IN:NH","ref":null,"symbol":null,"wikidata":null,"between":null},{"name":"National Highway 25 UP","network":"IN:NH","ref":null,"symbol":null,"wikidata":null,"between":null}],"sources":[{"property":"/routes","dataset":"OpenStreetMap","license":"ODbL-1.0","record_id":"r1453629@103","update_time":null,"confidence":null,"between":null},{"property":"/routes","dataset":"OpenStreetMap","license":"ODbL-1.0","record_id":"r2890907@79","update_time":null,"confidence":null,"between":null},{"property":"","dataset":"OpenStreetMap","license":"ODbL-1.0","record_id":"w209287207@19","update_time":"2026-04-06T10:29:50Z","confidence":null,"between":null}],"version":6}},
{"id":"796aba8a-ef34-40cf-852b-48fd7b1292df","type":"Feature","geometry":{"type":"LineString","coordinates":[[80.945831,26.8463097],[80.9457783,26.846352],[80.9454284,26.8465928]]},"properties":{"subtype":"road","class":"unknown","connectors":[{"connector_id":"e5606383-3c8a-432b-92dc-96484e926d4e","at":0.0},{"connector_id":"88eb3550-8448-414d-8793-457c34d17a32","at":1.0}],"sources":[{"property":"","dataset":"TomTom","license":"ODbL-1.0","record_id":null,"update_time":null,"confidence":null,"between":null}],"version":1}},
{"id":"25ba9716-9908-4b20-bf88-d3e34068cda8","type":"Feature","geometry":{"type":"LineString","coordinates":[[80.9448614,26.8454172],[80.9455674,26.8460472],[80.9456697,26.8461385],[80.945831,26.8463097],[80.9459389,26.8464242],[80.9460075,26.846516],[80.9461186,26.8466449]]},"properties":{"names":{"primary":"Ashok Marg","common":null,"rules":[{"variant":"common","language":null,"perspectives":null,"value":"Ashok Marg","between":null,"side":null}]},"subtype":"road","class":"primary","connectors":[{"connector_id":"f8c7fe6a-0762-4e75-8b75-eeb3175215e4","at":0.0},{"connector_id":"8090e55d-4075-49ba-8920-0786a8260eb3","at":0.534818698},{"connector_id":"e5606383-3c8a-432b-92dc-96484e926d4e","at":0.746521372},{"connector_id":"fd04c5e6-edbe-4ac6-be73-c321bbdbcee0","at":1.0}],"road_surface":[{"value":"paved","between":null}],"access_restrictions":[{"access_type":"denied","when":{"during":null,"heading":"backward","using":null,"recognized":null,"mode":null,"vehicle":null},"between":null}],"routes":[{"name":"National Highway 25","network":"IN:NH","ref":null,"symbol":null,"wikidata":null,"between":null},{"name":"National Highway 25 UP","network":"IN:NH","ref":null,"symbol":null,"wikidata":null,"between":null}],"sources":[{"property":"/routes","dataset":"OpenStreetMap","license":"ODbL-1.0","record_id":"r1453629@103","update_time":null,"confidence":null,"between":null},{"property":"/routes","dataset":"OpenStreetMap","license":"ODbL-1.0","record_id":"r2890907@79","update_time":null,"confidence":null,"between":null},{"property":"","dataset":"OpenStreetMap","license":"ODbL-1.0","record_id":"w47295010@19","update_time":"2026-04-06T10:29:50Z","confidence":null,"between":null}],"version":8}},
{"id":"388ac5ab-6d4c-41ed-8998-136bf397f8a3","type":"Feature","geometry":{"type":"LineString","coordinates":[[80.9462425,26.8459318],[80.946124,26.8460101],[80.9459859,26.8460659],[80.9458771,26.8460701],[80.9457279,26.8460444]]},"properties":{"subtype":"road","class":"primary","subclass":"link","subclass_rules":[{"value":"link","between":null}],"connectors":[{"connector_id":"c05fc448-1aa1-4ef3-9ee2-1473139b9a2d","at":0.0},{"connector_id":"1052cc1d-41c5-4133-803f-bfe2d8e36d2f","at":1.0}],"road_flags":[{"values":["is_link"],"between":null}],"access_restrictions":[{"access_type":"denied","when":{"during":null,"heading":"backward","using":null,"recognized":null,"mode":null,"vehicle":null},"between":null}],"sources":[{"property":"","dataset":"OpenStreetMap","license":"ODbL-1.0","record_id":"w706187763@3","update_time":"2024-06-06T06:39:34Z","confidence":null,"between":null}],"version":1}},
{"id":"a944f9b7-9abc-4ac5-a5bb-523e5119ee43","type":"Feature","geometry":{"type":"LineString","coordinates":[[80.9462169,26.8466326],[80.9462413,26.8465314],[80.9462701,26.8464104],[80.9462829,26.8463415],[80.9464196,26.8458051],[80.9464355,26.8457355],[80.9467998,26.8441381]]},"properties":{"names":{"primary":"Mahatma Gandhi Marg","common":null,"rules":[{"variant":"common","language":null,"perspectives":null,"value":"Mahatma Gandhi Marg","between":null,"side":null}]},"subtype":"road","class":"primary","connectors":[{"connector_id":"3eacf0c8-cb46-496c-bc93-f28364369468","at":0.0},{"connector_id":"0af78e4b-36dd-42cc-9171-5d41c6e2adb8","at":0.360314845},{"connector_id":"ddb68422-6ad6-4036-acf1-13ae6523a3e3","at":1.0}],"road_surface":[{"value":"paved","between":null}],"access_restrictions":[{"access_type":"denied","when":{"during":null,"heading":"backward","using":null,"recognized":null,"mode":null,"vehicle":null},"between":null}],"sources":[{"property":"","dataset":"OpenStreetMap","license":"ODbL-1.0","record_id":"w209442172@13","update_time":"2026-04-06T10:29:50Z","confidence":null,"between":null}],"version":1}},
{"id":"1ab574eb-4ff2-4f4d-991d-fe7e178fd9c6","type":"Feature","geometry":{"type":"LineString","coordinates":[[80.9472634,26.8457636],[80.9472918,26.845794],[80.9473559,26.8459094]]},"properties":{"subtype":"road","class":"unknown","connectors":[{"connector_id":"785da30f-2c23-4198-b75f-24ec34098602","at":0.0},{"connector_id":"e2eda445-0fc3-46b4-bad9-8ab72c699098","at":1.0}],"sources":[{"property":"","dataset":"TomTom","license":"ODbL-1.0","record_id":null,"update_time":null,"confidence":null,"between":null}],"version":1}},
{"id":"69743954-ca2a-4022-ba0a-a0151c0c7ca0","type":"Feature","geometry":{"type":"LineString","coordinates":[[80.9470518,26.8459198],[80.9472634,26.8457636],[80.9472811,26.8457505],[80.9474846,26.8456034]]},"properties":{"names":{"primary":"Park Road","common":null,"rules":[{"variant":"common","language":null,"perspectives":null,"value":"Park Road","between":null,"side":null}]},"subtype":"road","class":"tertiary","connectors":[{"connector_id":"ab510225-3306-46e3-83f1-01eb62bb3ad6","at":0.0},{"connector_id":"785da30f-2c23-4198-b75f-24ec34098602","at":0.490811732},{"connector_id":"55e109f1-2b0c-49e6-9fec-4fbf8a61137d","at":1.0}],"road_surface":[{"value":"paved","between":null}],"sources":[{"property":"","dataset":"OpenStreetMap","license":"ODbL-1.0","record_id":"w1278100658@4","update_time":"2026-04-02T12:13:04Z","confidence":null,"between":null}],"version":4}},
{"id":"34bb61b2-fea8-425c-8610-72c185d9ac38","type":"Feature","geometry":{"type":"LineString","coordinates":[[80.9466435,26.8440937],[80.9465146,26.8448024],[80.9463443,26.8455287],[80.9462425,26.8459318]]},"properties":{"names":{"primary":"Mahatma Gandhi Marg","common":null,"rules":[{"variant":"common","language":null,"perspectives":null,"value":"Mahatma Gandhi Marg","between":null,"side":null}]},"subtype":"road","class":"primary","connectors":[{"connector_id":"d6107e24-f3ac-4d6c-9333-7fec727afe9e","at":0.0},{"connector_id":"4433c4c9-2f2c-475a-8be6-6e042eda9f6c","at":0.383262055},{"connector_id":"c05fc448-1aa1-4ef3-9ee2-1473139b9a2d","at":1.0}],"road_surface":[{"value":"paved","between":null}],"access_restrictions":[{"access_type":"denied","when":{"during":null,"heading":"backward","using":null,"recognized":null,"mode":null,"vehicle":null},"between":null}],"routes":[{"name":"National Highway 24B","network":"IN:NH","ref":null,"symbol":null,"wikidata":null,"between":null}],"sources":[{"property":"/routes","dataset":"OpenStreetMap","license":"ODbL-1.0","record_id":"r1425755@88","update_time":null,"confidence":null,"between":null},{"property":"","dataset":"OpenStreetMap","license":"ODbL-1.0","record_id":"w209442175@14","update_time":"2024-06-06T06:39:34Z","confidence":null,"between":null}],"version":1}},
{"id":"f46dbd84-7831-465b-a57b-300afb8151bb","type":"Feature","geometry":{"type":"LineString","coordinates":[[80.9465146,26.8448024],[80.9459732,26.8448801],[80.945716,26.8449193],[80.9452814,26.8450433]]},"properties":{"subtype":"road","class":"service","connectors":[{"connector_id":"4433c4c9-2f2c-475a-8be6-6e042eda9f6c","at":0.0},{"connector_id":"b384c67a-5255-467e-ab06-dd8ef1f5fab8","at":1.0}],"road_surface":[{"value":"paved","between":null}],"sources":[{"property":"","dataset":"OpenStreetMap","license":"ODbL-1.0","record_id":"w212876877@1","update_time":"2013-03-26T23:01:49Z","confidence":null,"between":null}],"version":1}},
{"id":"b3180f22-d763-4e86-ae64-4a0e11145364","type":"Feature","geometry":{"type":"LineString","coordinates":[[80.9457279,26.8460444],[80.9449041,26.8452907],[80.9444944,26.844973],[80.9440474,26.8445891],[80.9435678,26.8441772]]},"properties":{"names":{"primary":"Ashok Marg","common":null,"rules":[{"variant":"common","language":null,"perspectives":null,"value":"Ashok Marg","between":null,"side":null}]},"subtype":"road","class":"primary","connectors":[{"connector_id":"1052cc1d-41c5-4133-803f-bfe2d8e36d2f","at":0.0},{"connector_id":"5b79aa77-7c50-4412-9bbe-949c2297adb8","at":0.572546208},{"connector_id":"308fdcfe-e1aa-4df1-9b55-64b48a0622b2","at":0.778753251},{"connector_id":"4b7c5651-4560-443b-b198-d96f395cab52","at":1.0}],"road_surface":[{"value":"paved","between":null}],"access_restrictions":[{"access_type":"denied","when":{"during":null,"heading":"backward","using":null,"recognized":null,"mode":null,"vehicle":null},"between":null}],"routes":[{"name":"National Highway 25","network":"IN:NH","ref":null,"symbol":null,"wikidata":null,"between":null},{"name":"National Highway 25 UP","network":"IN:NH","ref":null,"symbol":null,"wikidata":null,"between":null}],"sources":[{"property":"/routes","dataset":"OpenStreetMap","license":"ODbL-1.0","record_id":"r1453629@103","update_time":null,"confidence":null,"between":null},{"property":"/routes","dataset":"OpenStreetMap","license":"ODbL-1.0","record_id":"r2890907@79","update_time":null,"confidence":null,"between":null},{"property":"","dataset":"OpenStreetMap","license":"ODbL-1.0","record_id":"w209287207@19","update_time":"2026-04-06T10:29:50Z","confidence":null,"between":null}],"version":4}},
{"id":"94fb3f49-8194-4b8d-bda4-cadc4c6d6908","type":"Feature","geometry":{"type":"LineString","coordinates":[[80.9444143,26.8450802],[80.9446799,26.8453139],[80.9448614,26.8454172]]},"properties":{"names":{"primary":"Ashok Marg","common":null,"rules":[{"variant":"common","language":null,"perspectives":null,"value":"Ashok Marg","between":null,"side":null}]},"subtype":"road","class":"primary","connectors":[{"connector_id":"6278993f-e880-43c2-9dd1-24ee47ba8806","at":0.0},{"connector_id":"f8c7fe6a-0762-4e75-8b75-eeb3175215e4","at":1.0}],"road_surface":[{"value":"paved","between":null}],"access_restrictions":[{"access_type":"denied","when":{"during":null,"heading":"backward","using":null,"recognized":null,"mode":null,"vehicle":null},"between":null}],"routes":[{"name":"National Highway 25","network":"IN:NH","ref":null,"symbol":null,"wikidata":null,"between":null},{"name":"National Highway 25 UP","network":"IN:NH","ref":null,"symbol":null,"wikidata":null,"between":null}],"sources":[{"property":"/routes","dataset":"OpenStreetMap","license":"ODbL-1.0","record_id":"r1453629@103","update_time":null,"confidence":null,"between":null},{"property":"/routes","dataset":"OpenStreetMap","license":"ODbL-1.0","record_id":"r2890907@79","update_time":null,"confidence":null,"between":null},{"property":"","dataset":"OpenStreetMap","license":"ODbL-1.0","record_id":"w47295010@19","update_time":"2026-04-06T10:29:50Z","confidence":null,"between":null}],"version":4}},
{"id":"74aeb142-b2f7-45f8-a4d8-96b3959e9cc7","type":"Feature","geometry":{"type":"LineString","coordinates":[[80.9444143,26.8450802],[80.9444889,26.8451743],[80.9444795,26.845297],[80.9444531,26.8454264],[80.9444139,26.8455452]]},"properties":{"subtype":"road","class":"residential","connectors":[{"connector_id":"6278993f-e880-43c2-9dd1-24ee47ba8806","at":0.0},{"connector_id":"342c5137-8e3d-4bd1-be26-55aa6dd019ed","at":1.0}],"road_surface":[{"value":"paved","between":null}],"access_restrictions":[{"access_type":"denied","when":{"during":null,"heading":"backward","using":null,"recognized":null,"mode":null,"vehicle":null},"between":null}],"sources":[{"property":"","dataset":"OpenStreetMap","license":"ODbL-1.0","record_id":"w210670107@2","update_time":"2019-10-11T01:51:29Z","confidence":null,"between":null}],"version":1}},
{"id":"367457fe-8d23-4e59-b6b4-c492089b26c8","type":"Feature","geometry":{"type":"LineString","coordinates":[[80.9435071,26.8442361],[80.9444143,26.8450802]]},"properties":{"names":{"primary":"Ashok Marg","common":null,"rules":[{"variant":"common","language":null,"perspectives":null,"value":"Ashok Marg","between":null,"side":null}]},"subtype":"road","class":"primary","connectors":[{"connector_id":"aabfc346-cd9f-4bff-beb0-65506eb7deb7","at":0.0},{"connector_id":"6278993f-e880-43c2-9dd1-24ee47ba8806","at":1.0}],"road_surface":[{"value":"paved","between":null}],"access_restrictions":[{"access_type":"denied","when":{"during":null,"heading":"backward","using":null,"recognized":null,"mode":null,"vehicle":null},"between":null}],"routes":[{"name":"National Highway 25","network":"IN:NH","ref":null,"symbol":null,"wikidata":null,"between":null},{"name":"National Highway 25 UP","network":"IN:NH","ref":null,"symbol":null,"wikidata":null,"between":null}],"sources":[{"property":"/routes","dataset":"OpenStreetMap","license":"ODbL-1.0","record_id":"r1453629@103","update_time":null,"confidence":null,"between":null},{"property":"/routes","dataset":"OpenStreetMap","license":"ODbL-1.0","record_id":"r2890907@79","update_time":null,"confidence":null,"between":null},{"property":"","dataset":"OpenStreetMap","license":"ODbL-1.0","record_id":"w47295010@19","update_time":"2026-04-06T10:29:50Z","confidence":null,"between":null}],"version":2}},
{"id":"bf76d9df-0291-4b00-8615-eb16fd89a4a5","type":"Feature","geometry":{"type":"LineString","coordinates":[[80.9435071,26.8442361],[80.9432993,26.8444533],[80.9432048,26.8443722]]},"properties":{"subtype":"road","class":"residential","connectors":[{"connector_id":"aabfc346-cd9f-4bff-beb0-65506eb7deb7","at":0.0},{"connector_id":"de420636-d858-4d45-ae65-57c931e2a9e8","at":1.0}],"road_surface":[{"value":"paved","between":null}],"sources":[{"property":"","dataset":"OpenStreetMap","license":"ODbL-1.0","record_id":"w213237687@5","update_time":"2025-12-05T11:22:16Z","confidence":null,"between":null}],"version":1}},
{"id":"79ec7d64-5473-4e79-813c-c9ed87215cd5","type":"Feature","geometry":{"type":"LineString","coordinates":[[80.9444944,26.844973],[80.9448709,26.8446074],[80.9450242,26.8444628],[80.9451644,26.8447242],[80.9452814,26.8450433]]},"properties":{"subtype":"road","class":"service","connectors":[{"connector_id":"5b79aa77-7c50-4412-9bbe-949c2297adb8","at":0.0},{"connector_id":"ed848e9f-d1ea-474c-9f14-2fd4e79a854b","at":0.376130104},{"connector_id":"b384c67a-5255-467e-ab06-dd8ef1f5fab8","at":1.0}],"road_surface":[{"value":"paved","between":null}],"sources":[{"property":"","dataset":"OpenStreetMap","license":"ODbL-1.0","record_id":"w212876880@1","update_time":"2015-01-12T05:42:37Z","confidence":null,"between":null}],"version":1}},
{"id":"0e1fae34-dc27-4d22-9f0d-33230124df5c","type":"Feature","geometry":{"type":"LineString","coordinates":[[80.9452195,26.8431879],[80.9445046,26.8439163],[80.9445922,26.8441628],[80.9446174,26.844279],[80.9446155,26.8443606],[80.9448709,26.8446074]]},"properties":{"subtype":"road","class":"service","connectors":[{"connector_id":"3b99717c-04c2-41ef-aaa7-84e39912b10b","at":0.0},{"connector_id":"ed848e9f-d1ea-474c-9f14-2fd4e79a854b","at":1.0}],"road_surface":[{"value":"paved","between":null}],"sources":[{"property":"","dataset":"OpenStreetMap","license":"ODbL-1.0","record_id":"w212876890@1","update_time":"2013-03-26T23:01:50Z","confidence":null,"between":null}],"version":1}},
{"id":"4a060694-1777-4222-9889-f797f180aa3e","type":"Feature","geometry":{"type":"LineString","coordinates":[[80.9431098,26.8437767],[80.9431958,26.8437111],[80.9433952,26.8436464],[80.9436335,26.8436516],[80.9438421,26.8437666],[80.9440437,26.8439313],[80.9440531,26.843939],[80.9441541,26.8440582],[80.944191,26.8441434],[80.9442085,26.8442483],[80.9441987,26.8443318],[80.9441647,26.8444685],[80.9441045,26.8445408],[80.9440474,26.8445891]]},"properties":{"subtype":"road","class":"unknown","connectors":[{"connector_id":"2e359772-b88f-49e3-9047-7705c9b6cb14","at":0.0},{"connector_id":"308fdcfe-e1aa-4df1-9b55-64b48a0622b2","at":1.0}],"sources":[{"property":"","dataset":"TomTom","license":"ODbL-1.0","record_id":null,"update_time":null,"confidence":null,"between":null}],"version":1}},
{"id":"11730123-754f-4dcc-acff-aaa9d31c87ec","type":"Feature","geometry":{"type":"LineString","coordinates":[[80.9435071,26.8442361],[80.9435678,26.8441772]]},"properties":{"subtype":"road","class":"primary","subclass":"link","subclass_rules":[{"value":"link","between":null}],"connectors":[{"connector_id":"aabfc346-cd9f-4bff-beb0-65506eb7deb7","at":0.0},{"connector_id":"4b7c5651-4560-443b-b198-d96f395cab52","at":1.0}],"road_flags":[{"values":["is_link"],"between":null}],"sources":[{"property":"","dataset":"OpenStreetMap","license":"ODbL-1.0","record_id":"w1110426973@1","update_time":"2022-11-05T00:31:23Z","confidence":null,"between":null}],"version":1}},
{"id":"7bbb44c9-b12c-4f14-9ab0-a03b2d6958d8","type":"Feature","geometry":{"type":"LineString","coordinates":[[80.9466002,26.8439829],[80.9462138,26.8439661],[80.9460066,26.8439433],[80.9458057,26.8438665],[80.9456128,26.8437129],[80.945463,26.8435408],[80.9452195,26.8431879],[80.944948,26.8427945],[80.94479,26.8425656],[80.9447248,26.8424711]]},"properties":{"subtype":"road","class":"tertiary","connectors":[{"connector_id":"ac7b43c7-b318-4407-b166-18b3644b3aed","at":0.0},{"connector_id":"3b99717c-04c2-41ef-aaa7-84e39912b10b","at":0.654200923},{"connector_id":"ee2fed76-b79b-4dc7-bd92-7528dbcfd1cd","at":0.843984089},{"connector_id":"7cf4498a-fc10-43a3-973b-294b0dc4fb03","at":0.954414947},{"connector_id":"a8c4f137-0dee-4e13-9afd-199f4237b66e","at":1.0}],"road_surface":[{"value":"paved","between":null}],"sources":[{"property":"","dataset":"OpenStreetMap","license":"ODbL-1.0","record_id":"w209615272@4","update_time":"2024-04-16T12:49:23Z","confidence":null,"between":null}],"version":1}},
{"id":"dc33e289-e4e6-4ba0-be61-e1c23df452ef","type":"Feature","geometry":{"type":"LineString","coordinates":[[80.9468286,26.8438573],[80.9467802,26.8438467],[80.9467304,26.8438494],[80.9466838,26.8438652]]},"properties":{"subtype":"road","class":"primary","connectors":[{"connector_id":"1d1206ba-e820-4d6a-a41a-4789964a20f0","at":0.0},{"connector_id":"da3a962e-38d2-4249-98da-0e02992594b8","at":1.0}],"road_surface":[{"value":"paved","between":null}],"access_restrictions":[{"access_type":"denied","when":{"during":null,"heading":"backward","using":null,"recognized":null,"mode":null,"vehicle":null},"between":null}],"routes":[{"name":"National Highway 24B","network":"IN:NH","ref":null,"symbol":null,"wikidata":null,"between":null}],"sources":[{"property":"/routes","dataset":"OpenStreetMap","license":"ODbL-1.0","record_id":"r1425755@88","update_time":null,"confidence":null,"between":null},{"property":"","dataset":"OpenStreetMap","license":"ODbL-1.0","record_id":"w209442235@11","update_time":"2024-06-06T06:39:34Z","confidence":null,"between":null}],"version":1}},
{"id":"c6e35781-c8ae-4e0f-984b-7e28e6a77894","type":"Feature","geometry":{"type":"LineString","coordinates":[[80.9466435,26.8440937],[80.9466763,26.8441182],[80.946715,26.8441344],[80.9467571,26.8441412],[80.9467998,26.8441381]]},"properties":{"subtype":"road","class":"primary","connectors":[{"connector_id":"d6107e24-f3ac-4d6c-9333-7fec727afe9e","at":0.0},{"connector_id":"ddb68422-6ad6-4036-acf1-13ae6523a3e3","at":1.0}],"road_surface":[{"value":"paved","between":null}],"access_restrictions":[{"access_type":"denied","when":{"during":null,"heading":"backward","using":null,"recognized":null,"mode":null,"vehicle":null},"between":null}],"routes":[{"name":"National Highway 24B","network":"IN:NH","ref":null,"symbol":null,"wikidata":null,"between":null}],"sources":[{"property":"/routes","dataset":"OpenStreetMap","license":"ODbL-1.0","record_id":"r1425755@88","update_time":null,"confidence":null,"between":null},{"property":"","dataset":"OpenStreetMap","license":"ODbL-1.0","record_id":"w209442235@11","update_time":"2024-06-06T06:39:34Z","confidence":null,"between":null}],"version":1}},
{"id":"ca92c829-e6fb-4f19-8347-be2112e85d1d","type":"Feature","geometry":{"type":"LineString","coordinates":[[80.9466002,26.8439829],[80.946603,26.8440229],[80.9466178,26.8440608],[80.9466435,26.8440937]]},"properties":{"subtype":"road","class":"primary","connectors":[{"connector_id":"ac7b43c7-b318-4407-b166-18b3644b3aed","at":0.0},{"connector_id":"d6107e24-f3ac-4d6c-9333-7fec727afe9e","at":1.0}],"road_surface":[{"value":"paved","between":null}],"access_restrictions":[{"access_type":"denied","when":{"during":null,"heading":"backward","using":null,"recognized":null,"mode":null,"vehicle":null},"between":null}],"routes":[{"name":"National Highway 24B","network":"IN:NH","ref":null,"symbol":null,"wikidata":null,"between":null}],"sources":[{"property":"/routes","dataset":"OpenStreetMap","license":"ODbL-1.0","record_id":"r1425755@88","update_time":null,"confidence":null,"between":null},{"property":"","dataset":"OpenStreetMap","license":"ODbL-1.0","record_id":"w209442235@11","update_time":"2024-06-06T06:39:34Z","confidence":null,"between":null}],"version":1}},
{"id":"7e7c1b50-2686-4545-aa95-38f42ab9503c","type":"Feature","geometry":{"type":"LineString","coordinates":[[80.9466838,26.8438652],[80.9466512,26.8438867],[80.9466255,26.8439147],[80.9466081,26.8439474],[80.9466002,26.8439829]]},"properties":{"subtype":"road","class":"primary","connectors":[{"connector_id":"da3a962e-38d2-4249-98da-0e02992594b8","at":0.0},{"connector_id":"ac7b43c7-b318-4407-b166-18b3644b3aed","at":1.0}],"road_surface":[{"value":"paved","between":null}],"access_restrictions":[{"access_type":"denied","when":{"during":null,"heading":"backward","using":null,"recognized":null,"mode":null,"vehicle":null},"between":null}],"routes":[{"name":"National Highway 24B","network":"IN:NH","ref":null,"symbol":null,"wikidata":null,"between":null}],"sources":[{"property":"/routes","dataset":"OpenStreetMap","license":"ODbL-1.0","record_id":"r1425755@88","update_time":null,"confidence":null,"between":null},{"property":"","dataset":"OpenStreetMap","license":"ODbL-1.0","record_id":"w209442235@11","update_time":"2024-06-06T06:39:34Z","confidence":null,"between":null}],"version":1}},
{"id":"27727bce-23ca-45f7-b557-7ebb90cd11cd","type":"Feature","geometry":{"type":"LineString","coordinates":[[80.9469273,26.8440236],[80.946929,26.8439729],[80.9469115,26.8439246],[80.9468766,26.8438845],[80.9468286,26.8438573]]},"properties":{"subtype":"road","class":"primary","connectors":[{"connector_id":"16fc2965-dec9-42ba-bfca-9e36a32a0ad2","at":0.0},{"connector_id":"1d1206ba-e820-4d6a-a41a-4789964a20f0","at":1.0}],"road_surface":[{"value":"paved","between":null}],"access_restrictions":[{"access_type":"denied","when":{"during":null,"heading":"backward","using":null,"recognized":null,"mode":null,"vehicle":null},"between":null}],"routes":[{"name":"National Highway 24B","network":"IN:NH","ref":null,"symbol":null,"wikidata":null,"between":null}],"sources":[{"property":"/routes","dataset":"OpenStreetMap","license":"ODbL-1.0","record_id":"r1425755@88","update_time":null,"confidence":null,"between":null},{"property":"","dataset":"OpenStreetMap","license":"ODbL-1.0","record_id":"w209442235@11","update_time":"2024-06-06T06:39:34Z","confidence":null,"between":null}],"version":1}},
{"id":"aa7767c3-37ce-437a-a58a-cf83dc25b431","type":"Feature","geometry":{"type":"LineString","coordinates":[[80.9467998,26.8441381],[80.9468445,26.8441233],[80.9468826,26.8440978],[80.946911,26.8440636],[80.9469273,26.8440236]]},"properties":{"subtype":"road","class":"primary","connectors":[{"connector_id":"ddb68422-6ad6-4036-acf1-13ae6523a3e3","at":0.0},{"connector_id":"16fc2965-dec9-42ba-bfca-9e36a32a0ad2","at":1.0}],"road_surface":[{"value":"paved","between":null}],"access_restrictions":[{"access_type":"denied","when":{"during":null,"heading":"backward","using":null,"recognized":null,"mode":null,"vehicle":null},"between":null}],"routes":[{"name":"National Highway 24B","network":"IN:NH","ref":null,"symbol":null,"wikidata":null,"between":null}],"sources":[{"property":"/routes","dataset":"OpenStreetMap","license":"ODbL-1.0","record_id":"r1425755@88","update_time":null,"confidence":null,"between":null},{"property":"","dataset":"OpenStreetMap","license":"ODbL-1.0","record_id":"w209442235@11","update_time":"2024-06-06T06:39:34Z","confidence":null,"between":null}],"version":1}},
{"id":"0b85e72f-f5a8-49f8-99e5-c6bfe5dc18d7","type":"Feature","geometry":{"type":"LineString","coordinates":[[80.9472344,26.8440888],[80.9473869,26.8433662]]},"properties":{"subtype":"road","class":"service","connectors":[{"connector_id":"e25e3e1d-1da1-4c93-bcb4-56cbb9fe2aa8","at":0.0},{"connector_id":"ce5173a1-30b4-4f13-8f8e-0e72281e47c1","at":1.0}],"road_surface":[{"value":"paved","between":null}],"sources":[{"property":"","dataset":"OpenStreetMap","license":"ODbL-1.0","record_id":"w213237740@1","update_time":"2013-03-27T23:47:06Z","confidence":null,"between":null}],"version":1}},
{"id":"135a3b5a-145d-4aba-a38d-7aa428da6c2d","type":"Feature","geometry":{"type":"LineString","coordinates":[[80.9486609,26.8439242],[80.9489768,26.8436518]]},"properties":{"subtype":"road","class":"unknown","connectors":[{"connector_id":"badc9dbc-b3b5-4a44-aa56-dbdcb039086f","at":0.0},{"connector_id":"3f98d780-4288-4c31-8ae5-4ed7000a2808","at":1.0}],"sources":[{"property":"","dataset":"TomTom","license":"ODbL-1.0","record_id":null,"update_time":null,"confidence":null,"between":null}],"version":1}},
{"id":"dcde3aa5-d80c-405d-90e1-4206c65d1c16","type":"Feature","geometry":{"type":"LineString","coordinates":[[80.9487107,26.8444609],[80.9486419,26.8442259],[80.9486609,26.8439242],[80.9486645,26.8438672],[80.9484205,26.8433191]]},"properties":{"subtype":"road","class":"residential","connectors":[{"connector_id":"0b335854-d78f-4a01-b6f4-10108287ce69","at":0.0},{"connector_id":"badc9dbc-b3b5-4a44-aa56-dbdcb039086f","at":0.457176403},{"connector_id":"fb228655-1f45-4664-9ee9-07bbb1e7b6e5","at":1.0}],"sources":[{"property":"","dataset":"OpenStreetMap","license":"ODbL-1.0","record_id":"w1111754951@1","update_time":"2022-11-09T11:14:04Z","confidence":null,"between":null}],"version":2}},
{"id":"c73717e9-5e12-492f-b101-64c367e7469d","type":"Feature","geometry":{"type":"LineString","coordinates":[[80.9495889,26.8432497],[80.9493415,26.8433809],[80.9492839,26.8434114],[80.9489768,26.8436518],[80.9490144,26.8437846],[80.9491597,26.8441462]]},"properties":{"subtype":"road","class":"residential","connectors":[{"connector_id":"0b06c1f0-53b5-4b34-b5bd-064939c2276b","at":0.0},{"connector_id":"86c770ce-4e75-438d-93a4-76b8d3aa07f2","at":0.213979904},{"connector_id":"419219f8-55f8-4a0a-aca0-95a95121d2f6","at":0.26377948},{"connector_id":"3f98d780-4288-4c31-8ae5-4ed7000a2808","at":0.567246809},{"connector_id":"91fe2849-08cc-46cd-a010-e3d761cd53d3","at":1.0}],"road_surface":[{"value":"paved","between":null}],"sources":[{"property":"","dataset":"OpenStreetMap","license":"ODbL-1.0","record_id":"w210670102@1","update_time":"2013-03-17T23:32:06Z","confidence":null,"between":null}],"version":2}},
{"id":"e88c5814-b47d-4754-b41d-2c4d112ccec6","type":"Feature","geometry":{"type":"LineString","coordinates":[[80.9490699,26.8427767],[80.9493415,26.8433809]]},"properties":{"subtype":"road","class":"unknown","connectors":[{"connector_id":"ae15c08d-be39-42fa-9edc-99fbbbdf9f03","at":0.0},{"connector_id":"86c770ce-4e75-438d-93a4-76b8d3aa07f2","at":1.0}],"sources":[{"property":"","dataset":"TomTom","license":"ODbL-1.0","record_id":null,"update_time":null,"confidence":null,"between":null}],"version":1}},
{"id":"a9a7def7-e2b9-42ad-b377-34aa44f85125","type":"Feature","geometry":{"type":"LineString","coordinates":[[80.9495889,26.8432497],[80.9496457,26.843376],[80.9498243,26.8436805]]},"properties":{"subtype":"road","class":"residential","connectors":[{"connector_id":"0b06c1f0-53b5-4b34-b5bd-064939c2276b","at":0.0},{"connector_id":"b5328c29-5759-42cf-a38e-181ffe00858b","at":1.0}],"road_surface":[{"value":"paved","between":null}],"sources":[{"property":"","dataset":"OpenStreetMap","license":"ODbL-1.0","record_id":"w210670073@1","update_time":"2013-03-17T23:32:02Z","confidence":null,"between":null}],"version":1}},
{"id":"d86b7d07-9ab9-484f-9c8e-9d3a187f387b","type":"Feature","geometry":{"type":"LineString","coordinates":[[80.9498243,26.8436805],[80.9503482,26.8433133],[80.9506041,26.8431372]]},"properties":{"names":{"primary":"Park Road","common":null,"rules":[{"variant":"common","language":null,"perspectives":null,"value":"Park Road","between":null,"side":null}]},"subtype":"road","class":"tertiary","connectors":[{"connector_id":"b5328c29-5759-42cf-a38e-181ffe00858b","at":0.0},{"connector_id":"29cc8670-e9e3-4e1e-9ab5-310ce1ba253d","at":1.0}],"road_surface":[{"value":"paved","between":null}],"sources":[{"property":"","dataset":"OpenStreetMap","license":"ODbL-1.0","record_id":"w209445910@12","update_time":"2024-04-29T10:02:54Z","confidence":null,"between":null}],"version":1}},
{"id":"62b152c9-66cd-4177-8755-c9fa066a5287","type":"Feature","geometry":{"type":"LineString","coordinates":[[80.9492839,26.8434114],[80.9495432,26.8438775]]},"properties":{"subtype":"road","class":"unknown","connectors":[{"connector_id":"419219f8-55f8-4a0a-aca0-95a95121d2f6","at":0.0},{"connector_id":"d8299d5a-eaa1-48fc-a5c9-ff0469018f5f","at":1.0}],"sources":[{"property":"","dataset":"TomTom","license":"ODbL-1.0","record_id":null,"update_time":null,"confidence":null,"between":null}],"version":1}},
{"id":"51af7c83-eaec-4078-8c8c-247b61e766f2","type":"Feature","geometry":{"type":"LineString","coordinates":[[80.9491597,26.8441462],[80.9495432,26.8438775],[80.9498243,26.8436805]]},"properties":{"names":{"primary":"Park Road","common":null,"rules":[{"variant":"common","language":null,"perspectives":null,"value":"Park Road","between":null,"side":null}]},"subtype":"road","class":"tertiary","connectors":[{"connector_id":"91fe2849-08cc-46cd-a010-e3d761cd53d3","at":0.0},{"connector_id":"d8299d5a-eaa1-48fc-a5c9-ff0469018f5f","at":0.577016559},{"connector_id":"b5328c29-5759-42cf-a38e-181ffe00858b","at":1.0}],"road_surface":[{"value":"paved","between":null}],"sources":[{"property":"","dataset":"OpenStreetMap","license":"ODbL-1.0","record_id":"w209445910@12","update_time":"2024-04-29T10:02:54Z","confidence":null,"between":null}],"version":2}},
{"id":"ec0e7c46-f4d4-4e0e-b438-7eab2ea7e630","type":"Feature","geometry":{"type":"LineString","coordinates":[[80.9485826,26.8453444],[80.9489695,26.8449978]]},"properties":{"subtype":"road","class":"unknown","connectors":[{"connector_id":"3f4b1c1e-ce04-4d6f-ae8f-7c71c16c0eaa","at":0.0},{"connector_id":"d074f608-7bc3-4af0-a8d4-123eb82628f2","at":1.0}],"sources":[{"property":"","dataset":"TomTom","license":"ODbL-1.0","record_id":null,"update_time":null,"confidence":null,"between":null}],"version":1}},
{"id":"9f21c75a-28bd-4e80-9ce7-8774de890bdc","type":"Feature","geometry":{"type":"LineString","coordinates":[[80.9483774,26.8447539],[80.9488144,26.8449202],[80.9489695,26.8449978],[80.9494131,26.8452199],[80.9499217,26.8453466],[80.9499467,26.8453522]]},"properties":{"subtype":"road","class":"residential","connectors":[{"connector_id":"bc1ea740-c863-40d1-baff-4cd21312878b","at":0.0},{"connector_id":"d074f608-7bc3-4af0-a8d4-123eb82628f2","at":0.380583799},{"connector_id":"4d3bc3cf-9a12-409b-8112-917651d46df4","at":1.0}],"road_surface":[{"value":"paved","between":null}],"sources":[{"property":"","dataset":"OpenStreetMap","license":"ODbL-1.0","record_id":"w209445911@4","update_time":"2024-04-29T10:02:54Z","confidence":null,"between":null}],"version":2}},
{"id":"394b4081-f01c-4924-8fc5-b26ea2e32c4d","type":"Feature","geometry":{"type":"LineString","coordinates":[[80.9487107,26.8444609],[80.9491597,26.8441462]]},"properties":{"names":{"primary":"Park Road","common":null,"rules":[{"variant":"common","language":null,"perspectives":null,"value":"Park Road","between":null,"side":null}]},"subtype":"road","class":"tertiary","connectors":[{"connector_id":"0b335854-d78f-4a01-b6f4-10108287ce69","at":0.0},{"connector_id":"91fe2849-08cc-46cd-a010-e3d761cd53d3","at":1.0}],"road_surface":[{"value":"paved","between":null}],"sources":[{"property":"","dataset":"OpenStreetMap","license":"ODbL-1.0","record_id":"w209445910@12","update_time":"2024-04-29T10:02:54Z","confidence":null,"between":null}],"version":1}},
{"id":"4fdcbe7f-5980-45ed-9cf8-98ce13340e09","type":"Feature","geometry":{"type":"LineString","coordinates":[[80.9483774,26.8447539],[80.9486575,26.8444982],[80.9487107,26.8444609]]},"properties":{"names":{"primary":"Park Road","common":null,"rules":[{"variant":"common","language":null,"perspectives":null,"value":"Park Road","between":null,"side":null}]},"subtype":"road","class":"tertiary","connectors":[{"connector_id":"bc1ea740-c863-40d1-baff-4cd21312878b","at":0.0},{"connector_id":"0b335854-d78f-4a01-b6f4-10108287ce69","at":1.0}],"road_surface":[{"value":"paved","between":null}],"sources":[{"property":"","dataset":"OpenStreetMap","license":"ODbL-1.0","record_id":"w209445910@12","update_time":"2024-04-29T10:02:54Z","confidence":null,"between":null}],"version":1}},
{"id":"2929c21e-c722-4792-822d-f9d5574a8549","type":"Feature","geometry":{"type":"LineString","coordinates":[[80.9469273,26.8440236],[80.9471819,26.8440735],[80.9472344,26.8440888],[80.9474804,26.8441607],[80.9477464,26.844289],[80.9480422,26.8445154],[80.9483774,26.8447539]]},"properties":{"subtype":"road","class":"residential","connectors":[{"connector_id":"16fc2965-dec9-42ba-bfca-9e36a32a0ad2","at":0.0},{"connector_id":"e25e3e1d-1da1-4c93-bcb4-56cbb9fe2aa8","at":0.186511342},{"connector_id":"bc1ea740-c863-40d1-baff-4cd21312878b","at":1.0}],"road_surface":[{"value":"paved","between":null}],"sources":[{"property":"","dataset":"OpenStreetMap","license":"ODbL-1.0","record_id":"w1278100659@1","update_time":"2024-04-29T10:02:54Z","confidence":null,"between":null}],"version":1}},
{"id":"f61b71ba-12f9-4a4d-b8e0-cc152cf0fa2b","type":"Feature","geometry":{"type":"LineString","coordinates":[[80.9480366,26.8450767],[80.9481401,26.8449705],[80.9483774,26.8447539]]},"properties":{"names":{"primary":"Park Road","common":null,"rules":[{"variant":"common","language":null,"perspectives":null,"value":"Park Road","between":null,"side":null}]},"subtype":"road","class":"tertiary","connectors":[{"connector_id":"d8e0bb21-9aa2-4bcc-aa62-0d2244db3ecf","at":0.0},{"connector_id":"bc1ea740-c863-40d1-baff-4cd21312878b","at":1.0}],"road_surface":[{"value":"paved","between":null}],"sources":[{"property":"","dataset":"OpenStreetMap","license":"ODbL-1.0","record_id":"w1278100658@4","update_time":"2026-04-02T12:13:04Z","confidence":null,"between":null}],"version":3}},
{"id":"0e95e373-a9fc-43c8-a8e9-449bdd6df01e","type":"Feature","geometry":{"type":"LineString","coordinates":[[80.9477981,26.8453215],[80.9480366,26.8450767]]},"properties":{"names":{"primary":"Park Road","common":null,"rules":[{"variant":"common","language":null,"perspectives":null,"value":"Park Road","between":null,"side":null}]},"subtype":"road","class":"tertiary","connectors":[{"connector_id":"3818a576-4a85-4316-a1fa-5feb90dda47e","at":0.0},{"connector_id":"d8e0bb21-9aa2-4bcc-aa62-0d2244db3ecf","at":1.0}],"road_surface":[{"value":"paved","between":null}],"sources":[{"property":"","dataset":"OpenStreetMap","license":"ODbL-1.0","record_id":"w1278100658@4","update_time":"2026-04-02T12:13:04Z","confidence":null,"between":null}],"version":3}},
{"id":"41ab0fb3-531b-4e0a-a3f3-f3d175e4aa5c","type":"Feature","geometry":{"type":"LineString","coordinates":[[80.9474846,26.8456034],[80.9476162,26.8455082],[80.9477981,26.8453215]]},"properties":{"names":{"primary":"Park Road","common":null,"rules":[{"variant":"common","language":null,"perspectives":null,"value":"Park Road","between":null,"side":null}]},"subtype":"road","class":"tertiary","connectors":[{"connector_id":"55e109f1-2b0c-49e6-9fec-4fbf8a61137d","at":0.0},{"connector_id":"3818a576-4a85-4316-a1fa-5feb90dda47e","at":1.0}],"road_surface":[{"value":"paved","between":null}],"sources":[{"property":"","dataset":"OpenStreetMap","license":"ODbL-1.0","record_id":"w1278100658@4","update_time":"2026-04-02T12:13:04Z","confidence":null,"between":null}],"version":3}},
{"id":"05579dfb-8a03-430a-8d68-a8f123f7bd90","type":"Feature","geometry":{"type":"LineString","coordinates":[[80.9474846,26.8456034],[80.94797,26.8461343],[80.9483204,26.8459026]]},"properties":{"subtype":"road","class":"residential","connectors":[{"connector_id":"55e109f1-2b0c-49e6-9fec-4fbf8a61137d","at":0.0},{"connector_id":"aa2dae1c-9f24-4c03-b2b8-5a1e5b9f798f","at":0.637466386},{"connector_id":"f860686d-f0ce-4d46-9767-48cf896a2b59","at":1.0}],"road_surface":[{"value":"paved","between":null}],"sources":[{"property":"","dataset":"OpenStreetMap","license":"ODbL-1.0","record_id":"w210670010@1","update_time":"2013-03-17T23:31:56Z","confidence":null,"between":null}],"version":2}},
{"id":"4c73da9d-7d04-43aa-a1da-4c701318f1a3","type":"Feature","geometry":{"type":"LineString","coordinates":[[80.9477981,26.8453215],[80.9483204,26.8459026]]},"properties":{"subtype":"road","class":"residential","connectors":[{"connector_id":"3818a576-4a85-4316-a1fa-5feb90dda47e","at":0.0},{"connector_id":"f860686d-f0ce-4d46-9767-48cf896a2b59","at":1.0}],"road_surface":[{"value":"paved","between":null}],"sources":[{"property":"","dataset":"OpenStreetMap","license":"ODbL-1.0","record_id":"w210670099@2","update_time":"2026-01-31T13:45:13Z","confidence":null,"between":null}],"version":1}},
{"id":"b5ee49c9-ef53-4609-a1a5-3a7daac233f6","type":"Feature","geometry":{"type":"LineString","coordinates":[[80.9480366,26.8450767],[80.9485164,26.8452987],[80.9485826,26.8453444],[80.9486822,26.8454131],[80.9488405,26.8456249],[80.9489135,26.8457217],[80.9491118,26.8459847]]},"properties":{"subtype":"road","class":"residential","connectors":[{"connector_id":"d8e0bb21-9aa2-4bcc-aa62-0d2244db3ecf","at":0.0},{"connector_id":"3f4b1c1e-ce04-4d6f-ae8f-7c71c16c0eaa","at":0.410793959},{"connector_id":"7d28a68c-ad5a-4db2-b771-b8c31400dee5","at":0.766758827},{"connector_id":"e4d37648-ddd8-4d7e-aa58-fe3618585155","at":1.0}],"road_surface":[{"value":"paved","between":null}],"sources":[{"property":"","dataset":"OpenStreetMap","license":"ODbL-1.0","record_id":"w210670100@1","update_time":"2013-03-17T23:32:05Z","confidence":null,"between":null}],"version":3}},
{"id":"112afbbf-adda-4b94-997d-c9b426e13e70","type":"Feature","geometry":{"type":"LineString","coordinates":[[80.9484472,26.8460437],[80.9489135,26.8457217],[80.9493957,26.845412],[80.9494455,26.845367],[80.9494952,26.8453078]]},"properties":{"subtype":"road","class":"unknown","connectors":[{"connector_id":"43d786f4-5d70-4ab9-bcf8-0a372cf649eb","at":0.0},{"connector_id":"7d28a68c-ad5a-4db2-b771-b8c31400dee5","at":0.440854912},{"connector_id":"30ae17de-0761-40e5-ad35-e9315e00b06b","at":1.0}],"sources":[{"property":"","dataset":"TomTom","license":"ODbL-1.0","record_id":null,"update_time":null,"confidence":null,"between":null}],"version":1}},
{"id":"94c060fe-2936-43b1-bb1d-c7e5e0427c1c","type":"Feature","geometry":{"type":"LineString","coordinates":[[80.9486238,26.8462402],[80.9488331,26.8465466]]},"properties":{"subtype":"road","class":"unknown","connectors":[{"connector_id":"4c4aba05-38a1-4894-9e7d-6b5b5d293512","at":0.0},{"connector_id":"3d740e77-e6f9-4a59-a4a7-ab93f022af6c","at":1.0}],"sources":[{"property":"","dataset":"TomTom","license":"ODbL-1.0","record_id":null,"update_time":null,"confidence":null,"between":null}],"version":1}},
{"id":"c3f3657c-13da-4dcf-8424-906f15724d0c","type":"Feature","geometry":{"type":"LineString","coordinates":[[80.9483204,26.8459026],[80.9484472,26.8460437],[80.9486238,26.8462402],[80.9480248,26.8466633]]},"properties":{"subtype":"road","class":"residential","connectors":[{"connector_id":"f860686d-f0ce-4d46-9767-48cf896a2b59","at":0.0},{"connector_id":"43d786f4-5d70-4ab9-bcf8-0a372cf649eb","at":0.162174549},{"connector_id":"4c4aba05-38a1-4894-9e7d-6b5b5d293512","at":0.38803081},{"connector_id":"d7cf55d5-bdf9-4bc9-a01f-d6156d76fd97","at":1.0}],"road_surface":[{"value":"paved","between":null}],"sources":[{"property":"","dataset":"OpenStreetMap","license":"ODbL-1.0","record_id":"w210670099@2","update_time":"2026-01-31T13:45:13Z","confidence":null,"between":null}],"version":5}},
{"id":"e1d4c138-3f93-4303-9801-72739c942207","type":"Feature","geometry":{"type":"LineString","coordinates":[[80.94797,26.8461343],[80.9480458,26.8462317]]},"properties":{"subtype":"road","class":"unknown","connectors":[{"connector_id":"aa2dae1c-9f24-4c03-b2b8-5a1e5b9f798f","at":0.0},{"connector_id":"7cfe5511-8ab7-4a28-82f8-b07e1f795de7","at":1.0}],"sources":[{"property":"","dataset":"TomTom","license":"ODbL-1.0","record_id":null,"update_time":null,"confidence":null,"between":null}],"version":1}},
{"id":"c91f3d2c-22b4-4541-b9df-ef724ddf25f7","type":"Feature","geometry":{"type":"LineString","coordinates":[[80.9479445,26.8465617],[80.9473559,26.8459094],[80.9471302,26.8460503]]},"properties":{"subtype":"road","class":"residential","connectors":[{"connector_id":"98ff93fd-aa9f-43b8-9960-891b68654237","at":0.0},{"connector_id":"e2eda445-0fc3-46b4-bad9-8ab72c699098","at":0.772844033},{"connector_id":"29d438b0-4420-4a72-8702-abcb4bc3ce45","at":1.0}],"road_surface":[{"value":"paved","between":null}],"sources":[{"property":"","dataset":"OpenStreetMap","license":"ODbL-1.0","record_id":"w1142108862@1","update_time":"2023-02-10T10:42:23Z","confidence":null,"between":null}],"version":2}},
{"id":"f4d2aeca-5464-453e-a759-7a3ba07e815b","type":"Feature","geometry":{"type":"LineString","coordinates":[[80.9471633,26.8474548],[80.9475395,26.8472129],[80.9481613,26.8469557],[80.9483814,26.846818],[80.9486051,26.8466836],[80.9488331,26.8465466],[80.9489643,26.8464678]]},"properties":{"subtype":"road","class":"residential","connectors":[{"connector_id":"74f17220-cfbd-48d5-86b8-1574d234b59a","at":0.0},{"connector_id":"6a4d1295-ea55-4ec7-acef-016aca3ffd6b","at":0.218592542},{"connector_id":"e8bdeccb-77e4-42ab-b472-2ac47c74498c","at":0.541956261},{"connector_id":"9309fd5d-53c4-44b2-b844-a1f91586ace4","at":0.668683519},{"connector_id":"31c2e9e3-9b3b-466e-94bd-a54be268d318","at":0.795834043},{"connector_id":"3d740e77-e6f9-4a59-a4a7-ab93f022af6c","at":0.925433628},{"connector_id":"09c5d76d-61fe-4e5c-98df-565b63167186","at":1.0}],"road_surface":[{"value":"paved","between":null}],"sources":[{"property":"","dataset":"OpenStreetMap","license":"ODbL-1.0","record_id":"w210670035@3","update_time":"2022-06-06T14:38:55Z","confidence":null,"between":null}],"version":4}},
{"id":"b95396ca-ea97-4539-91ba-44a18240b25b","type":"Feature","geometry":{"type":"LineString","coordinates":[[80.9474457,26.8469397],[80.94748,26.8469591],[80.9475041,26.8469651],[80.9475289,26.8469609],[80.9475752,26.846934],[80.947649,26.8468849],[80.9480248,26.8466633]]},"properties":{"subtype":"road","class":"unknown","connectors":[{"connector_id":"86a7ed9f-38ca-4f00-a3a8-b78798aef76b","at":0.0},{"connector_id":"d7cf55d5-bdf9-4bc9-a01f-d6156d76fd97","at":1.0}],"sources":[{"property":"","dataset":"TomTom","license":"ODbL-1.0","record_id":null,"update_time":null,"confidence":null,"between":null}],"version":1}},
{"id":"0bcc7d3c-9174-4579-9355-56e75de62bbe","type":"Feature","geometry":{"type":"LineString","coordinates":[[80.94797,26.8476277],[80.9481533,26.8473163],[80.9481307,26.8472608],[80.9482645,26.8470718]]},"properties":{"subtype":"road","class":"service","connectors":[{"connector_id":"e6b393cf-ecae-4eb7-b392-2b067e51daaf","at":0.0},{"connector_id":"12216fea-bd55-451e-9d26-6d0050ea159f","at":1.0}],"road_surface":[{"value":"paved","between":null}],"sources":[{"property":"","dataset":"OpenStreetMap","license":"ODbL-1.0","record_id":"w210670074@1","update_time":"2013-03-17T23:32:02Z","confidence":null,"between":null}],"version":1}},
{"id":"05596aa8-52a7-4c0b-b261-3dd10015f612","type":"Feature","geometry":{"type":"LineString","coordinates":[[80.948017,26.8476543],[80.94826,26.8474599],[80.9484644,26.8472964]]},"properties":{"subtype":"road","class":"service","connectors":[{"connector_id":"5d1f3e8e-f1c0-4903-8325-5e41e874c96c","at":0.0},{"connector_id":"64a02ad7-6aa6-4118-9f16-a32a2162cdc8","at":0.543151362},{"connector_id":"03bcf0f4-2eb4-452a-b527-b50b9efb6e49","at":1.0}],"road_surface":[{"value":"paved","between":null}],"sources":[{"property":"","dataset":"OpenStreetMap","license":"ODbL-1.0","record_id":"w210670016@1","update_time":"2013-03-17T23:31:57Z","confidence":null,"between":null}],"version":1}},
{"id":"dadbb321-ab99-4edd-b17f-7f20b2e061c4","type":"Feature","geometry":{"type":"LineString","coordinates":[[80.9490636,26.8475989],[80.9485113,26.8469397],[80.9484717,26.8469346],[80.9483814,26.846818]]},"properties":{"subtype":"road","class":"service","connectors":[{"connector_id":"9aabd3ae-0dfa-44d7-87b2-1a2f6a38f48e","at":0.0},{"connector_id":"9309fd5d-53c4-44b2-b844-a1f91586ace4","at":1.0}],"road_surface":[{"value":"paved","between":null}],"sources":[{"property":"","dataset":"OpenStreetMap","license":"ODbL-1.0","record_id":"w210670058@1","update_time":"2013-03-17T23:32:01Z","confidence":null,"between":null}],"version":1}},
{"id":"57210806-2d2c-4ba5-9001-4acb98d2cbfc","type":"Feature","geometry":{"type":"LineString","coordinates":[[80.9481613,26.8469557],[80.9482645,26.8470718],[80.9484644,26.8472964],[80.9488523,26.8477324]]},"properties":{"subtype":"road","class":"service","connectors":[{"connector_id":"e8bdeccb-77e4-42ab-b472-2ac47c74498c","at":0.0},{"connector_id":"12216fea-bd55-451e-9d26-6d0050ea159f","at":0.149428239},{"connector_id":"03bcf0f4-2eb4-452a-b527-b50b9efb6e49","at":0.438646732},{"connector_id":"fd64a76c-97ec-4968-a709-d24c60c8e473","at":1.0}],"road_surface":[{"value":"paved","between":null}],"sources":[{"property":"","dataset":"OpenStreetMap","license":"ODbL-1.0","record_id":"w210670041@1","update_time":"2013-03-17T23:32:00Z","confidence":null,"between":null}],"version":1}},
{"id":"3b3b7fd0-4d6a-4c95-a43d-45adbb45d2e2","type":"Feature","geometry":{"type":"LineString","coordinates":[[80.9475395,26.8472129],[80.9478801,26.8475768],[80.94797,26.8476277],[80.948017,26.8476543],[80.9483022,26.8478156],[80.9484755,26.8479534],[80.9486213,26.8478679],[80.9487485,26.8477933],[80.9488523,26.8477324],[80.9489541,26.8476727],[80.9490636,26.8475989],[80.9491146,26.8475644],[80.9493293,26.8474197],[80.9495509,26.8472703],[80.9497022,26.8471683],[80.9497728,26.8471323],[80.9499136,26.8470606]]},"properties":{"subtype":"road","class":"service","connectors":[{"connector_id":"6a4d1295-ea55-4ec7-acef-016aca3ffd6b","at":0.0},{"connector_id":"e6b393cf-ecae-4eb7-b392-2b067e51daaf","at":0.211220917},{"connector_id":"5d1f3e8e-f1c0-4903-8325-5e41e874c96c","at":0.229676717},{"connector_id":"9a465a2a-0a7c-4a05-9520-13ef6572c99a","at":0.476405184},{"connector_id":"88da81db-a8fb-4939-a507-e3b04ea2d4bf","at":0.52687588},{"connector_id":"fd64a76c-97ec-4968-a709-d24c60c8e473","at":0.568066669},{"connector_id":"9aabd3ae-0dfa-44d7-87b2-1a2f6a38f48e","at":0.653944213},{"connector_id":"a7090bbf-31eb-4b73-81b9-d6639c5bb78a","at":0.675157745},{"connector_id":"8319efe3-f651-4f1f-9816-7aa20989d34b","at":0.764342759},{"connector_id":"9a4e71bb-459b-4a5d-8e96-7be7b8070bf8","at":0.856405108},{"connector_id":"1fd4efd1-9e5d-4e2d-af38-f7eed63aa393","at":0.946230634},{"connector_id":"94cc9411-b941-43e3-8c92-d3641da35ec7","at":1.0}],"road_surface":[{"value":"paved","between":null}],"sources":[{"property":"","dataset":"OpenStreetMap","license":"ODbL-1.0","record_id":"w210670123@1","update_time":"2013-03-17T23:32:07Z","confidence":null,"between":[0.0,0.418546756]},{"property":"","dataset":"OpenStreetMap","license":"ODbL-1.0","record_id":"w210669901@1","update_time":"2013-03-17T23:31:46Z","confidence":null,"between":[0.418546756,1.0]}],"version":1}},
{"id":"85b35291-ef9a-44d9-a5f5-32fca3410388","type":"Feature","geometry":{"type":"LineString","coordinates":[[80.9489937,26.847017],[80.9492037,26.8469009],[80.9493461,26.847117],[80.9495509,26.8472703]]},"properties":{"subtype":"road","class":"unknown","connectors":[{"connector_id":"1fa63c3e-c492-4e92-b831-23ea1e9bf376","at":0.0},{"connector_id":"9a4e71bb-459b-4a5d-8e96-7be7b8070bf8","at":1.0}],"sources":[{"property":"","dataset":"TomTom","license":"ODbL-1.0","record_id":null,"update_time":null,"confidence":null,"between":null}],"version":1}},
{"id":"abe5c6ed-8041-4be4-8242-b21e515c8bba","type":"Feature","geometry":{"type":"LineString","coordinates":[[80.9486051,26.8466836],[80.9489522,26.8470439],[80.9489937,26.847017],[80.9493293,26.8474197]]},"properties":{"subtype":"road","class":"service","connectors":[{"connector_id":"31c2e9e3-9b3b-466e-94bd-a54be268d318","at":0.0},{"connector_id":"1fa63c3e-c492-4e92-b831-23ea1e9bf376","at":0.509432587},{"connector_id":"8319efe3-f651-4f1f-9816-7aa20989d34b","at":1.0}],"road_surface":[{"value":"paved","between":null}],"sources":[{"property":"","dataset":"OpenStreetMap","license":"ODbL-1.0","record_id":"w210670050@1","update_time":"2013-03-17T23:32:00Z","confidence":null,"between":null}],"version":2}},
{"id":"13d5e34f-d6ee-4671-aac5-09369ba46988","type":"Feature","geometry":{"type":"LineString","coordinates":[[80.9489643,26.8464678],[80.949322,26.846754],[80.9497214,26.8470196],[80.9499136,26.8470606]]},"properties":{"subtype":"road","class":"residential","connectors":[{"connector_id":"09c5d76d-61fe-4e5c-98df-565b63167186","at":0.0},{"connector_id":"94cc9411-b941-43e3-8c92-d3641da35ec7","at":1.0}],"road_surface":[{"value":"paved","between":null}],"sources":[{"property":"","dataset":"OpenStreetMap","license":"ODbL-1.0","record_id":"w210669903@1","update_time":"2013-03-17T23:31:47Z","confidence":null,"between":null}],"version":1}},
{"id":"8405ad62-87f3-4491-8406-309bfbe9140f","type":"Feature","geometry":{"type":"LineString","coordinates":[[80.9500207,26.8469411],[80.9493857,26.8462253]]},"properties":{"subtype":"road","class":"service","connectors":[{"connector_id":"620c89a2-ac36-4a0f-a063-a30715496e85","at":0.0},{"connector_id":"8583eeff-05df-4286-907b-8bedb392d7be","at":1.0}],"road_surface":[{"value":"paved","between":null}],"sources":[{"property":"","dataset":"OpenStreetMap","license":"ODbL-1.0","record_id":"w210669979@1","update_time":"2013-03-17T23:31:54Z","confidence":null,"between":null}],"version":1}},
{"id":"5b84cd89-35ba-474f-872c-fd6c4e45be81","type":"Feature","geometry":{"type":"LineString","coordinates":[[80.9501403,26.8476846],[80.9497728,26.8471323]]},"properties":{"subtype":"road","class":"service","connectors":[{"connector_id":"14fe4cc2-a1ac-4c9f-88e3-15ec29c162e3","at":0.0},{"connector_id":"1fd4efd1-9e5d-4e2d-af38-f7eed63aa393","at":1.0}],"road_surface":[{"value":"paved","between":null}],"sources":[{"property":"","dataset":"OpenStreetMap","license":"ODbL-1.0","record_id":"w210669964@1","update_time":"2013-03-17T23:31:51Z","confidence":null,"between":null}],"version":1}},
{"id":"7897c82d-91b1-40b5-86af-b726f87ad5a7","type":"Feature","geometry":{"type":"LineString","coordinates":[[80.9499136,26.8470606],[80.9500606,26.8470919],[80.9507391,26.8474161]]},"properties":{"subtype":"road","class":"residential","connectors":[{"connector_id":"94cc9411-b941-43e3-8c92-d3641da35ec7","at":0.0},{"connector_id":"eb47d97a-3dc7-4f48-8a8e-0972e4c06b34","at":1.0}],"road_surface":[{"value":"paved","between":null}],"sources":[{"property":"","dataset":"OpenStreetMap","license":"ODbL-1.0","record_id":"w210669903@1","update_time":"2013-03-17T23:31:47Z","confidence":null,"between":null}],"version":1}},
{"id":"52a7a908-61e4-496f-afe1-ed9a4fd1a8f8","type":"Feature","geometry":{"type":"LineString","coordinates":[[80.9507391,26.8474161],[80.9508275,26.8474584],[80.9509829,26.847508]]},"properties":{"subtype":"road","class":"residential","connectors":[{"connector_id":"eb47d97a-3dc7-4f48-8a8e-0972e4c06b34","at":0.0},{"connector_id":"979e6c81-49ac-455b-a647-e0531c942d70","at":1.0}],"road_surface":[{"value":"paved","between":null}],"sources":[{"property":"","dataset":"OpenStreetMap","license":"ODbL-1.0","record_id":"w210669903@1","update_time":"2013-03-17T23:31:47Z","confidence":null,"between":null}],"version":1}},
{"id":"8e0b6141-1fe6-44f0-af78-f85cf139e33b","type":"Feature","geometry":{"type":"LineString","coordinates":[[80.9509829,26.847508],[80.9510711,26.8476287]]},"properties":{"subtype":"road","class":"residential","connectors":[{"connector_id":"979e6c81-49ac-455b-a647-e0531c942d70","at":0.0},{"connector_id":"455a89ec-8c6d-4d54-8b7f-0dbe7939d1a4","at":1.0}],"road_surface":[{"value":"paved","between":null}],"sources":[{"property":"","dataset":"OpenStreetMap","license":"ODbL-1.0","record_id":"w210669993@1","update_time":"2013-03-17T23:31:55Z","confidence":null,"between":null}],"version":1}},
{"id":"32c8c700-140e-465a-8fe6-704ead5cb6b5","type":"Feature","geometry":{"type":"LineString","coordinates":[[80.9510711,26.8476287],[80.9511855,26.8475727]]},"properties":{"subtype":"road","class":"residential","connectors":[{"connector_id":"455a89ec-8c6d-4d54-8b7f-0dbe7939d1a4","at":0.0},{"connector_id":"27f7a668-a657-42c7-b71d-db6be0ae891d","at":1.0}],"road_surface":[{"value":"paved","between":null}],"sources":[{"property":"","dataset":"OpenStreetMap","license":"ODbL-1.0","record_id":"w210670129@1","update_time":"2013-03-17T23:32:09Z","confidence":null,"between":null}],"version":1}},
{"id":"eebf48fd-9897-4878-a933-163fe1297682","type":"Feature","geometry":{"type":"LineString","coordinates":[[80.9509829,26.847508],[80.9511855,26.8475727]]},"properties":{"subtype":"road","class":"residential","connectors":[{"connector_id":"979e6c81-49ac-455b-a647-e0531c942d70","at":0.0},{"connector_id":"27f7a668-a657-42c7-b71d-db6be0ae891d","at":1.0}],"road_surface":[{"value":"paved","between":null}],"sources":[{"property":"","dataset":"OpenStreetMap","license":"ODbL-1.0","record_id":"w210669903@1","update_time":"2013-03-17T23:31:47Z","confidence":null,"between":null}],"version":1}},
{"id":"b1452798-8916-45b5-b542-aa67e55f0db9","type":"Feature","geometry":{"type":"LineString","coordinates":[[80.9511855,26.8475727],[80.95133,26.84758],[80.951487,26.8475878],[80.9515973,26.8475976]]},"properties":{"subtype":"road","class":"residential","connectors":[{"connector_id":"27f7a668-a657-42c7-b71d-db6be0ae891d","at":0.0},{"connector_id":"d1f27868-ebc6-4c2e-be0c-3a76244d9337","at":0.350595234},{"connector_id":"7e706d69-d6d5-4d72-8040-ec16352fd396","at":1.0}],"road_surface":[{"value":"paved","between":null}],"sources":[{"property":"","dataset":"OpenStreetMap","license":"ODbL-1.0","record_id":"w210669903@1","update_time":"2013-03-17T23:31:47Z","confidence":null,"between":null}],"version":1}},
{"id":"7df37215-99c7-4032-81ae-b9bb5ebeab6b","type":"Feature","geometry":{"type":"LineString","coordinates":[[80.9511122,26.847121],[80.9513509,26.8473852],[80.95133,26.84758]]},"properties":{"subtype":"road","class":"service","connectors":[{"connector_id":"b56e6640-a9ba-4cc2-b95e-d13efc9b1d9f","at":0.0},{"connector_id":"298f9600-5ff6-4756-99f6-dc5d57056440","at":0.634730113},{"connector_id":"d1f27868-ebc6-4c2e-be0c-3a76244d9337","at":1.0}],"road_surface":[{"value":"paved","between":null}],"sources":[{"property":"","dataset":"OpenStreetMap","license":"ODbL-1.0","record_id":"w210670007@1","update_time":"2013-03-17T23:31:56Z","confidence":null,"between":null}],"version":1}},
{"id":"01efd940-4607-403b-a261-10901682d0bd","type":"Feature","geometry":{"type":"LineString","coordinates":[[80.9507391,26.8474161],[80.9511122,26.847121],[80.9515913,26.8467419]]},"properties":{"subtype":"road","class":"residential","connectors":[{"connector_id":"eb47d97a-3dc7-4f48-8a8e-0972e4c06b34","at":0.0},{"connector_id":"b56e6640-a9ba-4cc2-b95e-d13efc9b1d9f","at":0.437762084},{"connector_id":"1da22366-9831-49a3-a456-05744db407d1","at":1.0}],"road_surface":[{"value":"paved","between":null}],"sources":[{"property":"","dataset":"OpenStreetMap","license":"ODbL-1.0","record_id":"w210669997@1","update_time":"2013-03-17T23:31:56Z","confidence":null,"between":null}],"version":1}},
{"id":"fa4c5a15-8f65-4a9f-96a2-b1bb37c6b9e6","type":"Feature","geometry":{"type":"LineString","coordinates":[[80.9512956,26.8464182],[80.9507775,26.8467347],[80.9503428,26.8470002]]},"properties":{"subtype":"road","class":"service","connectors":[{"connector_id":"4f4b78e8-be3c-48e1-b074-b7697688b283","at":0.0},{"connector_id":"d241f714-61da-4e2e-80af-c19dd8abc50c","at":0.543781598},{"connector_id":"75e54be5-1ed3-445d-82b7-f86811d35604","at":1.0}],"road_surface":[{"value":"paved","between":null}],"sources":[{"property":"","dataset":"OpenStreetMap","license":"ODbL-1.0","record_id":"w210670021@1","update_time":"2013-03-17T23:31:57Z","confidence":null,"between":null}],"version":1}},
{"id":"a8cbeaa7-ad0b-4a9d-b751-83ec1080496e","type":"Feature","geometry":{"type":"LineString","coordinates":[[80.9510954,26.8461893],[80.9506404,26.846471],[80.9506162,26.846486],[80.9504339,26.8465988],[80.9503244,26.8466666],[80.9501337,26.8468288],[80.9500813,26.8468733],[80.9500207,26.8469411],[80.9499136,26.8470606]]},"properties":{"subtype":"road","class":"residential","connectors":[{"connector_id":"c995ebf2-f3b4-402f-b930-7fc746cca998","at":0.0},{"connector_id":"e1d839e4-8411-40d9-9ffc-ee98eb0da2b8","at":0.359100097},{"connector_id":"ae1c3355-d8dd-49b1-9d48-c7861ad64616","at":0.378206578},{"connector_id":"563900a6-9881-48f6-8523-71003698bfd8","at":0.522056172},{"connector_id":"de9ff438-4a4f-4d7e-9a6c-299c02d66f37","at":0.779177221},{"connector_id":"620c89a2-ac36-4a0f-a063-a30715496e85","at":0.888972711},{"connector_id":"94cc9411-b941-43e3-8c92-d3641da35ec7","at":1.0}],"road_surface":[{"value":"paved","between":null}],"sources":[{"property":"","dataset":"OpenStreetMap","license":"ODbL-1.0","record_id":"w210670157@1","update_time":"2013-03-17T23:32:12Z","confidence":null,"between":null}],"version":1}},
{"id":"d7b2dd50-0a44-4a70-ab81-54097b6805ad","type":"Feature","geometry":{"type":"LineString","coordinates":[[80.9507775,26.8467347],[80.9506162,26.846486]]},"properties":{"subtype":"road","class":"service","connectors":[{"connector_id":"d241f714-61da-4e2e-80af-c19dd8abc50c","at":0.0},{"connector_id":"ae1c3355-d8dd-49b1-9d48-c7861ad64616","at":1.0}],"road_surface":[{"value":"paved","between":null}],"sources":[{"property":"","dataset":"OpenStreetMap","license":"ODbL-1.0","record_id":"w210669961@1","update_time":"2013-03-17T23:31:51Z","confidence":null,"between":null}],"version":1}},
{"id":"9444ad1c-67a3-4be3-897f-4612f3bcb266","type":"Feature","geometry":{"type":"LineString","coordinates":[[80.9510954,26.8461893],[80.9511981,26.8463115],[80.9512956,26.8464182],[80.9515913,26.8467419]]},"properties":{"subtype":"road","class":"residential","connectors":[{"connector_id":"c995ebf2-f3b4-402f-b930-7fc746cca998","at":0.0},{"connector_id":"4f4b78e8-be3c-48e1-b074-b7697688b283","at":0.410149768},{"connector_id":"1da22366-9831-49a3-a456-05744db407d1","at":1.0}],"road_surface":[{"value":"paved","between":null}],"sources":[{"property":"","dataset":"OpenStreetMap","license":"ODbL-1.0","record_id":"w210670035@3","update_time":"2022-06-06T14:38:55Z","confidence":null,"between":null}],"version":1}},
{"id":"c128c2a8-461f-4128-9c90-292afd55fcce","type":"Feature","geometry":{"type":"LineString","coordinates":[[80.9502524,26.8461394],[80.9507851,26.8458199]]},"properties":{"subtype":"road","class":"service","connectors":[{"connector_id":"b42781f8-acfb-4608-ab4f-07dd5eab5af9","at":0.0},{"connector_id":"248e1ac6-2dbb-46d7-bd74-b84629985937","at":1.0}],"road_surface":[{"value":"paved","between":null}],"sources":[{"property":"","dataset":"OpenStreetMap","license":"ODbL-1.0","record_id":"w210669947@1","update_time":"2013-03-17T23:31:50Z","confidence":null,"between":null}],"version":1}},
{"id":"889dc0db-4161-4e25-a94a-7c41ff2eeb75","type":"Feature","geometry":{"type":"LineString","coordinates":[[80.9508776,26.84593],[80.9503813,26.846263]]},"properties":{"subtype":"road","class":"service","connectors":[{"connector_id":"d8d89685-9df4-491e-8ba3-31a8324ee239","at":0.0},{"connector_id":"1423053a-4028-45d9-9c9d-3d8f25ea06d1","at":1.0}],"road_surface":[{"value":"paved","between":null}],"sources":[{"property":"","dataset":"OpenStreetMap","license":"ODbL-1.0","record_id":"w210669963@1","update_time":"2013-03-17T23:31:51Z","confidence":null,"between":null}],"version":1}},
{"id":"8c7f7171-1a0b-4045-ae96-5554e90d3c8a","type":"Feature","geometry":{"type":"LineString","coordinates":[[80.9498673,26.8459066],[80.9504339,26.8465988]]},"properties":{"subtype":"road","class":"service","connectors":[{"connector_id":"05557871-d4ca-418e-adef-50b79165c7d2","at":0.0},{"connector_id":"563900a6-9881-48f6-8523-71003698bfd8","at":1.0}],"road_surface":[{"value":"paved","between":null}],"sources":[{"property":"","dataset":"OpenStreetMap","license":"ODbL-1.0","record_id":"w210669977@1","update_time":"2013-03-17T23:31:52Z","confidence":null,"between":null}],"version":1}},
{"id":"f27175ef-e449-4915-a35a-fef6b18a8e0a","type":"Feature","geometry":{"type":"LineString","coordinates":[[80.9501337,26.8468288],[80.9495401,26.8461315]]},"properties":{"subtype":"road","class":"service","connectors":[{"connector_id":"de9ff438-4a4f-4d7e-9a6c-299c02d66f37","at":0.0},{"connector_id":"4daaae1d-dd8e-4547-8a1b-4a1a755f9af7","at":1.0}],"road_surface":[{"value":"paved","between":null}],"sources":[{"property":"","dataset":"OpenStreetMap","license":"ODbL-1.0","record_id":"w210669953@1","update_time":"2013-03-17T23:31:51Z","confidence":null,"between":null}],"version":1}},
{"id":"b632bc01-2d29-4e3a-bf04-a1eeecceb711","type":"Feature","geometry":{"type":"LineString","coordinates":[[80.9489643,26.8464678],[80.9493857,26.8462253],[80.9495401,26.8461315],[80.9498673,26.8459066],[80.9499722,26.8458345]]},"properties":{"subtype":"road","class":"residential","connectors":[{"connector_id":"09c5d76d-61fe-4e5c-98df-565b63167186","at":0.0},{"connector_id":"8583eeff-05df-4286-907b-8bedb392d7be","at":0.406543251},{"connector_id":"4daaae1d-dd8e-4547-8a1b-4a1a755f9af7","at":0.557965749},{"connector_id":"05557871-d4ca-418e-adef-50b79165c7d2","at":0.892689351},{"connector_id":"a971f366-1083-4f48-90d2-b4dda12515a6","at":1.0}],"road_surface":[{"value":"paved","between":null}],"sources":[{"property":"","dataset":"OpenStreetMap","license":"ODbL-1.0","record_id":"w210670035@3","update_time":"2022-06-06T14:38:55Z","confidence":null,"between":null}],"version":1}},
{"id":"91af53bc-ecc7-4574-81b8-dac19b7a1138","type":"Feature","geometry":{"type":"LineString","coordinates":[[80.9499954,26.8458186],[80.9502524,26.8461394],[80.9503813,26.846263],[80.9504559,26.8463345],[80.9506404,26.846471]]},"properties":{"subtype":"road","class":"service","connectors":[{"connector_id":"e5f735f4-6c9c-4a69-9b59-71d568b84756","at":0.0},{"connector_id":"b42781f8-acfb-4608-ab4f-07dd5eab5af9","at":0.450575304},{"connector_id":"1423053a-4028-45d9-9c9d-3d8f25ea06d1","at":0.643619532},{"connector_id":"e1d839e4-8411-40d9-9ffc-ee98eb0da2b8","at":1.0}],"road_surface":[{"value":"paved","between":null}],"sources":[{"property":"","dataset":"OpenStreetMap","license":"ODbL-1.0","record_id":"w210670097@1","update_time":"2013-03-17T23:32:05Z","confidence":null,"between":null}],"version":1}},
{"id":"96d93c81-fd3b-42cc-8bd0-a4e0229d3b24","type":"Feature","geometry":{"type":"LineString","coordinates":[[80.9499722,26.8458345],[80.9499954,26.8458186],[80.9504954,26.845475]]},"properties":{"subtype":"road","class":"residential","connectors":[{"connector_id":"a971f366-1083-4f48-90d2-b4dda12515a6","at":0.0},{"connector_id":"e5f735f4-6c9c-4a69-9b59-71d568b84756","at":0.04430019},{"connector_id":"aa3ba1d8-7983-4c29-8ec4-69b68f865fc2","at":1.0}],"road_surface":[{"value":"paved","between":null}],"sources":[{"property":"","dataset":"OpenStreetMap","license":"ODbL-1.0","record_id":"w210670035@3","update_time":"2022-06-06T14:38:55Z","confidence":null,"between":null}],"version":1}},
{"id":"388c6dd5-bcc7-4adf-ae2e-384a3f486c8c","type":"Feature","geometry":{"type":"LineString","coordinates":[[80.9499467,26.8453522],[80.949988,26.8454534],[80.9499899,26.8455963],[80.9499654,26.8457459],[80.9499722,26.8458345]]},"properties":{"subtype":"road","class":"residential","connectors":[{"connector_id":"4d3bc3cf-9a12-409b-8112-917651d46df4","at":0.0},{"connector_id":"a971f366-1083-4f48-90d2-b4dda12515a6","at":1.0}],"road_surface":[{"value":"paved","between":null}],"sources":[{"property":"","dataset":"OpenStreetMap","license":"ODbL-1.0","record_id":"w210670083@1","update_time":"2013-03-17T23:32:04Z","confidence":null,"between":null}],"version":1}},
{"id":"53298a03-710e-4b5d-b7a1-49e36236e63c","type":"Feature","geometry":{"type":"LineString","coordinates":[[80.9499467,26.8453522],[80.9504954,26.845475]]},"properties":{"subtype":"road","class":"residential","connectors":[{"connector_id":"4d3bc3cf-9a12-409b-8112-917651d46df4","at":0.0},{"connector_id":"aa3ba1d8-7983-4c29-8ec4-69b68f865fc2","at":1.0}],"road_surface":[{"value":"paved","between":null}],"sources":[{"property":"","dataset":"OpenStreetMap","license":"ODbL-1.0","record_id":"w209445911@4","update_time":"2024-04-29T10:02:54Z","confidence":null,"between":null}],"version":1}},
{"id":"6d696a41-f0c7-4a98-9a6e-8d46febefba9","type":"Feature","geometry":{"type":"LineString","coordinates":[[80.9504954,26.845475],[80.9507851,26.8458199],[80.9508776,26.84593],[80.9510954,26.8461893]]},"properties":{"subtype":"road","class":"residential","connectors":[{"connector_id":"aa3ba1d8-7983-4c29-8ec4-69b68f865fc2","at":0.0},{"connector_id":"248e1ac6-2dbb-46d7-bd74-b84629985937","at":0.482844459},{"connector_id":"d8d89685-9df4-491e-8ba3-31a8324ee239","at":0.636992129},{"connector_id":"c995ebf2-f3b4-402f-b930-7fc746cca998","at":1.0}],"road_surface":[{"value":"paved","between":null}],"sources":[{"property":"","dataset":"OpenStreetMap","license":"ODbL-1.0","record_id":"w210670035@3","update_time":"2022-06-06T14:38:55Z","confidence":null,"between":null}],"version":1}},
{"id":"0907f6a3-6b2f-4a2b-a20f-122300cb190d","type":"Feature","geometry":{"type":"LineString","coordinates":[[80.9513253,26.8452907],[80.9515304,26.8452988],[80.9518377,26.8453304],[80.9521669,26.8453886],[80.9528963,26.8455188],[80.953227,26.8456698],[80.9534487,26.8457167],[80.953523,26.8457014],[80.9536432,26.8456767],[80.9540109,26.8455882],[80.9543026,26.8455605],[80.9543587,26.8455607]]},"properties":{"subtype":"road","class":"footway","connectors":[{"connector_id":"8c908714-a970-444c-bd8a-9b60c8f34596","at":0.0},{"connector_id":"2ebb9958-ab71-4280-bd9e-db62985c5a5f","at":0.272273974},{"connector_id":"fd0051f6-5fa1-44b0-861e-65d10fea6ac4","at":0.726667855},{"connector_id":"02a4b405-a1d4-4296-9bd8-641181dbe79c","at":1.0}],"road_surface":[{"value":"paved","between":null}],"access_restrictions":[{"access_type":"allowed","when":{"during":null,"heading":null,"using":null,"recognized":["as_private"],"mode":null,"vehicle":null},"between":null}],"sources":[{"property":"","dataset":"OpenStreetMap","license":"ODbL-1.0","record_id":"w212876831@3","update_time":"2021-08-10T00:12:22Z","confidence":null,"between":null}],"version":1}},
{"id":"fa467766-4808-42e7-a13f-d23b5839138d","type":"Feature","geometry":{"type":"LineString","coordinates":[[80.9504954,26.845475],[80.9507366,26.8454168],[80.9513253,26.8452907],[80.9513576,26.8454089],[80.9518088,26.8460671],[80.9520292,26.8463479],[80.952685,26.8470338],[80.9527321,26.8471364],[80.9523852,26.8472756],[80.952161,26.8473656]]},"properties":{"subtype":"road","class":"residential","connectors":[{"connector_id":"aa3ba1d8-7983-4c29-8ec4-69b68f865fc2","at":0.0},{"connector_id":"ba925368-ec11-4eb6-9d48-45e03ab7452d","at":0.062574581},{"connector_id":"8c908714-a970-444c-bd8a-9b60c8f34596","at":0.214205216},{"connector_id":"4d4c9678-7c1a-4e35-ac78-81cbf2e08585","at":0.93846537},{"connector_id":"880631dc-3ade-4e3c-bcfe-0bb24aa7f8fb","at":1.0}],"road_surface":[{"value":"paved","between":null}],"sources":[{"property":"","dataset":"OpenStreetMap","license":"ODbL-1.0","record_id":"w209445911@4","update_time":"2024-04-29T10:02:54Z","confidence":null,"between":[0.0,0.214202051]},{"property":"","dataset":"OpenStreetMap","license":"ODbL-1.0","record_id":"w210669988@3","update_time":"2021-08-10T00:12:22Z","confidence":null,"between":[0.214202051,0.843272489]},{"property":"","dataset":"OpenStreetMap","license":"ODbL-1.0","record_id":"w212876852@4","update_time":"2022-06-17T06:04:52Z","confidence":null,"between":[0.843272489,1.0]}],"version":1}},
{"id":"51062c83-bc6e-46ea-9043-30fda2df95f7","type":"Feature","geometry":{"type":"LineString","coordinates":[[80.9507366,26.8454168],[80.9513151,26.8461008],[80.9519407,26.8468018],[80.9523852,26.8472756]]},"properties":{"subtype":"road","class":"service","connectors":[{"connector_id":"ba925368-ec11-4eb6-9d48-45e03ab7452d","at":0.0},{"connector_id":"4d4c9678-7c1a-4e35-ac78-81cbf2e08585","at":1.0}],"road_surface":[{"value":"paved","between":null}],"sources":[{"property":"","dataset":"OpenStreetMap","license":"ODbL-1.0","record_id":"w210670039@1","update_time":"2013-03-17T23:32:00Z","confidence":null,"between":null}],"version":1}},
{"id":"875a7edb-dd30-494d-bc4d-1a7bc92c043e","type":"Feature","geometry":{"type":"LineString","coordinates":[[80.9515913,26.8467419],[80.9518376,26.8470116],[80.952161,26.8473656]]},"properties":{"subtype":"road","class":"residential","connectors":[{"connector_id":"1da22366-9831-49a3-a456-05744db407d1","at":0.0},{"connector_id":"619fdfba-b13f-49b2-9614-fadb15033735","at":0.432384902},{"connector_id":"880631dc-3ade-4e3c-bcfe-0bb24aa7f8fb","at":1.0}],"road_surface":[{"value":"paved","between":null}],"sources":[{"property":"","dataset":"OpenStreetMap","license":"ODbL-1.0","record_id":"w210670035@3","update_time":"2022-06-06T14:38:55Z","confidence":null,"between":null}],"version":1}},
{"id":"225f9947-aea8-4c30-b837-8d0e9cf0b5a0","type":"Feature","geometry":{"type":"LineString","coordinates":[[80.9513509,26.8473852],[80.9518376,26.8470116]]},"properties":{"subtype":"road","class":"service","connectors":[{"connector_id":"298f9600-5ff6-4756-99f6-dc5d57056440","at":0.0},{"connector_id":"619fdfba-b13f-49b2-9614-fadb15033735","at":1.0}],"road_surface":[{"value":"paved","between":null}],"sources":[{"property":"","dataset":"OpenStreetMap","license":"ODbL-1.0","record_id":"w210669973@1","update_time":"2013-03-17T23:31:52Z","confidence":null,"between":null}],"version":1}},
{"id":"27c59515-d513-4e33-95fb-9f3b64b5f329","type":"Feature","geometry":{"type":"LineString","coordinates":[[80.952161,26.8473656],[80.9515973,26.8475976]]},"properties":{"subtype":"road","class":"residential","connectors":[{"connector_id":"880631dc-3ade-4e3c-bcfe-0bb24aa7f8fb","at":0.0},{"connector_id":"7e706d69-d6d5-4d72-8040-ec16352fd396","at":1.0}],"road_surface":[{"value":"paved","between":null}],"sources":[{"property":"","dataset":"OpenStreetMap","license":"ODbL-1.0","record_id":"w212876852@4","update_time":"2022-06-17T06:04:52Z","confidence":null,"between":null}],"version":1}},
{"id":"586297e0-2849-42ff-a2a5-e83b1122bcd7","type":"Feature","geometry":{"type":"LineString","coordinates":[[80.9538785,26.8467033],[80.9538891,26.8466893],[80.9538891,26.846673],[80.9538859,26.8466624],[80.9538771,26.8466466],[80.9538639,26.8466375],[80.9538475,26.8466318],[80.9538269,26.8466296]]},"properties":{"subtype":"road","class":"footway","connectors":[{"connector_id":"b186bda2-bc8f-4570-834c-9ddd7c652465","at":0.0},{"connector_id":"8def06e9-d14a-4000-8db8-d1b2d7d0177d","at":1.0}],"sources":[{"property":"","dataset":"OpenStreetMap","license":"ODbL-1.0","record_id":"w971772577@1","update_time":"2021-08-09T20:29:27Z","confidence":null,"between":null}],"version":1}},
{"id":"629a2078-fbf3-47ea-acf2-696f1bb2a808","type":"Feature","geometry":{"type":"LineString","coordinates":[[80.9553383,26.8473125],[80.9553317,26.8473852],[80.955342,26.847703],[80.9552845,26.8478024],[80.955104,26.847919],[80.9548084,26.8480509],[80.9545827,26.8480943],[80.9544038,26.848011],[80.9538903,26.8476014],[80.9537133,26.8474001],[80.9534196,26.8469228],[80.9533963,26.846892],[80.953299,26.8467632],[80.9529391,26.8464404],[80.9525754,26.8461471],[80.9524042,26.8459891],[80.9523244,26.8458642],[80.952268,26.8456542],[80.9522311,26.8455049],[80.9521669,26.8454303],[80.9521669,26.8453886]]},"properties":{"subtype":"road","class":"footway","connectors":[{"connector_id":"2ae79681-dd74-4e81-9515-47a303144abc","at":0.0},{"connector_id":"ce0db0bd-374d-4a86-8bb9-4b4851b40a1b","at":0.5967718},{"connector_id":"2ebb9958-ab71-4280-bd9e-db62985c5a5f","at":1.0}],"road_surface":[{"value":"paved","between":null}],"access_restrictions":[{"access_type":"allowed","when":{"during":null,"heading":null,"using":null,"recognized":["as_private"],"mode":null,"vehicle":null},"between":null}],"sources":[{"property":"","dataset":"OpenStreetMap","license":"ODbL-1.0","record_id":"w212876850@3","update_time":"2021-08-10T00:12:22Z","confidence":null,"between":null}],"version":1}},
{"id":"7d361bce-3cce-41d0-bebb-133f8d8d0cf1","type":"Feature","geometry":{"type":"LineString","coordinates":[[80.9542158,26.846557],[80.9541939,26.8465551],[80.9541744,26.8465423],[80.9541617,26.8465256],[80.9541543,26.8465087],[80.9541564,26.8464879],[80.9541663,26.846464]]},"properties":{"subtype":"road","class":"footway","connectors":[{"connector_id":"d45b117c-20b9-4985-bce6-c78cf9cc6348","at":0.0},{"connector_id":"9e7d02d2-608d-4a8a-a3eb-1309b432601c","at":1.0}],"sources":[{"property":"","dataset":"OpenStreetMap","license":"ODbL-1.0","record_id":"w971772575@1","update_time":"2021-08-09T20:29:27Z","confidence":null,"between":null}],"version":1}},
{"id":"403dd193-79b5-421e-b01e-bf7e4eb90032","type":"Feature","geometry":{"type":"LineString","coordinates":[[80.9543232,26.8471269],[80.9543544,26.8471022],[80.9543707,26.8470774],[80.9543692,26.8470532],[80.9541878,26.8467192],[80.9541721,26.8466903],[80.9541757,26.8466549],[80.95418,26.846617],[80.9541928,26.8465873],[80.9542158,26.846557],[80.954503,26.846428],[80.9545262,26.8464063],[80.9545352,26.8463831],[80.9545255,26.8463511]]},"properties":{"subtype":"road","class":"footway","connectors":[{"connector_id":"3d57d8e8-b0b3-4197-b5a8-5150bb0611f1","at":0.0},{"connector_id":"5c0884c3-2cac-44d0-9762-bea28d5d3f59","at":0.456369577},{"connector_id":"d45b117c-20b9-4985-bce6-c78cf9cc6348","at":0.628580242},{"connector_id":"a68a616f-6926-4b7e-8674-c395e2ab1ee7","at":1.0}],"sources":[{"property":"","dataset":"OpenStreetMap","license":"ODbL-1.0","record_id":"w971772573@1","update_time":"2021-08-09T20:29:27Z","confidence":null,"between":null}],"version":1}},
{"id":"a202bc5b-2e74-44f9-9f4c-5f8313bf2ad6","type":"Feature","geometry":{"type":"LineString","coordinates":[[80.9540702,26.8467699],[80.9540723,26.8467485],[80.9540779,26.8467328],[80.9540945,26.8467188],[80.9541118,26.8467106],[80.9541324,26.8467043],[80.9541599,26.8467099],[80.9541878,26.8467192]]},"properties":{"subtype":"road","class":"footway","connectors":[{"connector_id":"eda16554-2824-4461-9e99-4add828c680d","at":0.0},{"connector_id":"5c0884c3-2cac-44d0-9762-bea28d5d3f59","at":1.0}],"sources":[{"property":"","dataset":"OpenStreetMap","license":"ODbL-1.0","record_id":"w971772574@1","update_time":"2021-08-09T20:29:27Z","confidence":null,"between":null}],"version":1}},
{"id":"9e07b685-31d6-4f0e-9c39-710f9d0371da","type":"Feature","geometry":{"type":"LineString","coordinates":[[80.9535733,26.8468016],[80.9535932,26.8468173],[80.95361749999999,26.8468248],[80.9538785,26.8467033],[80.9539349,26.8467045],[80.9539879,26.8467138],[80.9540445,26.8467406],[80.9540702,26.8467699],[80.9542453,26.8470959],[80.9542687,26.8471132],[80.954296,26.8471254],[80.9543232,26.8471269],[80.9544175,26.8473056]]},"properties":{"subtype":"road","class":"footway","connectors":[{"connector_id":"cffcaf88-c21e-460a-b7b3-dc308ef4967f","at":0.0},{"connector_id":"b186bda2-bc8f-4570-834c-9ddd7c652465","at":0.271755876},{"connector_id":"eda16554-2824-4461-9e99-4add828c680d","at":0.441270219},{"connector_id":"3d57d8e8-b0b3-4197-b5a8-5150bb0611f1","at":0.827012575},{"connector_id":"a3f20b5f-d71a-486f-8c71-fc049febf4fb","at":1.0}],"sources":[{"property":"","dataset":"OpenStreetMap","license":"ODbL-1.0","record_id":"w971772572@1","update_time":"2021-08-09T20:29:27Z","confidence":null,"between":null}],"version":1}},
{"id":"4195dc4a-d5d3-4bd1-b57e-0659d7466afb","type":"Feature","geometry":{"type":"LineString","coordinates":[[80.9538798,26.8464394],[80.9538943,26.8464433],[80.9539088,26.846446],[80.9539223,26.8464475],[80.9539374,26.846443],[80.9539487,26.8464371],[80.9539609,26.8464289],[80.953967,26.846418],[80.9539764,26.8463982]]},"properties":{"subtype":"road","class":"footway","connectors":[{"connector_id":"64d7218e-fc71-4f2c-8433-780a931d5642","at":0.0},{"connector_id":"86a4ef6b-4ee5-4c30-a7b2-1597cac1be0d","at":1.0}],"sources":[{"property":"","dataset":"OpenStreetMap","license":"ODbL-1.0","record_id":"w971772576@1","update_time":"2021-08-09T20:29:27Z","confidence":null,"between":null}],"version":1}},
{"id":"c7433758-fc13-41c6-a47f-21832aa8d788","type":"Feature","geometry":{"type":"LineString","coordinates":[[80.9536884,26.8460248],[80.9536674,26.8460412],[80.9536621,26.8460642],[80.9536577,26.8460872],[80.9538798,26.8464394],[80.9538807,26.8464716],[80.9538781,26.8465071],[80.9538679,26.8465434],[80.9538543,26.8466015],[80.9538269,26.8466296],[80.9535704,26.8467515],[80.9535686,26.8467783],[80.9535733,26.8468016],[80.9533963,26.846892]]},"properties":{"subtype":"road","class":"footway","connectors":[{"connector_id":"04113e9f-3334-4280-b9d6-d58fd108b9a0","at":0.0},{"connector_id":"64d7218e-fc71-4f2c-8433-780a931d5642","at":0.406530114},{"connector_id":"8def06e9-d14a-4000-8db8-d1b2d7d0177d","at":0.578822092},{"connector_id":"cffcaf88-c21e-460a-b7b3-dc308ef4967f","at":0.84410704},{"connector_id":"ce0db0bd-374d-4a86-8bb9-4b4851b40a1b","at":1.0}],"sources":[{"property":"","dataset":"OpenStreetMap","license":"ODbL-1.0","record_id":"w971772571@1","update_time":"2021-08-09T20:29:27Z","confidence":null,"between":null}],"version":1}},
{"id":"511653b6-f1bb-418c-b4d2-68504d5d3c10","type":"Feature","geometry":{"type":"LineString","coordinates":[[80.953523,26.8457014],[80.9536884,26.8460248],[80.9537257,26.846024],[80.9537604,26.8460339],[80.9539764,26.8463982],[80.9540066,26.8464241],[80.9540434,26.8464386],[80.9540759,26.8464511],[80.9541127,26.8464675],[80.9541663,26.846464],[80.9544433,26.8463325],[80.9544785,26.8463299],[80.9545038,26.8463344],[80.9545255,26.8463511],[80.9548639,26.8461933]]},"properties":{"subtype":"road","class":"footway","connectors":[{"connector_id":"fd0051f6-5fa1-44b0-861e-65d10fea6ac4","at":0.0},{"connector_id":"04113e9f-3334-4280-b9d6-d58fd108b9a0","at":0.20583884},{"connector_id":"86a4ef6b-4ee5-4c30-a7b2-1597cac1be0d","at":0.482800622},{"connector_id":"9e7d02d2-608d-4a8a-a3eb-1309b432601c","at":0.592901751},{"connector_id":"a68a616f-6926-4b7e-8674-c395e2ab1ee7","at":0.802083769},{"connector_id":"c8cdef18-99ff-4c7b-ba4b-1ea05c769040","at":1.0}],"sources":[{"property":"","dataset":"OpenStreetMap","license":"ODbL-1.0","record_id":"w971772570@1","update_time":"2021-08-09T20:29:27Z","confidence":null,"between":null}],"version":1}},
{"id":"61276181-2d33-4be8-a9bd-9e8348ef86d9","type":"Feature","geometry":{"type":"LineString","coordinates":[[80.9546333,26.8459319],[80.9546648,26.8458869],[80.9547076,26.8458065],[80.9547363,26.8457339],[80.9547637,26.8456456],[80.9547822,26.8455503],[80.9547975,26.8454728],[80.9547958,26.8453945],[80.9547736,26.8453125],[80.9547319,26.8452552],[80.9546913,26.8452087],[80.9546447,26.8451736],[80.9545787,26.8451142],[80.9544992,26.8450503],[80.9544187,26.8449967],[80.9543004,26.8449005]]},"properties":{"subtype":"road","class":"footway","connectors":[{"connector_id":"5c146ce2-f9d3-485d-864f-8f478076542f","at":0.0},{"connector_id":"3178fb30-b404-4093-bcf2-30322f3d5146","at":1.0}],"sources":[{"property":"","dataset":"OpenStreetMap","license":"ODbL-1.0","record_id":"w971772578@1","update_time":"2021-08-10T00:12:22Z","confidence":null,"between":null}],"version":1}},
{"id":"6077737e-809e-41b6-b081-3827321c9e8a","type":"Feature","geometry":{"type":"LineString","coordinates":[[80.9514239,26.8425728],[80.9515397,26.8426469],[80.9515955,26.8426827],[80.9521333,26.8428913],[80.9524882,26.8429895],[80.9528656,26.8430393],[80.9531704,26.8430849],[80.953225,26.8431076],[80.9534903,26.8433696],[80.9540298,26.8439025],[80.9540358,26.8439137],[80.9541554,26.8441367],[80.954251,26.8443779],[80.954298,26.8447014],[80.9543004,26.8449005],[80.9543393,26.8454288],[80.9543587,26.8455607],[80.9544408,26.8456802],[80.9546333,26.8459319],[80.9548639,26.8461933],[80.9550788,26.8464369],[80.9551643,26.8466191],[80.9552752,26.8470894],[80.9553303,26.8472993],[80.9553383,26.8473125],[80.9556973,26.8477749],[80.9557754,26.8478863],[80.9558711,26.8480228]]},"properties":{"subtype":"road","class":"service","connectors":[{"connector_id":"932b4b97-052f-48a9-98ae-773f66543f22","at":0.0},{"connector_id":"74478c25-2766-4b54-b086-69527e2c7f05","at":0.282195824},{"connector_id":"de9c9448-b9f0-40eb-83c9-93dfd265635b","at":0.381774722},{"connector_id":"3178fb30-b404-4093-bcf2-30322f3d5146","at":0.521676593},{"connector_id":"02a4b405-a1d4-4296-9bd8-641181dbe79c","at":0.611765889},{"connector_id":"5c146ce2-f9d3-485d-864f-8f478076542f","at":0.672361784},{"connector_id":"c8cdef18-99ff-4c7b-ba4b-1ea05c769040","at":0.717691357},{"connector_id":"2ae79681-dd74-4e81-9515-47a303144abc","at":0.883552196},{"connector_id":"fb66a148-59bc-4cc8-99e7-7e76c0065ee1","at":1.0}],"road_surface":[{"value":"paved","between":null}],"access_restrictions":[{"access_type":"allowed","when":{"during":null,"heading":null,"using":null,"recognized":["as_private"],"mode":null,"vehicle":null},"between":null}],"sources":[{"property":"","dataset":"OpenStreetMap","license":"ODbL-1.0","record_id":"w212876851@5","update_time":"2023-08-03T05:20:25Z","confidence":null,"between":null}],"version":2}},
{"id":"dbc79cd4-8115-49b3-a5f8-760288389e76","type":"Feature","geometry":{"type":"LineString","coordinates":[[80.9499134,26.8438341],[80.9500437,26.8440117],[80.9501701,26.8441621],[80.950213,26.8441788],[80.9502539,26.8441812],[80.9503684,26.8441565],[80.950901,26.8440771],[80.9509392,26.8440915],[80.9509439,26.8441256],[80.9509245,26.8441609],[80.9505396,26.8444876],[80.9505268,26.8445312],[80.9505335,26.8445785],[80.9505768,26.8446348],[80.9506336,26.8446822],[80.9507535,26.84476],[80.9509691,26.844794],[80.9511672,26.8447762],[80.9513584,26.8447344],[80.9516789,26.8446055],[80.9519779,26.8444241],[80.9523507,26.8442231],[80.9527326,26.8440345],[80.952914,26.8439248],[80.9531682,26.8438032],[80.9533303,26.8436485],[80.9534903,26.8433696],[80.9537011,26.8434031],[80.9538379,26.8434306],[80.95395860000001,26.8434785],[80.9540551,26.8435515],[80.9541369,26.8435922],[80.9542281,26.8436281],[80.9542796,26.8436629],[80.9543625,26.8437333]]},"properties":{"subtype":"road","class":"unknown","connectors":[{"connector_id":"b4bba9f7-7530-47ab-bfcf-bc3d6e7ca647","at":0.0},{"connector_id":"74478c25-2766-4b54-b086-69527e2c7f05","at":0.849189784},{"connector_id":"33364309-7707-49a8-822e-106a45602154","at":1.0}],"sources":[{"property":"","dataset":"TomTom","license":"ODbL-1.0","record_id":null,"update_time":null,"confidence":null,"between":null}],"version":1}},
{"id":"e49bf644-7e2b-4b40-9528-f38ea1a35389","type":"Feature","geometry":{"type":"LineString","coordinates":[[80.9544022,26.8438147],[80.9542858,26.8438307],[80.954101,26.843892],[80.9540553,26.8439072],[80.9540358,26.8439137]]},"properties":{"subtype":"road","class":"unknown","connectors":[{"connector_id":"e281ee7b-c271-4108-a49c-f8d77652a245","at":0.0},{"connector_id":"de9c9448-b9f0-40eb-83c9-93dfd265635b","at":1.0}],"sources":[{"property":"","dataset":"TomTom","license":"ODbL-1.0","record_id":null,"update_time":null,"confidence":null,"between":null}],"version":1}},
{"id":"ac0afff7-879c-492d-80a9-68bf621ec5ee","type":"Feature","geometry":{"type":"LineString","coordinates":[[80.9543625,26.8437333],[80.9544022,26.8438147]]},"properties":{"subtype":"road","class":"unknown","connectors":[{"connector_id":"33364309-7707-49a8-822e-106a45602154","at":0.0},{"connector_id":"e281ee7b-c271-4108-a49c-f8d77652a245","at":1.0}],"sources":[{"property":"","dataset":"TomTom","license":"ODbL-1.0","record_id":null,"update_time":null,"confidence":null,"between":null}],"version":1}},
{"id":"950c1fd9-5e72-4534-af58-b78460960781","type":"Feature","geometry":{"type":"LineString","coordinates":[[80.9543625,26.8437333],[80.9545324,26.8436007]]},"properties":{"subtype":"road","class":"unknown","connectors":[{"connector_id":"33364309-7707-49a8-822e-106a45602154","at":0.0},{"connector_id":"77a8da5a-8f94-4151-a016-96c511fcfff0","at":1.0}],"sources":[{"property":"","dataset":"TomTom","license":"ODbL-1.0","record_id":null,"update_time":null,"confidence":null,"between":null}],"version":1}},
{"id":"0f3f8e92-e1e4-41a8-92e0-983a1fc91f3a","type":"Feature","geometry":{"type":"LineString","coordinates":[[80.9525842,26.8418275],[80.9524721,26.841849],[80.9521584,26.8419182]]},"properties":{"names":{"primary":"La Martiniere Marg","common":null,"rules":[{"variant":"common","language":null,"perspectives":null,"value":"La Martiniere Marg","between":null,"side":null}]},"subtype":"road","class":"residential","connectors":[{"connector_id":"2c2eef74-d83b-4e0a-a71c-1946f8a84908","at":0.0},{"connector_id":"4f5291a7-0c26-40b7-9cc3-fa9b37e7677b","at":1.0}],"road_surface":[{"value":"paved","between":null}],"sources":[{"property":"","dataset":"OpenStreetMap","license":"ODbL-1.0","record_id":"w212876901@3","update_time":"2025-08-01T06:37:47Z","confidence":null,"between":null}],"version":2}},
{"id":"58db38fe-b3bb-4955-9b30-bfbc3c444b12","type":"Feature","geometry":{"type":"LineString","coordinates":[[80.9521584,26.8419182],[80.9521295,26.8418804],[80.952091,26.8418497],[80.9520446,26.8418295]]},"properties":{"subtype":"road","class":"secondary","connectors":[{"connector_id":"4f5291a7-0c26-40b7-9cc3-fa9b37e7677b","at":0.0},{"connector_id":"deb1d67f-1128-41af-8338-11135d94831c","at":1.0}],"road_surface":[{"value":"paved","between":null}],"sources":[{"property":"","dataset":"OpenStreetMap","license":"ODbL-1.0","record_id":"w209445932@3","update_time":"2025-08-01T06:37:47Z","confidence":null,"between":null}],"version":2}},
{"id":"36ad559d-816f-4703-ba23-67ed739e4d0a","type":"Feature","geometry":{"type":"LineString","coordinates":[[80.9520446,26.8418295],[80.9520093,26.8418223],[80.951973,26.8418213]]},"properties":{"subtype":"road","class":"secondary","connectors":[{"connector_id":"deb1d67f-1128-41af-8338-11135d94831c","at":0.0},{"connector_id":"b364ff68-502b-4b24-8bdb-36c05b2f28f3","at":1.0}],"road_surface":[{"value":"paved","between":null}],"sources":[{"property":"","dataset":"OpenStreetMap","license":"ODbL-1.0","record_id":"w209445932@3","update_time":"2025-08-01T06:37:47Z","confidence":null,"between":null}],"version":1}},
{"id":"7686e2e3-a683-415d-93f3-2613c872295f","type":"Feature","geometry":{"type":"LineString","coordinates":[[80.951973,26.8418213],[80.951919,26.8418316],[80.9518706,26.8418554],[80.9518319,26.8418907],[80.9518063,26.8419344],[80.9517959,26.8419828],[80.9517934,26.8420331]]},"properties":{"subtype":"road","class":"secondary","connectors":[{"connector_id":"b364ff68-502b-4b24-8bdb-36c05b2f28f3","at":0.0},{"connector_id":"0f4efed1-0bf1-4587-ab91-9332ea40fc84","at":1.0}],"road_surface":[{"value":"paved","between":null}],"sources":[{"property":"","dataset":"OpenStreetMap","license":"ODbL-1.0","record_id":"w209445932@3","update_time":"2025-08-01T06:37:47Z","confidence":null,"between":null}],"version":2}},
{"id":"4a4b0d03-e23b-4a1b-8107-361ab8aa39fb","type":"Feature","geometry":{"type":"LineString","coordinates":[[80.9516217,26.8415686],[80.9516588,26.8417112],[80.9517419,26.8418649],[80.9517934,26.8420331]]},"properties":{"names":{"primary":"Lohia Path","common":null,"rules":[{"variant":"common","language":null,"perspectives":null,"value":"Lohia Path","between":null,"side":null}]},"subtype":"road","class":"secondary","connectors":[{"connector_id":"f961a597-0771-42c8-a69c-c6e3286123fe","at":0.0},{"connector_id":"0f4efed1-0bf1-4587-ab91-9332ea40fc84","at":1.0}],"road_surface":[{"value":"paved","between":null}],"access_restrictions":[{"access_type":"denied","when":{"during":null,"heading":"backward","using":null,"recognized":null,"mode":null,"vehicle":null},"between":null}],"sources":[{"property":"","dataset":"OpenStreetMap","license":"ODbL-1.0","record_id":"w209445904@4","update_time":"2025-08-01T06:36:58Z","confidence":null,"between":null}],"version":2}},
{"id":"7354b25c-7481-489c-93be-b0c53d4d5f80","type":"Feature","geometry":{"type":"LineString","coordinates":[[80.951973,26.8418213],[80.9518137,26.8417433],[80.9517059,26.8416272],[80.9516217,26.8415686]]},"properties":{"names":{"primary":"Lohia Path","common":null,"rules":[{"variant":"common","language":null,"perspectives":null,"value":"Lohia Path","between":null,"side":null}]},"subtype":"road","class":"secondary","connectors":[{"connector_id":"b364ff68-502b-4b24-8bdb-36c05b2f28f3","at":0.0},{"connector_id":"f961a597-0771-42c8-a69c-c6e3286123fe","at":1.0}],"road_surface":[{"value":"paved","between":null}],"access_restrictions":[{"access_type":"denied","when":{"during":null,"heading":"backward","using":null,"recognized":null,"mode":null,"vehicle":null},"between":null}],"sources":[{"property":"","dataset":"OpenStreetMap","license":"ODbL-1.0","record_id":"w209445906@4","update_time":"2025-06-06T09:55:43Z","confidence":null,"between":null}],"version":1}},
{"id":"8bac3670-0af5-4e82-968e-0f9fed1ba96c","type":"Feature","geometry":{"type":"LineString","coordinates":[[80.9517934,26.8420331],[80.9518179,26.8420694],[80.9518436,26.8421024],[80.9518773,26.8421291],[80.9519171,26.8421479],[80.9519608,26.8421577],[80.9520059,26.8421581],[80.9520497,26.8421491]]},"properties":{"subtype":"road","class":"secondary","connectors":[{"connector_id":"0f4efed1-0bf1-4587-ab91-9332ea40fc84","at":0.0},{"connector_id":"f3d35f8b-c6ba-4673-817a-39af7d5a1f18","at":1.0}],"road_surface":[{"value":"paved","between":null}],"sources":[{"property":"","dataset":"OpenStreetMap","license":"ODbL-1.0","record_id":"w209445932@3","update_time":"2025-08-01T06:37:47Z","confidence":null,"between":null}],"version":2}},
{"id":"9d132ba8-6908-4466-8789-d3295838f422","type":"Feature","geometry":{"type":"LineString","coordinates":[[80.9517934,26.8420331],[80.9517339,26.8421187],[80.9516145,26.8423499],[80.9515698,26.842445],[80.9515507,26.8424855]]},"properties":{"names":{"primary":"Park Lane","common":null,"rules":[{"variant":"common","language":null,"perspectives":null,"value":"Park Lane","between":null,"side":null}]},"subtype":"road","class":"tertiary","connectors":[{"connector_id":"0f4efed1-0bf1-4587-ab91-9332ea40fc84","at":0.0},{"connector_id":"18fe015d-0d57-452d-8e5d-2c62c95682c0","at":0.912550814},{"connector_id":"95a10754-ddbd-4a38-8a64-29e1ccc14b7c","at":1.0}],"road_surface":[{"value":"paved","between":null}],"access_restrictions":[{"access_type":"denied","when":{"during":null,"heading":"backward","using":null,"recognized":null,"mode":null,"vehicle":null},"between":null}],"sources":[{"property":"","dataset":"OpenStreetMap","license":"ODbL-1.0","record_id":"w209445908@2","update_time":"2025-08-01T06:36:58Z","confidence":null,"between":null}],"version":3}},
{"id":"8c61010b-5985-45db-b07e-02907cb5295e","type":"Feature","geometry":{"type":"LineString","coordinates":[[80.9515507,26.8424855],[80.9516971,26.8423862],[80.9517719,26.8423354],[80.9520497,26.8421491]]},"properties":{"names":{"primary":"Park Lane","common":null,"rules":[{"variant":"common","language":null,"perspectives":null,"value":"Park Lane","between":null,"side":null}]},"subtype":"road","class":"tertiary","connectors":[{"connector_id":"95a10754-ddbd-4a38-8a64-29e1ccc14b7c","at":0.0},{"connector_id":"f3d35f8b-c6ba-4673-817a-39af7d5a1f18","at":1.0}],"road_surface":[{"value":"paved","between":null}],"access_restrictions":[{"access_type":"denied","when":{"during":null,"heading":"backward","using":null,"recognized":null,"mode":null,"vehicle":null},"between":null}],"sources":[{"property":"","dataset":"OpenStreetMap","license":"ODbL-1.0","record_id":"w209445909@2","update_time":"2025-06-06T09:55:43Z","confidence":null,"between":null}],"version":1}},
{"id":"13184f83-00bc-44c7-bd39-cbf17a2452f6","type":"Feature","geometry":{"type":"LineString","coordinates":[[80.9520497,26.8421491],[80.9520803,26.8421363],[80.9521078,26.842119],[80.9521315,26.8420976]]},"properties":{"subtype":"road","class":"secondary","connectors":[{"connector_id":"f3d35f8b-c6ba-4673-817a-39af7d5a1f18","at":0.0},{"connector_id":"6aebfefe-e33f-4851-807a-cbd723bc6e22","at":1.0}],"road_surface":[{"value":"paved","between":null}],"sources":[{"property":"","dataset":"OpenStreetMap","license":"ODbL-1.0","record_id":"w209445932@3","update_time":"2025-08-01T06:37:47Z","confidence":null,"between":null}],"version":1}},
{"id":"49041c08-db9e-44e4-a094-08e37fde78bb","type":"Feature","geometry":{"type":"LineString","coordinates":[[80.9521315,26.8420976],[80.9521546,26.8420659],[80.9521693,26.8420304],[80.9521747,26.8419928],[80.9521707,26.8419551],[80.9521584,26.8419182]]},"properties":{"subtype":"road","class":"secondary","connectors":[{"connector_id":"6aebfefe-e33f-4851-807a-cbd723bc6e22","at":0.0},{"connector_id":"4f5291a7-0c26-40b7-9cc3-fa9b37e7677b","at":1.0}],"road_surface":[{"value":"paved","between":null}],"sources":[{"property":"","dataset":"OpenStreetMap","license":"ODbL-1.0","record_id":"w209445932@3","update_time":"2025-08-01T06:37:47Z","confidence":null,"between":null}],"version":2}},
{"id":"396aef2b-ad5d-418e-a603-ce60b4e30684","type":"Feature","geometry":{"type":"LineString","coordinates":[[80.9525843,26.8420412],[80.9523727,26.8419871],[80.9521584,26.8419182]]},"properties":{"names":{"primary":"Lohia Path","common":null,"rules":[{"variant":"common","language":null,"perspectives":null,"value":"Lohia Path","between":null,"side":null}]},"subtype":"road","class":"secondary","connectors":[{"connector_id":"fb6ea980-aab4-402a-8ed6-0d692511edac","at":0.0},{"connector_id":"4f5291a7-0c26-40b7-9cc3-fa9b37e7677b","at":1.0}],"road_surface":[{"value":"paved","between":null}],"access_restrictions":[{"access_type":"denied","when":{"during":null,"heading":"backward","using":null,"recognized":null,"mode":null,"vehicle":null},"between":null}],"speed_limits":[{"min_speed":null,"max_speed":{"value":40,"unit":"km/h"},"is_max_speed_variable":null,"when":null,"between":null}],"sources":[{"property":"","dataset":"OpenStreetMap","license":"ODbL-1.0","record_id":"w209445903@12","update_time":"2025-08-01T06:37:47Z","confidence":null,"between":null}],"version":2}},
{"id":"08ac34f2-a063-4eb8-9bdc-58da45168145","type":"Feature","geometry":{"type":"LineString","coordinates":[[80.9525843,26.8420412],[80.9525347,26.8419762],[80.9525334,26.8419192],[80.9525654,26.8418585],[80.9525842,26.8418275]]},"properties":{"subtype":"road","class":"secondary","subclass":"link","subclass_rules":[{"value":"link","between":null}],"connectors":[{"connector_id":"fb6ea980-aab4-402a-8ed6-0d692511edac","at":0.0},{"connector_id":"2c2eef74-d83b-4e0a-a71c-1946f8a84908","at":1.0}],"road_surface":[{"value":"paved","between":null}],"road_flags":[{"values":["is_link"],"between":null}],"access_restrictions":[{"access_type":"denied","when":{"during":null,"heading":"backward","using":null,"recognized":null,"mode":null,"vehicle":null},"between":null}],"sources":[{"property":"","dataset":"OpenStreetMap","license":"ODbL-1.0","record_id":"w210670080@2","update_time":"2024-05-02T05:38:33Z","confidence":null,"between":null}],"version":1}},
{"id":"4e85d688-c47e-4324-a0cc-86746ed5e47b","type":"Feature","geometry":{"type":"LineString","coordinates":[[80.9506041,26.8431372],[80.951271,26.8426781]]},"properties":{"names":{"primary":"Park Road","common":null,"rules":[{"variant":"common","language":null,"perspectives":null,"value":"Park Road","between":null,"side":null}]},"subtype":"road","class":"tertiary","connectors":[{"connector_id":"29cc8670-e9e3-4e1e-9ab5-310ce1ba253d","at":0.0},{"connector_id":"81b23548-8e13-4a5c-8e01-53b657fa672b","at":1.0}],"road_surface":[{"value":"paved","between":null}],"sources":[{"property":"","dataset":"OpenStreetMap","license":"ODbL-1.0","record_id":"w209445910@12","update_time":"2024-04-29T10:02:54Z","confidence":null,"between":null}],"version":1}},
{"id":"12de729f-c7f4-45d5-bae2-929b5f4ab3cb","type":"Feature","geometry":{"type":"LineString","coordinates":[[80.951271,26.8426781],[80.9514239,26.8425728],[80.9515507,26.8424855]]},"properties":{"names":{"primary":"Park Road","common":null,"rules":[{"variant":"common","language":null,"perspectives":null,"value":"Park Road","between":null,"side":null}]},"subtype":"road","class":"tertiary","connectors":[{"connector_id":"81b23548-8e13-4a5c-8e01-53b657fa672b","at":0.0},{"connector_id":"932b4b97-052f-48a9-98ae-773f66543f22","at":0.546683638},{"connector_id":"95a10754-ddbd-4a38-8a64-29e1ccc14b7c","at":1.0}],"road_surface":[{"value":"paved","between":null}],"sources":[{"property":"","dataset":"OpenStreetMap","license":"ODbL-1.0","record_id":"w209445910@12","update_time":"2024-04-29T10:02:54Z","confidence":null,"between":null}],"version":1}},
{"id":"c521cfea-8270-4c98-a4ee-54d9768a1ad4","type":"Feature","geometry":{"type":"LineString","coordinates":[[80.9502695,26.8420313],[80.951271,26.8426781]]},"properties":{"subtype":"road","class":"residential","connectors":[{"connector_id":"ec5ee967-bc29-47a9-acbb-72a3085b4b49","at":0.0},{"connector_id":"81b23548-8e13-4a5c-8e01-53b657fa672b","at":1.0}],"road_surface":[{"value":"paved","between":null}],"sources":[{"property":"","dataset":"OpenStreetMap","license":"ODbL-1.0","record_id":"w210670098@1","update_time":"2013-03-17T23:32:05Z","confidence":null,"between":null}],"version":1}},
{"id":"1d2cd082-e1cd-4697-abcc-e312707be32a","type":"Feature","geometry":{"type":"LineString","coordinates":[[80.9502695,26.8420313],[80.950055,26.8423549]]},"properties":{"subtype":"road","class":"residential","connectors":[{"connector_id":"ec5ee967-bc29-47a9-acbb-72a3085b4b49","at":0.0},{"connector_id":"ffd32323-ade7-44e9-8e15-ca4f48a56dc6","at":1.0}],"road_surface":[{"value":"paved","between":null}],"sources":[{"property":"","dataset":"OpenStreetMap","license":"ODbL-1.0","record_id":"w210670009@1","update_time":"2013-03-17T23:31:56Z","confidence":null,"between":null}],"version":1}},
{"id":"57b83d53-3116-49fd-a88a-d2f99fcb0b15","type":"Feature","geometry":{"type":"LineString","coordinates":[[80.9496981,26.8419514],[80.94996,26.8423027],[80.950055,26.8423549]]},"properties":{"subtype":"road","class":"residential","connectors":[{"connector_id":"3196927d-7d78-4ca0-a1ca-8ce4e8eb0963","at":0.0},{"connector_id":"ffd32323-ade7-44e9-8e15-ca4f48a56dc6","at":1.0}],"road_surface":[{"value":"paved","between":null}],"sources":[{"property":"","dataset":"OpenStreetMap","license":"ODbL-1.0","record_id":"w210670033@1","update_time":"2013-03-17T23:31:59Z","confidence":null,"between":null}],"version":1}},
{"id":"9e5dee7f-63f6-4433-b3ad-da34e25c1f22","type":"Feature","geometry":{"type":"LineString","coordinates":[[80.949244,26.842328],[80.9492744,26.8422694],[80.9493598,26.8421431],[80.9493836,26.8421143],[80.9494009,26.8420957],[80.9494907,26.8420347],[80.9495263,26.842016],[80.9496225,26.8419643],[80.9496981,26.8419514],[80.9498681,26.841812]]},"properties":{"subtype":"road","class":"unknown","connectors":[{"connector_id":"274427e5-4acc-46c3-8e09-2836c0adbbdf","at":0.0},{"connector_id":"3196927d-7d78-4ca0-a1ca-8ce4e8eb0963","at":0.737376709},{"connector_id":"a7e59525-c581-4e6a-a9cb-a7ba484f4537","at":1.0}],"sources":[{"property":"","dataset":"TomTom","license":"ODbL-1.0","record_id":null,"update_time":null,"confidence":null,"between":null}],"version":1}},
{"id":"852b185a-1066-40f9-bc08-4db9249d53ee","type":"Feature","geometry":{"type":"LineString","coordinates":[[80.949244,26.842328],[80.9493038,26.8423636],[80.9498384,26.8426816]]},"properties":{"subtype":"road","class":"residential","connectors":[{"connector_id":"274427e5-4acc-46c3-8e09-2836c0adbbdf","at":0.0},{"connector_id":"0b570443-1960-4df8-87a7-8240927e45c3","at":0.100628077},{"connector_id":"9aa72d92-9dd5-4762-9247-aec7ba36463d","at":1.0}],"road_surface":[{"value":"paved","between":null}],"sources":[{"property":"","dataset":"OpenStreetMap","license":"ODbL-1.0","record_id":"w210670024@1","update_time":"2013-03-17T23:31:57Z","confidence":null,"between":null}],"version":2}},
{"id":"1f4afe7f-bb93-45c5-8263-379d3120db66","type":"Feature","geometry":{"type":"LineString","coordinates":[[80.950055,26.8423549],[80.9498384,26.8426816]]},"properties":{"subtype":"road","class":"residential","connectors":[{"connector_id":"ffd32323-ade7-44e9-8e15-ca4f48a56dc6","at":0.0},{"connector_id":"9aa72d92-9dd5-4762-9247-aec7ba36463d","at":1.0}],"road_surface":[{"value":"paved","between":null}],"sources":[{"property":"","dataset":"OpenStreetMap","license":"ODbL-1.0","record_id":"w210670009@1","update_time":"2013-03-17T23:31:56Z","confidence":null,"between":null}],"version":1}},
{"id":"f8eaaeda-8a14-42a4-8dd3-c8122fdf60b9","type":"Feature","geometry":{"type":"LineString","coordinates":[[80.9498384,26.8426816],[80.9506041,26.8431372]]},"properties":{"subtype":"road","class":"residential","connectors":[{"connector_id":"9aa72d92-9dd5-4762-9247-aec7ba36463d","at":0.0},{"connector_id":"29cc8670-e9e3-4e1e-9ab5-310ce1ba253d","at":1.0}],"road_surface":[{"value":"paved","between":null}],"sources":[{"property":"","dataset":"OpenStreetMap","license":"ODbL-1.0","record_id":"w210670024@1","update_time":"2013-03-17T23:31:57Z","confidence":null,"between":null}],"version":1}},
{"id":"57ac3146-2d5e-45bc-af55-7b3d2d92bb44","type":"Feature","geometry":{"type":"LineString","coordinates":[[80.9492914,26.8425875],[80.9495889,26.8432497]]},"properties":{"subtype":"road","class":"residential","connectors":[{"connector_id":"e5cf1903-0577-4793-8564-6fd7408b72f9","at":0.0},{"connector_id":"0b06c1f0-53b5-4b34-b5bd-064939c2276b","at":1.0}],"road_surface":[{"value":"paved","between":null}],"sources":[{"property":"","dataset":"OpenStreetMap","license":"ODbL-1.0","record_id":"w210670073@1","update_time":"2013-03-17T23:32:02Z","confidence":null,"between":null}],"version":1}},
{"id":"c53d8e1d-a50b-40ed-b219-59b2aa355c93","type":"Feature","geometry":{"type":"LineString","coordinates":[[80.9488474,26.8427306],[80.9492043,26.8426009],[80.9492914,26.8425875],[80.9493038,26.8423636]]},"properties":{"subtype":"road","class":"unknown","connectors":[{"connector_id":"ace819a1-6740-4018-bdaa-32b74c2d057c","at":0.0},{"connector_id":"e5cf1903-0577-4793-8564-6fd7408b72f9","at":0.654516098},{"connector_id":"0b570443-1960-4df8-87a7-8240927e45c3","at":1.0}],"sources":[{"property":"","dataset":"TomTom","license":"ODbL-1.0","record_id":null,"update_time":null,"confidence":null,"between":null}],"version":1}},
{"id":"4935ab89-57d8-4174-a754-36e142ba1e4a","type":"Feature","geometry":{"type":"LineString","coordinates":[[80.9468286,26.8438573],[80.9469424,26.8432095],[80.9471419,26.8424848],[80.94721,26.8422677],[80.9473835,26.8416745],[80.9475001,26.8414099],[80.9476484,26.8412143],[80.9477734,26.8410991],[80.9480038,26.8408661],[80.9485978,26.8403725]]},"properties":{"names":{"primary":"Mahatma Gandhi Marg","common":null,"rules":[{"variant":"common","language":null,"perspectives":null,"value":"Mahatma Gandhi Marg","between":[0.0,0.354038672],"side":null}]},"subtype":"road","class":"primary","connectors":[{"connector_id":"1d1206ba-e820-4d6a-a41a-4789964a20f0","at":0.0},{"connector_id":"f99c12d4-a9a1-45f1-8983-83c81b8473ca","at":0.354043754},{"connector_id":"27000e7a-ca37-49e1-8e6e-aad0b91133b1","at":0.73797668},{"connector_id":"9a1d360d-76f0-4408-87bc-1fb9bc330589","at":1.0}],"road_surface":[{"value":"paved","between":[0.0,0.354038672]}],"access_restrictions":[{"access_type":"denied","when":{"during":null,"heading":"backward","using":null,"recognized":null,"mode":null,"vehicle":null},"between":null}],"routes":[{"name":"National Highway 24B","network":"IN:NH","ref":null,"symbol":null,"wikidata":null,"between":[0.0,0.354038672]}],"sources":[{"property":"/routes","dataset":"OpenStreetMap","license":"ODbL-1.0","record_id":"r1425755@88","update_time":null,"confidence":null,"between":null},{"property":"","dataset":"OpenStreetMap","license":"ODbL-1.0","record_id":"w209442170@11","update_time":"2024-06-06T06:39:34Z","confidence":null,"between":[0.0,0.354038672]},{"property":"","dataset":"OpenStreetMap","license":"ODbL-1.0","record_id":"w1206879688@5","update_time":"2025-07-30T02:57:38Z","confidence":null,"between":[0.354038672,1.0]}],"version":1}},
{"id":"dbb2d45f-fe20-4308-831f-d52b1d96aa9a","type":"Feature","geometry":{"type":"LineString","coordinates":[[80.948372,26.8414248],[80.9484123,26.84149],[80.9484445,26.8415475],[80.9484619,26.841581],[80.948486,26.8416276],[80.9485115,26.8416456],[80.9485665,26.841654],[80.9486416,26.8416348],[80.9487596,26.8416097],[80.9488294,26.8415726],[80.9488843,26.8415223],[80.9489112,26.8414948],[80.9489615,26.8414637],[80.9490111,26.8414433],[80.9490922,26.84142],[80.9491298,26.8414122],[80.9492129,26.8413919],[80.9492759,26.8413871],[80.9492934,26.8413907]]},"properties":{"subtype":"road","class":"service","connectors":[{"connector_id":"adda9d10-7209-458d-afc2-ae834007dc24","at":0.0},{"connector_id":"a48503d8-a44d-4e6d-80c5-4c90b5121c07","at":1.0}],"sources":[{"property":"","dataset":"OpenStreetMap","license":"ODbL-1.0","record_id":"w756402702@1","update_time":"2019-12-18T01:13:38Z","confidence":null,"between":null}],"version":1}},
{"id":"f890c267-818b-451b-b84d-b6d4a40221d8","type":"Feature","geometry":{"type":"LineString","coordinates":[[80.9472884,26.8425155],[80.9474616,26.8423338],[80.9476036,26.8421134],[80.9476678,26.8418635],[80.9477631,26.8413742],[80.947794,26.8412543],[80.9478611,26.8411793]]},"properties":{"subtype":"road","class":"service","connectors":[{"connector_id":"44fba547-2049-4c22-b138-a33545574d78","at":0.0},{"connector_id":"6c1f148a-df2e-453d-8aea-260d30ad1306","at":1.0}],"road_surface":[{"value":"paved","between":null}],"sources":[{"property":"","dataset":"OpenStreetMap","license":"ODbL-1.0","record_id":"w213237814@3","update_time":"2023-09-11T12:32:53Z","confidence":null,"between":null}],"version":1}},
{"id":"131cf6df-3363-4623-b19a-1801742641a9","type":"Feature","geometry":{"type":"LineString","coordinates":[[80.9486092,26.8402596],[80.9485004,26.840223],[80.9483934,26.8402455],[80.9482611,26.8403228],[80.948053,26.8404954],[80.9478702,26.840649],[80.947487,26.8408317],[80.9471292,26.840889],[80.9468569,26.8409966],[80.9467868,26.8410816],[80.9467285,26.8411771],[80.9466546,26.8412309],[80.9465636,26.8412501],[80.9465476,26.8412535],[80.9464017,26.8412517],[80.9463364,26.8412938],[80.9462422,26.8413437],[80.9460983,26.8414582],[80.9460769,26.8415363],[80.9460983,26.84167],[80.9461995,26.84184],[80.9463609,26.8420032],[80.9467616,26.8422635],[80.9470432,26.8424696],[80.9471419,26.8424848],[80.9472884,26.8425155],[80.9473369,26.8425219],[80.9481151,26.8426237],[80.9482415,26.8425892],[80.9487375,26.8424536]]},"properties":{"subtype":"road","class":"service","connectors":[{"connector_id":"4da62cc5-7ef5-4343-b9b2-9e2d7b93194e","at":0.0},{"connector_id":"122251e5-6195-46c7-80c8-2ee28ad48949","at":0.320600646},{"connector_id":"f00f1e20-1f91-4fc7-a3a6-4341ee74ae33","at":0.427423576},{"connector_id":"d8c7436e-a03d-44f3-8fff-3c7738c37f3c","at":0.475485408},{"connector_id":"fd1c0e4e-094f-4029-8e03-204fa579e484","at":0.513748091},{"connector_id":"da017b9e-51d1-4fc2-a980-5bf43f2135ef","at":0.723389278},{"connector_id":"f99c12d4-a9a1-45f1-8983-83c81b8473ca","at":0.739339713},{"connector_id":"44fba547-2049-4c22-b138-a33545574d78","at":0.76330175},{"connector_id":"5dc93fa1-8f65-4557-a0cb-98029683623f","at":0.771109723},{"connector_id":"d4a601b6-daf9-43f1-8882-963cae19328c","at":1.0}],"road_surface":[{"value":"paved","between":null}],"sources":[{"property":"","dataset":"OpenStreetMap","license":"ODbL-1.0","record_id":"w213237743@2","update_time":"2024-04-16T12:49:23Z","confidence":null,"between":[0.0,0.723391884]},{"property":"","dataset":"OpenStreetMap","license":"ODbL-1.0","record_id":"w213237797@3","update_time":"2024-04-16T12:49:23Z","confidence":null,"between":[0.723391884,1.0]}],"version":1}},
{"id":"024ac306-a574-423a-82cf-f7357664a1e8","type":"Feature","geometry":{"type":"LineString","coordinates":[[80.9498985,26.8392203],[80.9495057,26.8395221],[80.9494565,26.8395572],[80.9494078,26.8395946],[80.9492461,26.8397186],[80.9489874,26.8399407],[80.9488355,26.8400614],[80.9486092,26.8402596],[80.9485247,26.840326],[80.9482418,26.840541],[80.94803,26.84073],[80.9478196,26.8409167],[80.9476939,26.8410219],[80.947548,26.8411652],[80.9474486,26.8413148],[80.9472283,26.8418379],[80.947119,26.8422195],[80.9470432,26.8424696],[80.9469542,26.8427477],[80.9468392,26.8432192],[80.9466838,26.8438652]]},"properties":{"names":{"primary":"Mahatma Gandhi Marg","common":null,"rules":[{"variant":"common","language":null,"perspectives":null,"value":"Mahatma Gandhi Marg","between":null,"side":null}]},"subtype":"road","class":"primary","connectors":[{"connector_id":"15ed60f2-cc23-4d5d-aa2c-5a49200d1edf","at":0.0},{"connector_id":"cce4fef9-1559-4439-b4cf-a248e261e73a","at":0.101551815},{"connector_id":"4da62cc5-7ef5-4343-b9b2-9e2d7b93194e","at":0.273393065},{"connector_id":"da017b9e-51d1-4fc2-a980-5bf43f2135ef","at":0.74818693},{"connector_id":"da3a962e-38d2-4249-98da-0e02992594b8","at":1.0}],"road_surface":[{"value":"paved","between":null}],"road_flags":[{"values":["is_bridge"],"between":[0.191538127,0.22352988]}],"level_rules":[{"value":1,"between":[0.191538127,0.22352988]}],"access_restrictions":[{"access_type":"denied","when":{"during":null,"heading":"backward","using":null,"recognized":null,"mode":null,"vehicle":null},"between":null}],"routes":[{"name":"National Highway 24B","network":"IN:NH","ref":null,"symbol":null,"wikidata":null,"between":null}],"sources":[{"property":"/routes","dataset":"OpenStreetMap","license":"ODbL-1.0","record_id":"r1425755@88","update_time":null,"confidence":null,"between":null},{"property":"","dataset":"OpenStreetMap","license":"ODbL-1.0","record_id":"w209442169@15","update_time":"2024-06-06T06:39:34Z","confidence":null,"between":[0.0,0.191538127]},{"property":"","dataset":"OpenStreetMap","license":"ODbL-1.0","record_id":"w210669883@10","update_time":"2024-06-06T06:39:34Z","confidence":null,"between":[0.191538127,0.22352988]},{"property":"","dataset":"OpenStreetMap","license":"ODbL-1.0","record_id":"w210669884@14","update_time":"2025-07-30T02:57:29Z","confidence":null,"between":[0.22352988,0.883857415]},{"property":"","dataset":"OpenStreetMap","license":"ODbL-1.0","record_id":"w209442171@11","update_time":"2024-06-06T06:39:34Z","confidence":null,"between":[0.883857415,1.0]}],"version":2}},
{"id":"82ff2fda-c662-4a8f-a59e-d3eafe03f633","type":"Feature","geometry":{"type":"LineString","coordinates":[[80.9477734,26.8410991],[80.9478611,26.8411793],[80.9483409,26.8414173],[80.948372,26.8414248],[80.9483808,26.8413967],[80.9483901,26.8413704],[80.9484082,26.8413416],[80.948427,26.8413153],[80.9484525,26.8412854],[80.9484847,26.8412662],[80.9489769,26.8412004]]},"properties":{"subtype":"road","class":"service","connectors":[{"connector_id":"27000e7a-ca37-49e1-8e6e-aad0b91133b1","at":0.0},{"connector_id":"6c1f148a-df2e-453d-8aea-260d30ad1306","at":0.08826016},{"connector_id":"adda9d10-7209-458d-afc2-ae834007dc24","at":0.497344574},{"connector_id":"5b1a3e44-da8b-4649-9d16-2a2413be51e3","at":1.0}],"road_surface":[{"value":"paved","between":null}],"sources":[{"property":"","dataset":"OpenStreetMap","license":"ODbL-1.0","record_id":"w213237745@3","update_time":"2024-04-16T12:49:23Z","confidence":null,"between":null}],"version":1}},
{"id":"26753a43-40b9-43c7-be4d-421011d974ff","type":"Feature","geometry":{"type":"LineString","coordinates":[[80.9485978,26.8403725],[80.9491262,26.8408519],[80.9494561,26.8414765]]},"properties":{"subtype":"road","class":"residential","connectors":[{"connector_id":"9a1d360d-76f0-4408-87bc-1fb9bc330589","at":0.0},{"connector_id":"15a73b34-5b16-4f37-bba6-f9798ade1efe","at":1.0}],"sources":[{"property":"","dataset":"OpenStreetMap","license":"ODbL-1.0","record_id":"w1135429191@2","update_time":"2024-04-16T12:49:23Z","confidence":null,"between":null}],"version":1}},
{"id":"7fd88846-0da5-468f-a948-b7c718e5bd25","type":"Feature","geometry":{"type":"LineString","coordinates":[[80.9500316,26.8417177],[80.9501975,26.841874],[80.9501899,26.8419799],[80.9502695,26.8420313]]},"properties":{"subtype":"road","class":"residential","connectors":[{"connector_id":"ae8f5d1d-acd6-484c-97e9-d3243a1eb442","at":0.0},{"connector_id":"ec5ee967-bc29-47a9-acbb-72a3085b4b49","at":1.0}],"road_surface":[{"value":"paved","between":null}],"sources":[{"property":"","dataset":"OpenStreetMap","license":"ODbL-1.0","record_id":"w210670098@1","update_time":"2013-03-17T23:32:05Z","confidence":null,"between":null}],"version":1}},
{"id":"4d7a7434-2b11-4353-9aa4-a3a10d789c92","type":"Feature","geometry":{"type":"LineString","coordinates":[[80.9502695,26.8420313],[80.9504563,26.8417441]]},"properties":{"subtype":"road","class":"unknown","connectors":[{"connector_id":"ec5ee967-bc29-47a9-acbb-72a3085b4b49","at":0.0},{"connector_id":"f9851dfc-3d0a-4697-b67e-120332af084d","at":1.0}],"sources":[{"property":"","dataset":"TomTom","license":"ODbL-1.0","record_id":null,"update_time":null,"confidence":null,"between":null}],"version":1}},
{"id":"d15648f8-ff02-4f75-96b1-227ee99e13b9","type":"Feature","geometry":{"type":"LineString","coordinates":[[80.9496495,26.8409099],[80.9500652,26.841291],[80.9504937,26.8416605],[80.9505964,26.841749],[80.9510141,26.8420335],[80.9510558,26.8420575],[80.9511038,26.8420928],[80.9511363,26.8421278],[80.951188,26.8421832],[80.9512888,26.8422611],[80.9514569,26.8423497],[80.9515698,26.842445]]},"properties":{"subtype":"road","class":"unknown","connectors":[{"connector_id":"c301ea61-fac6-4f08-bb77-bf9f6837c4bf","at":0.0},{"connector_id":"18fe015d-0d57-452d-8e5d-2c62c95682c0","at":1.0}],"sources":[{"property":"","dataset":"TomTom","license":"ODbL-1.0","record_id":null,"update_time":null,"confidence":null,"between":null}],"version":1}},
{"id":"c15c0f12-299d-4c02-8277-ea44b09e4069","type":"Feature","geometry":{"type":"LineString","coordinates":[[80.9512168,26.8409336],[80.9514745,26.841331],[80.9516217,26.8415686]]},"properties":{"names":{"primary":"Lohia Path","common":null,"rules":[{"variant":"common","language":null,"perspectives":null,"value":"Lohia Path","between":null,"side":null}]},"subtype":"road","class":"secondary","connectors":[{"connector_id":"85b6844f-39cd-4003-82fc-53acfb0be2a6","at":0.0},{"connector_id":"f961a597-0771-42c8-a69c-c6e3286123fe","at":1.0}],"road_surface":[{"value":"paved","between":null}],"sources":[{"property":"","dataset":"OpenStreetMap","license":"ODbL-1.0","record_id":"w45828062@9","update_time":"2024-04-16T12:49:23Z","confidence":null,"between":null}],"version":1}},
{"id":"3ab97c6c-a71c-45bb-ba80-23974b4f4d79","type":"Feature","geometry":{"type":"LineString","coordinates":[[80.950916,26.8412055],[80.9508855,26.841233],[80.9507514,26.8413479],[80.9506983,26.841376],[80.9506736,26.8413838],[80.950648,26.841376],[80.950628,26.8413622],[80.9504529,26.8411672]]},"properties":{"subtype":"road","class":"unknown","connectors":[{"connector_id":"cb9748bb-431a-41bc-9c49-6becf7cfe101","at":0.0},{"connector_id":"7a9c4404-6459-4963-b558-f080381e1294","at":1.0}],"sources":[{"property":"","dataset":"TomTom","license":"ODbL-1.0","record_id":null,"update_time":null,"confidence":null,"between":null}],"version":1}},
{"id":"4d0c5a9d-21cd-4248-aa45-0fe897658bdd","type":"Feature","geometry":{"type":"LineString","coordinates":[[80.9506394,26.8409515],[80.950916,26.8412055]]},"properties":{"subtype":"road","class":"unknown","connectors":[{"connector_id":"04ae7275-e018-410a-91d2-167e3280bf3e","at":0.0},{"connector_id":"cb9748bb-431a-41bc-9c49-6becf7cfe101","at":1.0}],"sources":[{"property":"","dataset":"TomTom","license":"ODbL-1.0","record_id":null,"update_time":null,"confidence":null,"between":null}],"version":1}},
{"id":"dde860df-d2a8-4913-be2e-5b8e5a48ce91","type":"Feature","geometry":{"type":"LineString","coordinates":[[80.9512168,26.8409336],[80.9511601,26.8409857],[80.950916,26.8412055]]},"properties":{"subtype":"road","class":"unknown","connectors":[{"connector_id":"85b6844f-39cd-4003-82fc-53acfb0be2a6","at":0.0},{"connector_id":"cb9748bb-431a-41bc-9c49-6becf7cfe101","at":1.0}],"sources":[{"property":"","dataset":"TomTom","license":"ODbL-1.0","record_id":null,"update_time":null,"confidence":null,"between":null}],"version":1}},
{"id":"66ef0218-9a0e-45a0-9ecd-64e546c1c26d","type":"Feature","geometry":{"type":"LineString","coordinates":[[80.9507776,26.8392716],[80.9507483,26.839711],[80.950717,26.8399618],[80.9507603,26.8402226],[80.950831,26.8404035],[80.9511548,26.8408379],[80.9512168,26.8409336]]},"properties":{"names":{"primary":"Lohia Path","common":null,"rules":[{"variant":"common","language":null,"perspectives":null,"value":"Lohia Path","between":null,"side":null}]},"subtype":"road","class":"secondary","connectors":[{"connector_id":"2630e31f-ad27-4fa6-b5b2-6127a4777360","at":0.0},{"connector_id":"c62b46fe-1c4d-490e-b9cc-17afe67efa7e","at":0.53685234},{"connector_id":"85b6844f-39cd-4003-82fc-53acfb0be2a6","at":1.0}],"road_surface":[{"value":"paved","between":null}],"sources":[{"property":"","dataset":"OpenStreetMap","license":"ODbL-1.0","record_id":"w45828062@9","update_time":"2024-04-16T12:49:23Z","confidence":null,"between":null}],"version":1}},
{"id":"256602d9-b96a-4bb5-a86a-c57e8276f140","type":"Feature","geometry":{"type":"LineString","coordinates":[[80.9495356,26.8396002],[80.9499955,26.8401687],[80.9496045,26.840495]]},"properties":{"subtype":"road","class":"service","connectors":[{"connector_id":"141d0fc1-990e-464b-88c1-3e51fb7893bc","at":0.0},{"connector_id":"3c3c344d-4403-453a-bb1b-39589696abfb","at":1.0}],"road_surface":[{"value":"paved","between":null}],"sources":[{"property":"","dataset":"OpenStreetMap","license":"ODbL-1.0","record_id":"w213237751@2","update_time":"2024-04-16T12:49:23Z","confidence":null,"between":null}],"version":1}},
{"id":"fc7a88bc-f262-4c1f-ac6a-12dc75e492a1","type":"Feature","geometry":{"type":"LineString","coordinates":[[80.9507603,26.8402226],[80.9503191,26.8404947],[80.9503741,26.8405413],[80.9502104,26.8406701],[80.9500908,26.8405609],[80.9499312,26.8407045],[80.9503782,26.8411205]]},"properties":{"subtype":"road","class":"service","connectors":[{"connector_id":"c62b46fe-1c4d-490e-b9cc-17afe67efa7e","at":0.0},{"connector_id":"3699b02c-54df-4a8e-8f57-7c464a44e576","at":1.0}],"road_surface":[{"value":"paved","between":null}],"sources":[{"property":"","dataset":"OpenStreetMap","license":"ODbL-1.0","record_id":"w213237820@1","update_time":"2013-03-27T23:47:10Z","confidence":null,"between":null}],"version":1}},
{"id":"e11fe1c3-41f3-489a-b4ca-9e08ca3000fd","type":"Feature","geometry":{"type":"LineString","coordinates":[[80.9485978,26.8403725],[80.9488925,26.8401129],[80.9490312,26.8399935],[80.9493067,26.8397763],[80.9495356,26.8396002],[80.9499693,26.8392418]]},"properties":{"subtype":"road","class":"primary","connectors":[{"connector_id":"9a1d360d-76f0-4408-87bc-1fb9bc330589","at":0.0},{"connector_id":"141d0fc1-990e-464b-88c1-3e51fb7893bc","at":0.683524936},{"connector_id":"37be8b82-8935-4b5a-82f1-611bd4a95059","at":1.0}],"road_flags":[{"values":["is_bridge"],"between":[0.221652805,0.324838801]}],"level_rules":[{"value":1,"between":[0.221652805,0.324838801]}],"access_restrictions":[{"access_type":"denied","when":{"during":null,"heading":"backward","using":null,"recognized":null,"mode":null,"vehicle":null},"between":null}],"sources":[{"property":"","dataset":"OpenStreetMap","license":"ODbL-1.0","record_id":"w1206879688@5","update_time":"2025-07-30T02:57:38Z","confidence":null,"between":[0.0,0.221652805]},{"property":"","dataset":"OpenStreetMap","license":"ODbL-1.0","record_id":"w1273078877@2","update_time":"2024-06-06T06:39:34Z","confidence":null,"between":[0.221652805,0.324838801]},{"property":"","dataset":"OpenStreetMap","license":"ODbL-1.0","record_id":"w1273078876@2","update_time":"2024-06-06T06:39:34Z","confidence":null,"between":[0.324838801,1.0]}],"version":1}},
{"id":"e638a0f7-042b-4e74-80a6-fc7df4217116","type":"Feature","geometry":{"type":"LineString","coordinates":[[80.9516726,26.8380427],[80.9519527,26.8384553],[80.9520937,26.8387382],[80.9521625,26.8390216],[80.9522092,26.8393726],[80.9522039,26.8395316],[80.952201,26.8396168],[80.952135,26.8398291],[80.9520249,26.8400218],[80.9515986,26.8405273],[80.9512168,26.8409336]]},"properties":{"subtype":"road","class":"residential","connectors":[{"connector_id":"3e5b0c01-5a3c-4238-a0e2-52c33fa049fa","at":0.0},{"connector_id":"32db860e-6f78-4b46-9099-e22b9568bdac","at":0.486012045},{"connector_id":"85b6844f-39cd-4003-82fc-53acfb0be2a6","at":1.0}],"road_surface":[{"value":"paved","between":null}],"sources":[{"property":"","dataset":"OpenStreetMap","license":"ODbL-1.0","record_id":"w213237679@1","update_time":"2013-03-27T23:47:03Z","confidence":null,"between":null}],"version":2}},
{"id":"5c8aa594-aaa3-4c6a-989f-b00749f0266c","type":"Feature","geometry":{"type":"LineString","coordinates":[[80.9534233,26.8402092],[80.9532105,26.8399948],[80.9531288,26.8398577],[80.9530724,26.8396738],[80.9530588,26.839502],[80.9530899,26.8394343],[80.9532455,26.8393562],[80.9534244,26.8393475],[80.9535314,26.8393978],[80.9539267,26.8397014]]},"properties":{"subtype":"road","class":"service","connectors":[{"connector_id":"d0a62750-cdef-4fd9-9c6f-99fd95760a20","at":0.0},{"connector_id":"b71af2f9-d93a-49bf-a1f2-5cc9a21d9878","at":0.495171436},{"connector_id":"4f6ab448-a9bd-48c5-86d4-c137eed021ab","at":1.0}],"road_surface":[{"value":"paved","between":null}],"sources":[{"property":"","dataset":"OpenStreetMap","license":"ODbL-1.0","record_id":"w213237686@1","update_time":"2013-03-27T23:47:04Z","confidence":null,"between":null}],"version":1}},
{"id":"c95f3e5e-e3b8-4769-98fe-ec7f521d4565","type":"Feature","geometry":{"type":"LineString","coordinates":[[80.9570857,26.8365857],[80.956811,26.8368399],[80.9566251,26.8370217],[80.9552335,26.8383831],[80.9544302,26.8391935],[80.9539267,26.8397014],[80.9534233,26.8402092],[80.953051,26.8405848],[80.9521079,26.8416141],[80.9520589,26.8417121],[80.9520446,26.8418295]]},"properties":{"subtype":"road","class":"residential","connectors":[{"connector_id":"f19173aa-8f9a-4740-bfb7-7c3499d9b991","at":0.0},{"connector_id":"5b445444-8dad-46b8-8192-64e7d27d861c","at":0.086412969},{"connector_id":"7f589760-0b9a-4069-8147-bbdac849844a","at":0.508098932},{"connector_id":"4f6ab448-a9bd-48c5-86d4-c137eed021ab","at":0.605866704},{"connector_id":"d0a62750-cdef-4fd9-9c6f-99fd95760a20","at":0.703614964},{"connector_id":"deb1d67f-1128-41af-8338-11135d94831c","at":1.0}],"road_surface":[{"value":"paved","between":null}],"sources":[{"property":"","dataset":"OpenStreetMap","license":"ODbL-1.0","record_id":"w210669904@3","update_time":"2025-06-06T09:55:43Z","confidence":null,"between":[0.0,0.703617753]},{"property":"","dataset":"OpenStreetMap","license":"ODbL-1.0","record_id":"w1392550409@1","update_time":"2025-06-06T09:55:43Z","confidence":null,"between":[0.703617753,1.0]}],"version":1}},
{"id":"38821b44-b90c-4864-a45c-345040742294","type":"Feature","geometry":{"type":"LineString","coordinates":[[80.9587102,26.8394734],[80.9582941,26.8397222],[80.9559529,26.8411222],[80.9558984,26.8411447],[80.9555486,26.8412891],[80.9535207,26.8416481],[80.9525842,26.8418275]]},"properties":{"names":{"primary":"La Martiniere Marg","common":null,"rules":[{"variant":"common","language":null,"perspectives":null,"value":"La Martiniere Marg","between":null,"side":null}]},"subtype":"road","class":"residential","connectors":[{"connector_id":"e9e53f40-8efd-40c3-8e46-e9854db23fcd","at":0.0},{"connector_id":"5beeac29-fd0e-4335-b346-f29652b5ae07","at":0.073718914},{"connector_id":"a1e4f076-805e-4284-a98d-b69526b21087","at":0.497353786},{"connector_id":"2c2eef74-d83b-4e0a-a71c-1946f8a84908","at":1.0}],"road_surface":[{"value":"paved","between":null}],"sources":[{"property":"","dataset":"OpenStreetMap","license":"ODbL-1.0","record_id":"w212876901@3","update_time":"2025-08-01T06:37:47Z","confidence":null,"between":null}],"version":2}},
{"id":"d542e44b-51df-4c2c-99a2-a0e677b2d993","type":"Feature","geometry":{"type":"LineString","coordinates":[[80.9521315,26.8420976],[80.9523901,26.8421235],[80.9527445,26.8421854],[80.9533046,26.8423336],[80.9560879,26.8432269],[80.9566901,26.8434282],[80.9572081,26.8436781],[80.9583828,26.8443945],[80.9588537,26.8447881],[80.9591065,26.8450314],[80.9598865,26.846039]]},"properties":{"names":{"primary":"Lohia Path","common":null,"rules":[{"variant":"common","language":null,"perspectives":null,"value":"Lohia Path","between":null,"side":null}]},"subtype":"road","class":"secondary","connectors":[{"connector_id":"6aebfefe-e33f-4851-807a-cbd723bc6e22","at":0.0},{"connector_id":"4d69956f-84ba-4f16-8809-6b17fde707c8","at":1.0}],"road_surface":[{"value":"paved","between":null}],"access_restrictions":[{"access_type":"denied","when":{"during":null,"heading":"backward","using":null,"recognized":null,"mode":null,"vehicle":null},"between":null}],"speed_limits":[{"min_speed":null,"max_speed":{"value":40,"unit":"km/h"},"is_max_speed_variable":null,"when":null,"between":null}],"sources":[{"property":"","dataset":"OpenStreetMap","license":"ODbL-1.0","record_id":"w209445902@10","update_time":"2025-07-28T22:02:09Z","confidence":null,"between":null}],"version":1}},
{"id":"ba5b5a27-ee19-4884-89f0-b5b25a3f3b39","type":"Feature","geometry":{"type":"LineString","coordinates":[[80.9544022,26.8438147],[80.9544516,26.8438079],[80.9546132,26.8437437],[80.9547389,26.8436691],[80.9547459,26.843665],[80.9547693,26.8436696],[80.9549262,26.8437002],[80.9551707,26.8437789],[80.9552581,26.8438134],[80.9556535,26.8439696],[80.9558777,26.8440552],[80.9562399,26.8441934],[80.9566565,26.8443902],[80.9569016,26.8445366],[80.9569341,26.844556],[80.9571185,26.8447627],[80.9572077,26.8448627],[80.9574788,26.8451773],[80.9575725,26.845288],[80.9579314,26.8457939],[80.9589203,26.8470236]]},"properties":{"subtype":"road","class":"unknown","connectors":[{"connector_id":"e281ee7b-c271-4108-a49c-f8d77652a245","at":0.0},{"connector_id":"24bcf4da-d0cf-4fbc-b116-365079135dce","at":1.0}],"sources":[{"property":"","dataset":"TomTom","license":"ODbL-1.0","record_id":null,"update_time":null,"confidence":null,"between":null}],"version":1}},
{"id":"22b55545-90c4-4486-8764-236f31209407","type":"Feature","geometry":{"type":"LineString","coordinates":[[80.9605762,26.8467558],[80.9599467,26.8459631],[80.9593692,26.845209],[80.9590421,26.8447999],[80.9586356,26.8444484],[80.9582044,26.8441697],[80.9578351,26.8439442],[80.9572477,26.843597],[80.9567397,26.8433405],[80.9561969,26.8431592],[80.9538251,26.842425],[80.9531163,26.8421773],[80.9526657,26.842062],[80.9525843,26.8420412]]},"properties":{"names":{"primary":"Lohia Path","common":null,"rules":[{"variant":"common","language":null,"perspectives":null,"value":"Lohia Path","between":null,"side":null}]},"subtype":"road","class":"secondary","connectors":[{"connector_id":"22a4714a-4a7a-4d24-a4dc-b63480ac9ef9","at":0.0},{"connector_id":"fb6ea980-aab4-402a-8ed6-0d692511edac","at":1.0}],"road_surface":[{"value":"paved","between":null}],"access_restrictions":[{"access_type":"denied","when":{"during":null,"heading":"backward","using":null,"recognized":null,"mode":null,"vehicle":null},"between":null}],"speed_limits":[{"min_speed":null,"max_speed":{"value":40,"unit":"km/h"},"is_max_speed_variable":null,"when":null,"between":null}],"sources":[{"property":"","dataset":"OpenStreetMap","license":"ODbL-1.0","record_id":"w209445903@12","update_time":"2025-08-01T06:37:47Z","confidence":null,"between":null}],"version":1}},
{"id":"b8fa6ae0-a13f-42e7-b095-f1b0c58af53e","type":"Feature","geometry":{"type":"LineString","coordinates":[[80.9348529,26.8482531],[80.9352023,26.848589]]},"properties":{"subtype":"road","class":"residential","connectors":[{"connector_id":"4b6df24d-10ab-4302-a04f-b6cd9902548b","at":0.0},{"connector_id":"84eef5f3-e246-4415-b78b-680366849998","at":1.0}],"sources":[{"property":"","dataset":"OpenStreetMap","license":"ODbL-1.0","record_id":"w1363534883@1","update_time":"2025-02-28T09:31:27Z","confidence":null,"between":null}],"version":1}},
{"id":"9265c649-239c-46fe-b7ac-4284663de84c","type":"Feature","geometry":{"type":"LineString","coordinates":[[80.9352102,26.8479191],[80.9350397,26.8480763],[80.9348529,26.8482531]]},"properties":{"subtype":"road","class":"tertiary","connectors":[{"connector_id":"67a78a5f-a681-4c72-b835-349bdadbfc41","at":0.0},{"connector_id":"4b6df24d-10ab-4302-a04f-b6cd9902548b","at":1.0}],"road_surface":[{"value":"paved","between":null}],"sources":[{"property":"","dataset":"OpenStreetMap","license":"ODbL-1.0","record_id":"w210669908@4","update_time":"2025-02-28T09:31:27Z","confidence":null,"between":null}],"version":1}},
{"id":"95d69ef6-9201-464a-8c7c-22fc6ca16e88","type":"Feature","geometry":{"type":"LineString","coordinates":[[80.9352102,26.8479191],[80.9355746,26.8480717]]},"properties":{"subtype":"road","class":"residential","connectors":[{"connector_id":"67a78a5f-a681-4c72-b835-349bdadbfc41","at":0.0},{"connector_id":"4cb3b351-e015-48b4-b5a1-9d08ee9e92ec","at":1.0}],"road_surface":[{"value":"paved","between":null}],"sources":[{"property":"","dataset":"OpenStreetMap","license":"ODbL-1.0","record_id":"w210670150@5","update_time":"2025-05-15T06:18:50Z","confidence":null,"between":null}],"version":1}},
{"id":"fc88cd49-7306-4abd-a9e8-1b7375ce1e69","type":"Feature","geometry":{"type":"LineString","coordinates":[[80.9355746,26.8480717],[80.935516,26.8479243],[80.9354596,26.8476893]]},"properties":{"subtype":"road","class":"residential","connectors":[{"connector_id":"4cb3b351-e015-48b4-b5a1-9d08ee9e92ec","at":0.0},{"connector_id":"54198831-0095-4bde-bc95-59ce7abb80c4","at":1.0}],"road_surface":[{"value":"paved","between":null}],"sources":[{"property":"","dataset":"OpenStreetMap","license":"ODbL-1.0","record_id":"w210670027@1","update_time":"2013-03-17T23:31:58Z","confidence":null,"between":null}],"version":1}},
{"id":"8e84efac-4cb8-455a-a0d3-11eb9e1a450c","type":"Feature","geometry":{"type":"LineString","coordinates":[[80.9354596,26.8476893],[80.9352102,26.8479191]]},"properties":{"subtype":"road","class":"tertiary","connectors":[{"connector_id":"54198831-0095-4bde-bc95-59ce7abb80c4","at":0.0},{"connector_id":"67a78a5f-a681-4c72-b835-349bdadbfc41","at":1.0}],"road_surface":[{"value":"paved","between":null}],"sources":[{"property":"","dataset":"OpenStreetMap","license":"ODbL-1.0","record_id":"w210669908@4","update_time":"2025-02-28T09:31:27Z","confidence":null,"between":null}],"version":1}},
{"id":"9b15e5ad-4cc2-4e18-ae9e-615399a994a9","type":"Feature","geometry":{"type":"LineString","coordinates":[[80.935519,26.8476345],[80.9354596,26.8476893]]},"properties":{"subtype":"road","class":"tertiary","connectors":[{"connector_id":"cfbe15f2-ca35-4f9c-9419-881322fbd845","at":0.0},{"connector_id":"54198831-0095-4bde-bc95-59ce7abb80c4","at":1.0}],"road_surface":[{"value":"paved","between":null}],"sources":[{"property":"","dataset":"OpenStreetMap","license":"ODbL-1.0","record_id":"w210669908@4","update_time":"2025-02-28T09:31:27Z","confidence":null,"between":null}],"version":1}},
{"id":"d5bf0353-6476-40bb-b0fc-b17e68f58a36","type":"Feature","geometry":{"type":"LineString","coordinates":[[80.9371854,26.8472879],[80.9369733,26.8477402],[80.9366663,26.848395],[80.9366005,26.8485012]]},"properties":{"subtype":"road","class":"residential","connectors":[{"connector_id":"c2fde25e-2461-404f-9ea4-b65aed1a1907","at":0.0},{"connector_id":"fb46319d-109c-44ba-8fc5-eb427e6eeae3","at":0.371018994},{"connector_id":"34153e41-3db9-4e82-a0b5-76bf18ccc307","at":1.0}],"road_surface":[{"value":"paved","between":null}],"sources":[{"property":"","dataset":"OpenStreetMap","license":"ODbL-1.0","record_id":"w210670090@2","update_time":"2013-03-29T13:46:55Z","confidence":null,"between":null}],"version":1}},
{"id":"ffb32845-36d8-4ae2-8219-6aa7eca97eb3","type":"Feature","geometry":{"type":"LineString","coordinates":[[80.9369733,26.8477402],[80.9375787,26.8479675],[80.9377905,26.8476374]]},"properties":{"subtype":"road","class":"service","connectors":[{"connector_id":"fb46319d-109c-44ba-8fc5-eb427e6eeae3","at":0.0},{"connector_id":"5e26371c-867d-4b37-a7db-48ba7d7cee7d","at":1.0}],"road_surface":[{"value":"paved","between":null}],"sources":[{"property":"","dataset":"OpenStreetMap","license":"ODbL-1.0","record_id":"w213843228@1","update_time":"2013-03-29T13:46:50Z","confidence":null,"between":null}],"version":1}},
{"id":"5feb7ad4-0a80-4aec-9eda-d29dd433d471","type":"Feature","geometry":{"type":"LineString","coordinates":[[80.9355746,26.8480717],[80.9366005,26.8485012]]},"properties":{"subtype":"road","class":"residential","connectors":[{"connector_id":"4cb3b351-e015-48b4-b5a1-9d08ee9e92ec","at":0.0},{"connector_id":"34153e41-3db9-4e82-a0b5-76bf18ccc307","at":1.0}],"road_surface":[{"value":"paved","between":null}],"sources":[{"property":"","dataset":"OpenStreetMap","license":"ODbL-1.0","record_id":"w210670150@5","update_time":"2025-05-15T06:18:50Z","confidence":null,"between":null}],"version":1}},
{"id":"1cbcb7f7-5225-4d3b-a175-858985ce1a4a","type":"Feature","geometry":{"type":"LineString","coordinates":[[80.9366005,26.8485012],[80.9366504,26.8485242],[80.9373531,26.8488485],[80.9376197,26.8489716],[80.9382062,26.8492157],[80.9386052,26.8493818]]},"properties":{"subtype":"road","class":"residential","connectors":[{"connector_id":"34153e41-3db9-4e82-a0b5-76bf18ccc307","at":0.0},{"connector_id":"4dc7ce8e-5d84-41b8-bbc7-79905f4dc226","at":0.379083798},{"connector_id":"3e7c049d-7a85-4238-935e-3dabe43728cb","at":0.80297997},{"connector_id":"30924473-662a-4593-bfc4-6aaf9e0b5639","at":1.0}],"road_surface":[{"value":"paved","between":null}],"sources":[{"property":"","dataset":"OpenStreetMap","license":"ODbL-1.0","record_id":"w210670150@5","update_time":"2025-05-15T06:18:50Z","confidence":null,"between":null}],"version":2}},
{"id":"f190aa04-3c23-4c29-828a-a1e45de2ae6d","type":"Feature","geometry":{"type":"LineString","coordinates":[[80.9387259,26.8492018],[80.9383644,26.8489042]]},"properties":{"subtype":"road","class":"service","connectors":[{"connector_id":"fe9ca6e4-ea48-4d90-b76f-64943d5dbbb6","at":0.0},{"connector_id":"a0188d60-9bc6-48c6-9a09-e0c5f3229a4c","at":1.0}],"road_surface":[{"value":"paved","between":null}],"sources":[{"property":"","dataset":"OpenStreetMap","license":"ODbL-1.0","record_id":"w213843220@1","update_time":"2013-03-29T13:46:49Z","confidence":null,"between":null}],"version":1}},
{"id":"f9e68ebc-8f8b-496f-93c9-d8b6b40e5d78","type":"Feature","geometry":{"type":"LineString","coordinates":[[80.9388682,26.8489894],[80.9390273,26.8491935]]},"properties":{"subtype":"road","class":"residential","connectors":[{"connector_id":"fe277df2-deab-4a90-85b0-03e2ed303757","at":0.0},{"connector_id":"9827a01d-cb34-4675-9c7b-0a1067715790","at":1.0}],"road_surface":[{"value":"paved","between":null}],"sources":[{"property":"","dataset":"OpenStreetMap","license":"ODbL-1.0","record_id":"w210669980@1","update_time":"2013-03-17T23:31:54Z","confidence":null,"between":null}],"version":1}},
{"id":"ecca3e82-7fcf-42b1-8824-5c12588bcaf4","type":"Feature","geometry":{"type":"LineString","coordinates":[[80.9382062,26.8492157],[80.938288,26.8490865]]},"properties":{"subtype":"road","class":"unknown","connectors":[{"connector_id":"3e7c049d-7a85-4238-935e-3dabe43728cb","at":0.0},{"connector_id":"6f92c78f-e6bc-49db-aedf-80515588eacf","at":1.0}],"sources":[{"property":"","dataset":"TomTom","license":"ODbL-1.0","record_id":null,"update_time":null,"confidence":null,"between":null}],"version":1}},
{"id":"d1d0b0da-7cb0-4118-8d44-403e146c67e1","type":"Feature","geometry":{"type":"LineString","coordinates":[[80.9388682,26.8489894],[80.9387259,26.8492018],[80.9386052,26.8493818]]},"properties":{"names":{"primary":"Capper Road","common":null,"rules":[{"variant":"common","language":null,"perspectives":null,"value":"Capper Road","between":null,"side":null}]},"subtype":"road","class":"residential","connectors":[{"connector_id":"fe277df2-deab-4a90-85b0-03e2ed303757","at":0.0},{"connector_id":"fe9ca6e4-ea48-4d90-b76f-64943d5dbbb6","at":0.541226168},{"connector_id":"30924473-662a-4593-bfc4-6aaf9e0b5639","at":1.0}],"road_surface":[{"value":"paved","between":null}],"sources":[{"property":"","dataset":"OpenStreetMap","license":"ODbL-1.0","record_id":"w210669985@6","update_time":"2023-08-03T04:26:22Z","confidence":null,"between":null}],"version":1}},
{"id":"63dde270-8eea-43f7-a9b6-a4a9409df82f","type":"Feature","geometry":{"type":"LineString","coordinates":[[80.9373531,26.8488485],[80.9371094,26.8491494]]},"properties":{"subtype":"road","class":"unknown","connectors":[{"connector_id":"4dc7ce8e-5d84-41b8-bbc7-79905f4dc226","at":0.0},{"connector_id":"e1a1ade2-aa38-428c-bfa7-1e01fd818a86","at":1.0}],"sources":[{"property":"","dataset":"TomTom","license":"ODbL-1.0","record_id":null,"update_time":null,"confidence":null,"between":null}],"version":1}},
{"id":"9155f1cd-450c-4571-80be-01de4c3abd70","type":"Feature","geometry":{"type":"LineString","coordinates":[[80.9366005,26.8485012],[80.9364778,26.8486993],[80.9361906,26.8493991],[80.9359644,26.8499503]]},"properties":{"subtype":"road","class":"residential","connectors":[{"connector_id":"34153e41-3db9-4e82-a0b5-76bf18ccc307","at":0.0},{"connector_id":"d6b5b565-0910-4351-b62c-d45bccb27125","at":0.62341384},{"connector_id":"a26c988f-ec2b-4280-bd3e-a75d213a9733","at":1.0}],"road_surface":[{"value":"paved","between":null}],"sources":[{"property":"","dataset":"OpenStreetMap","license":"ODbL-1.0","record_id":"w210670090@2","update_time":"2013-03-29T13:46:55Z","confidence":null,"between":null}],"version":2}},
{"id":"a2251652-aec6-4ce4-95c7-57a0543490a7","type":"Feature","geometry":{"type":"LineString","coordinates":[[80.9359644,26.8499503],[80.9357885,26.8498228],[80.9353024,26.8494479],[80.9349708,26.8491083],[80.9347663,26.8488708],[80.9345122,26.8485756]]},"properties":{"names":{"primary":"Capper Road","common":null,"rules":[{"variant":"common","language":null,"perspectives":null,"value":"Capper Road","between":null,"side":null}]},"subtype":"road","class":"residential","connectors":[{"connector_id":"a26c988f-ec2b-4280-bd3e-a75d213a9733","at":0.0},{"connector_id":"4e053658-ffdb-4989-bb05-24ef4042eaa3","at":0.803954679},{"connector_id":"c5988569-a77e-4436-9980-a93c53bb7a3f","at":1.0}],"road_surface":[{"value":"paved","between":null}],"sources":[{"property":"","dataset":"OpenStreetMap","license":"ODbL-1.0","record_id":"w210669985@6","update_time":"2023-08-03T04:26:22Z","confidence":null,"between":null}],"version":2}},
{"id":"f2ffcdea-dac6-4db0-91cc-a49fa6ac0298","type":"Feature","geometry":{"type":"LineString","coordinates":[[80.9351871,26.8488015],[80.9352936,26.8486768]]},"properties":{"subtype":"road","class":"residential","connectors":[{"connector_id":"89b4ef61-3453-4007-ab40-7ff77739b827","at":0.0},{"connector_id":"07ac07bd-bc1d-4f38-9dcd-8c4b11817c2a","at":1.0}],"sources":[{"property":"","dataset":"OpenStreetMap","license":"ODbL-1.0","record_id":"w1363534884@1","update_time":"2025-02-28T09:31:27Z","confidence":null,"between":null}],"version":1}},
{"id":"368735f1-4a5a-4c67-818b-2e06c68148b0","type":"Feature","geometry":{"type":"LineString","coordinates":[[80.9352936,26.8486768],[80.9354387,26.8485066]]},"properties":{"subtype":"road","class":"residential","connectors":[{"connector_id":"07ac07bd-bc1d-4f38-9dcd-8c4b11817c2a","at":0.0},{"connector_id":"c920e33a-9737-43da-a128-fe53cef6e811","at":1.0}],"sources":[{"property":"","dataset":"OpenStreetMap","license":"ODbL-1.0","record_id":"w1363534884@1","update_time":"2025-02-28T09:31:27Z","confidence":null,"between":null}],"version":1}},
{"id":"cab52d06-bd80-4102-b8ff-e23b254591ce","type":"Feature","geometry":{"type":"LineString","coordinates":[[80.9352023,26.848589],[80.935344,26.8484378]]},"properties":{"subtype":"road","class":"residential","connectors":[{"connector_id":"84eef5f3-e246-4415-b78b-680366849998","at":0.0},{"connector_id":"09a6089b-a969-4496-a6f1-db4f8793b83e","at":1.0}],"sources":[{"property":"","dataset":"OpenStreetMap","license":"ODbL-1.0","record_id":"w1363534885@1","update_time":"2025-02-28T09:31:27Z","confidence":null,"between":null}],"version":1}},
{"id":"34b206f1-eb33-4a57-9c2e-fddfac3ee8a9","type":"Feature","geometry":{"type":"LineString","coordinates":[[80.9352023,26.848589],[80.9352936,26.8486768]]},"properties":{"subtype":"road","class":"residential","connectors":[{"connector_id":"84eef5f3-e246-4415-b78b-680366849998","at":0.0},{"connector_id":"07ac07bd-bc1d-4f38-9dcd-8c4b11817c2a","at":1.0}],"sources":[{"property":"","dataset":"OpenStreetMap","license":"ODbL-1.0","record_id":"w1363534883@1","update_time":"2025-02-28T09:31:27Z","confidence":null,"between":null}],"version":1}},
{"id":"3195f285-91f1-435b-be32-abbfad4cd9ae","type":"Feature","geometry":{"type":"LineString","coordinates":[[80.9350819,26.8487131],[80.9352023,26.848589]]},"properties":{"subtype":"road","class":"residential","connectors":[{"connector_id":"b1e5574f-6b04-4d89-8099-c387cfb671cb","at":0.0},{"connector_id":"84eef5f3-e246-4415-b78b-680366849998","at":1.0}],"sources":[{"property":"","dataset":"OpenStreetMap","license":"ODbL-1.0","record_id":"w1363534885@1","update_time":"2025-02-28T09:31:27Z","confidence":null,"between":null}],"version":1}},
{"id":"43f10a9c-4118-4b7c-9f01-1d5318bce29c","type":"Feature","geometry":{"type":"LineString","coordinates":[[80.9339577,26.8490144],[80.9347661,26.850197],[80.9347978,26.8502544],[80.9350088,26.8506364],[80.935057,26.8507196],[80.935427,26.851349]]},"properties":{"names":{"primary":"Waka Qadar Road","common":null,"rules":[{"variant":"common","language":null,"perspectives":null,"value":"Waka Qadar Road","between":null,"side":null}]},"subtype":"road","class":"residential","connectors":[{"connector_id":"4e36d7b4-fe55-4cca-8e9b-42994955a66a","at":0.0},{"connector_id":"c9ee6888-3456-4ad0-8ebc-e453ff796bc4","at":0.540934879},{"connector_id":"7546dd71-ce56-4afb-afff-b748179dc898","at":0.699836712},{"connector_id":"03a33d7d-aa0d-46c5-b4c3-dd086350f0ab","at":1.0}],"road_surface":[{"value":"paved","between":null}],"sources":[{"property":"","dataset":"OpenStreetMap","license":"ODbL-1.0","record_id":"w210670131@2","update_time":"2024-10-22T19:04:16Z","confidence":null,"between":null}],"version":2}},
{"id":"7d580aa7-2960-4a09-8402-d919c535f21d","type":"Feature","geometry":{"type":"LineString","coordinates":[[80.9361906,26.8493991],[80.9364115,26.8495758]]},"properties":{"subtype":"road","class":"unknown","connectors":[{"connector_id":"d6b5b565-0910-4351-b62c-d45bccb27125","at":0.0},{"connector_id":"7ffe2411-b49d-46ef-b342-e0fab09aa378","at":1.0}],"sources":[{"property":"","dataset":"TomTom","license":"ODbL-1.0","record_id":null,"update_time":null,"confidence":null,"between":null}],"version":1}},
{"id":"882b2173-44c2-4908-b30e-8587a29e2499","type":"Feature","geometry":{"type":"LineString","coordinates":[[80.9386052,26.8493818],[80.9391478,26.8499968]]},"properties":{"subtype":"road","class":"residential","connectors":[{"connector_id":"30924473-662a-4593-bfc4-6aaf9e0b5639","at":0.0},{"connector_id":"db074287-bd6b-42ad-88ab-b215bb8b8982","at":1.0}],"road_surface":[{"value":"paved","between":null}],"sources":[{"property":"","dataset":"OpenStreetMap","license":"ODbL-1.0","record_id":"w210670150@5","update_time":"2025-05-15T06:18:50Z","confidence":null,"between":null}],"version":1}},
{"id":"e01044d1-3f79-46b7-882e-9810045b83af","type":"Feature","geometry":{"type":"LineString","coordinates":[[80.9376149,26.8500651],[80.9379354,26.8497239],[80.9375007,26.849433]]},"properties":{"subtype":"road","class":"service","connectors":[{"connector_id":"794b3e97-5360-4ade-a81f-a80367826b62","at":0.0},{"connector_id":"4fdb3531-fc71-459e-bbfb-599356333f8d","at":1.0}],"road_surface":[{"value":"paved","between":null}],"sources":[{"property":"","dataset":"OpenStreetMap","license":"ODbL-1.0","record_id":"w212818976@1","update_time":"2013-03-26T21:22:30Z","confidence":null,"between":null}],"version":1}},
{"id":"e9b816e6-3663-4620-8810-3a27aa25c7ad","type":"Feature","geometry":{"type":"LineString","coordinates":[[80.9375007,26.849433],[80.9372806,26.8496748],[80.9374484,26.849827],[80.9375461,26.8499988],[80.9376149,26.8500651],[80.9379211,26.8503053]]},"properties":{"subtype":"road","class":"service","connectors":[{"connector_id":"4fdb3531-fc71-459e-bbfb-599356333f8d","at":0.0},{"connector_id":"794b3e97-5360-4ade-a81f-a80367826b62","at":0.689344971},{"connector_id":"7ede95ce-2e2e-41e0-bb7d-dd3117939282","at":1.0}],"road_surface":[{"value":"paved","between":null}],"sources":[{"property":"","dataset":"OpenStreetMap","license":"ODbL-1.0","record_id":"w212819126@1","update_time":"2013-03-26T21:22:35Z","confidence":null,"between":null}],"version":1}},
{"id":"6b671e6e-89aa-4335-b32c-6234517e28cb","type":"Feature","geometry":{"type":"LineString","coordinates":[[80.9386052,26.8493818],[80.9382787,26.8498689],[80.9379573,26.8502616],[80.9379211,26.8503053],[80.9377293,26.8505373],[80.9376914,26.8505682],[80.9375955,26.8506465],[80.9374693,26.8506617],[80.9373732,26.8506516],[80.9373447,26.8506414]]},"properties":{"names":{"primary":"Capper Road","common":null,"rules":[{"variant":"common","language":null,"perspectives":null,"value":"Capper Road","between":null,"side":null}]},"subtype":"road","class":"residential","connectors":[{"connector_id":"30924473-662a-4593-bfc4-6aaf9e0b5639","at":0.0},{"connector_id":"7ede95ce-2e2e-41e0-bb7d-dd3117939282","at":0.620237755},{"connector_id":"49be5d56-115f-476f-b445-a2e2a21d0d08","at":0.807303172},{"connector_id":"6be83bf0-3ff6-447b-a65a-17d70fbc44a9","at":1.0}],"road_surface":[{"value":"paved","between":null}],"sources":[{"property":"","dataset":"OpenStreetMap","license":"ODbL-1.0","record_id":"w210669985@6","update_time":"2023-08-03T04:26:22Z","confidence":null,"between":null}],"version":1}},
{"id":"c39626a3-3f7b-4552-89db-b7323a1302a7","type":"Feature","geometry":{"type":"LineString","coordinates":[[80.9366176,26.8503809],[80.9362855,26.8501759],[80.93622,26.8501355],[80.9359644,26.8499503]]},"properties":{"names":{"primary":"Capper Road","common":null,"rules":[{"variant":"common","language":null,"perspectives":null,"value":"Capper Road","between":null,"side":null}]},"subtype":"road","class":"residential","connectors":[{"connector_id":"c7ebd470-bc52-476e-a431-8292e6796fc4","at":0.0},{"connector_id":"54c44bb5-a092-4027-9397-98be1c008284","at":0.496964291},{"connector_id":"a26c988f-ec2b-4280-bd3e-a75d213a9733","at":1.0}],"road_surface":[{"value":"paved","between":null}],"sources":[{"property":"","dataset":"OpenStreetMap","license":"ODbL-1.0","record_id":"w210669985@6","update_time":"2023-08-03T04:26:22Z","confidence":null,"between":null}],"version":1}},
{"id":"947dd577-b6c6-49d5-831e-5107dc45d9b7","type":"Feature","geometry":{"type":"LineString","coordinates":[[80.9362855,26.8501759],[80.9360929,26.8504134]]},"properties":{"subtype":"road","class":"service","connectors":[{"connector_id":"54c44bb5-a092-4027-9397-98be1c008284","at":0.0},{"connector_id":"aaedf647-721f-4ddd-836b-1515d4bb2e54","at":1.0}],"sources":[{"property":"","dataset":"OpenStreetMap","license":"ODbL-1.0","record_id":"w735130306@1","update_time":"2019-10-16T08:56:29Z","confidence":null,"between":null}],"version":1}},
{"id":"eb177ce1-1a84-4480-848f-465b3bae4d06","type":"Feature","geometry":{"type":"LineString","coordinates":[[80.9366176,26.8503809],[80.9364036,26.8505709],[80.9360373,26.8508962],[80.9359409,26.8509678]]},"properties":{"subtype":"road","class":"residential","connectors":[{"connector_id":"c7ebd470-bc52-476e-a431-8292e6796fc4","at":0.0},{"connector_id":"bf34f2d2-4a61-44e5-84ae-2a1e32ac5d65","at":0.319738794},{"connector_id":"94a45a89-6205-43df-9e45-756bbed080dd","at":1.0}],"road_surface":[{"value":"paved","between":null}],"sources":[{"property":"","dataset":"OpenStreetMap","license":"ODbL-1.0","record_id":"w210669910@4","update_time":"2026-04-05T09:39:21Z","confidence":null,"between":null}],"version":1}},
{"id":"2a8ade31-a2a9-45c5-ab80-8f2c6f0f8c4e","type":"Feature","geometry":{"type":"LineString","coordinates":[[80.9373447,26.8506414],[80.9366176,26.8503809]]},"properties":{"names":{"primary":"Capper Road","common":null,"rules":[{"variant":"common","language":null,"perspectives":null,"value":"Capper Road","between":null,"side":null}]},"subtype":"road","class":"residential","connectors":[{"connector_id":"6be83bf0-3ff6-447b-a65a-17d70fbc44a9","at":0.0},{"connector_id":"c7ebd470-bc52-476e-a431-8292e6796fc4","at":1.0}],"road_surface":[{"value":"paved","between":null}],"sources":[{"property":"","dataset":"OpenStreetMap","license":"ODbL-1.0","record_id":"w210669985@6","update_time":"2023-08-03T04:26:22Z","confidence":null,"between":null}],"version":1}},
{"id":"49549721-e940-49af-9308-54b51bcb5e62","type":"Feature","geometry":{"type":"LineString","coordinates":[[80.9376914,26.8505682],[80.9377686,26.8506493],[80.9378503,26.8506528],[80.9380565,26.8505226],[80.9379211,26.8503053]]},"properties":{"subtype":"road","class":"service","connectors":[{"connector_id":"49be5d56-115f-476f-b445-a2e2a21d0d08","at":0.0},{"connector_id":"7ede95ce-2e2e-41e0-bb7d-dd3117939282","at":1.0}],"road_surface":[{"value":"paved","between":null}],"sources":[{"property":"","dataset":"OpenStreetMap","license":"ODbL-1.0","record_id":"w212819111@1","update_time":"2013-03-26T21:22:35Z","confidence":null,"between":null}],"version":1}},
{"id":"321ae02d-57c0-4e8f-b3bb-f96723c41cc4","type":"Feature","geometry":{"type":"LineString","coordinates":[[80.9373447,26.8506414],[80.9367075,26.8510638],[80.9368677,26.8512505]]},"properties":{"subtype":"road","class":"residential","connectors":[{"connector_id":"6be83bf0-3ff6-447b-a65a-17d70fbc44a9","at":0.0},{"connector_id":"4db00a92-0a07-4c1b-a397-46c17fd1c775","at":1.0}],"road_surface":[{"value":"paved","between":null}],"sources":[{"property":"","dataset":"OpenStreetMap","license":"ODbL-1.0","record_id":"w210670031@1","update_time":"2013-03-17T23:31:59Z","confidence":null,"between":null}],"version":1}},
{"id":"ba675c91-003b-411d-84a3-89b454f64118","type":"Feature","geometry":{"type":"LineString","coordinates":[[80.9359409,26.8509678],[80.9361769,26.8512063],[80.9362198,26.8512351]]},"properties":{"subtype":"road","class":"residential","connectors":[{"connector_id":"94a45a89-6205-43df-9e45-756bbed080dd","at":0.0},{"connector_id":"75b28750-d206-495d-ae7d-1477235ca3a8","at":1.0}],"sources":[{"property":"","dataset":"OpenStreetMap","license":"ODbL-1.0","record_id":"w994845761@1","update_time":"2021-10-20T08:24:55Z","confidence":null,"between":null}],"version":1}},
{"id":"a8134899-8f90-4945-8e3f-29b12c8fdc27","type":"Feature","geometry":{"type":"LineString","coordinates":[[80.934432,26.8510527],[80.9350088,26.8506364],[80.9351715,26.8505392],[80.9353527,26.8504785],[80.9358377,26.8504203],[80.9362254,26.850488],[80.9363413,26.8505166],[80.9364036,26.8505709]]},"properties":{"subtype":"road","class":"service","connectors":[{"connector_id":"ec0a3975-1185-42d6-9f04-f2411265c886","at":0.0},{"connector_id":"7546dd71-ce56-4afb-afff-b748179dc898","at":0.333392393},{"connector_id":"bf34f2d2-4a61-44e5-84ae-2a1e32ac5d65","at":1.0}],"road_surface":[{"value":"paved","between":null}],"sources":[{"property":"","dataset":"OpenStreetMap","license":"ODbL-1.0","record_id":"w210670146@1","update_time":"2024-10-22T19:04:16Z","confidence":null,"between":null}],"version":1}},
{"id":"8c8bfe66-f2ad-4572-bdaa-259b6ba8ad5c","type":"Feature","geometry":{"type":"LineString","coordinates":[[80.935427,26.851349],[80.9351606,26.8515476],[80.9349794,26.8516546],[80.9346894,26.8517896],[80.9344407,26.8518568],[80.9342654,26.8518669],[80.9339578,26.8518007],[80.9338715,26.8517824]]},"properties":{"subtype":"road","class":"residential","connectors":[{"connector_id":"03a33d7d-aa0d-46c5-b4c3-dd086350f0ab","at":0.0},{"connector_id":"ab828c6e-175e-4975-b0c9-1f6b97bfa48a","at":0.948754852},{"connector_id":"57d0a8ab-46b2-4755-80b4-560a5f7781e3","at":1.0}],"road_surface":[{"value":"paved","between":null}],"sources":[{"property":"","dataset":"OpenStreetMap","license":"ODbL-1.0","record_id":"w210669910@4","update_time":"2026-04-05T09:39:21Z","confidence":null,"between":null}],"version":2}},
{"id":"f61397d4-1ac2-4ad1-8234-6d732d06293b","type":"Feature","geometry":{"type":"LineString","coordinates":[[80.9359409,26.8509678],[80.935427,26.851349]]},"properties":{"subtype":"road","class":"residential","connectors":[{"connector_id":"94a45a89-6205-43df-9e45-756bbed080dd","at":0.0},{"connector_id":"03a33d7d-aa0d-46c5-b4c3-dd086350f0ab","at":1.0}],"road_surface":[{"value":"paved","between":null}],"sources":[{"property":"","dataset":"OpenStreetMap","license":"ODbL-1.0","record_id":"w210669910@4","update_time":"2026-04-05T09:39:21Z","confidence":null,"between":null}],"version":1}},
{"id":"d73b21d7-4918-493b-88a9-e35ba6366830","type":"Feature","geometry":{"type":"LineString","coordinates":[[80.9378965,26.8517715],[80.9375616,26.85137]]},"properties":{"subtype":"road","class":"residential","connectors":[{"connector_id":"b4b2bc2a-1317-4280-8312-22b69e01fc2c","at":0.0},{"connector_id":"f8734810-2748-4520-b926-c8f9f059f200","at":1.0}],"sources":[{"property":"","dataset":"OpenStreetMap","license":"ODbL-1.0","record_id":"w1109956483@2","update_time":"2023-08-28T08:07:30Z","confidence":null,"between":null}],"version":1}},
{"id":"037f9572-90e6-4675-be9a-f77c05c02439","type":"Feature","geometry":{"type":"LineString","coordinates":[[80.9390101,26.8517009],[80.938942,26.8516638],[80.9389028,26.8516653],[80.9388504,26.8516911],[80.9386871,26.8518012],[80.9385531,26.8518606],[80.9385222,26.8518871],[80.9385048,26.8519204],[80.9385081,26.8519503],[80.9385297,26.8520056]]},"properties":{"subtype":"road","class":"unknown","connectors":[{"connector_id":"61d4f21f-db88-4418-842b-db70306e1d1b","at":0.0},{"connector_id":"30e4de33-5c5a-465b-b8a8-c8688e7ac4f6","at":1.0}],"sources":[{"property":"","dataset":"TomTom","license":"ODbL-1.0","record_id":null,"update_time":null,"confidence":null,"between":null}],"version":1}},
{"id":"d8e8de6f-e2b1-408b-a398-cbe926e4358e","type":"Feature","geometry":{"type":"LineString","coordinates":[[80.9390101,26.8517009],[80.9387706,26.8518498],[80.9385297,26.8520056],[80.9384784,26.8520388],[80.9382342,26.8522375],[80.9381653,26.8523]]},"properties":{"names":{"primary":"Mahatma Gandhi Road","common":null,"rules":[{"variant":"common","language":null,"perspectives":null,"value":"Mahatma Gandhi Road","between":null,"side":null}]},"subtype":"road","class":"primary","connectors":[{"connector_id":"61d4f21f-db88-4418-842b-db70306e1d1b","at":0.0},{"connector_id":"30e4de33-5c5a-465b-b8a8-c8688e7ac4f6","at":0.545137731},{"connector_id":"6e746da3-cab2-4c10-9be8-632e67ecee4d","at":1.0}],"road_surface":[{"value":"paved","between":null}],"access_restrictions":[{"access_type":"denied","when":{"during":null,"heading":"backward","using":null,"recognized":null,"mode":null,"vehicle":null},"between":null}],"routes":[{"name":"National Highway 24B","network":"IN:NH","ref":null,"symbol":null,"wikidata":null,"between":null}],"sources":[{"property":"/routes","dataset":"OpenStreetMap","license":"ODbL-1.0","record_id":"r1425755@88","update_time":null,"confidence":null,"between":null},{"property":"","dataset":"OpenStreetMap","license":"ODbL-1.0","record_id":"w210669986@25","update_time":"2026-04-06T10:29:50Z","confidence":null,"between":null}],"version":3}},
{"id":"7efcb657-3ff3-4e82-b9f6-dcd994dea6cb","type":"Feature","geometry":{"type":"LineString","coordinates":[[80.9373391,26.8521215],[80.9375037,26.8520541],[80.9376881,26.851958],[80.9378965,26.8517715]]},"properties":{"subtype":"road","class":"residential","connectors":[{"connector_id":"70abeb31-861a-4d8c-b278-762b67437cc7","at":0.0},{"connector_id":"b4b2bc2a-1317-4280-8312-22b69e01fc2c","at":1.0}],"sources":[{"property":"","dataset":"OpenStreetMap","license":"ODbL-1.0","record_id":"w994845759@2","update_time":"2023-08-28T08:07:30Z","confidence":null,"between":null}],"version":1}},
{"id":"d7efeb0e-4e86-43ee-8b18-58904839922f","type":"Feature","geometry":{"type":"LineString","coordinates":[[80.937036,26.8517272],[80.9373391,26.8521215]]},"properties":{"subtype":"road","class":"residential","connectors":[{"connector_id":"45b1a195-0734-4204-b5aa-745e3aaf0b92","at":0.0},{"connector_id":"70abeb31-861a-4d8c-b278-762b67437cc7","at":1.0}],"sources":[{"property":"","dataset":"OpenStreetMap","license":"ODbL-1.0","record_id":"w994845759@2","update_time":"2023-08-28T08:07:30Z","confidence":null,"between":null}],"version":1}},
{"id":"3d9e5d6b-7eb5-4eda-b131-40eda540c67c","type":"Feature","geometry":{"type":"LineString","coordinates":[[80.9366984,26.8517461],[80.9367913,26.8516888]]},"properties":{"subtype":"road","class":"unknown","connectors":[{"connector_id":"6ef6b482-23bc-4c6f-b8cf-0d63a9cd2ea9","at":0.0},{"connector_id":"4cb18a15-9e1e-430d-b220-4685c34f1ed9","at":1.0}],"sources":[{"property":"","dataset":"TomTom","license":"ODbL-1.0","record_id":null,"update_time":null,"confidence":null,"between":null}],"version":1}},
{"id":"2c8358d1-a8a4-42c9-be62-34ea9fcee161","type":"Feature","geometry":{"type":"LineString","coordinates":[[80.935427,26.851349],[80.9355115,26.8514467],[80.9359392,26.8518754],[80.9361741,26.8521324],[80.9364236,26.8524004]]},"properties":{"names":{"primary":"Waka Qadar Road","common":null,"rules":[{"variant":"common","language":null,"perspectives":null,"value":"Waka Qadar Road","between":null,"side":null}]},"subtype":"road","class":"residential","connectors":[{"connector_id":"03a33d7d-aa0d-46c5-b4c3-dd086350f0ab","at":0.0},{"connector_id":"6a3018d8-bf4e-422d-93eb-ea8526729752","at":0.506324838},{"connector_id":"26e6439c-55f7-477e-aa20-697c86791861","at":0.747068906},{"connector_id":"8d32569a-128b-4c25-a083-2f768cb6dae1","at":1.0}],"road_surface":[{"value":"paved","between":null}],"sources":[{"property":"","dataset":"OpenStreetMap","license":"ODbL-1.0","record_id":"w210670131@2","update_time":"2024-10-22T19:04:16Z","confidence":null,"between":null}],"version":1}},
{"id":"3eb61d65-555d-4d6b-8de5-84e375ec51c2","type":"Feature","geometry":{"type":"LineString","coordinates":[[80.9359392,26.8518754],[80.9360023,26.8518254],[80.9364625,26.8514922],[80.9366984,26.8517461],[80.9362267,26.8520862],[80.9361741,26.8521324]]},"properties":{"subtype":"road","class":"service","connectors":[{"connector_id":"6a3018d8-bf4e-422d-93eb-ea8526729752","at":0.0},{"connector_id":"6ef6b482-23bc-4c6f-b8cf-0d63a9cd2ea9","at":0.606004572},{"connector_id":"26e6439c-55f7-477e-aa20-697c86791861","at":1.0}],"road_surface":[{"value":"paved","between":null}],"access_restrictions":[{"access_type":"allowed","when":{"during":null,"heading":null,"using":null,"recognized":["as_private"],"mode":null,"vehicle":null},"between":null}],"sources":[{"property":"","dataset":"OpenStreetMap","license":"ODbL-1.0","record_id":"w212819041@2","update_time":"2024-10-22T19:04:16Z","confidence":null,"between":null}],"version":2}},
{"id":"e9827b90-c22a-4498-a66d-f1c9a346a899","type":"Feature","geometry":{"type":"LineString","coordinates":[[80.9380954,26.8523008],[80.9381196,26.8520389],[80.9378965,26.8517715]]},"properties":{"subtype":"road","class":"residential","connectors":[{"connector_id":"841088ae-738e-4319-ab19-ae287cbc5fcf","at":0.0},{"connector_id":"b4b2bc2a-1317-4280-8312-22b69e01fc2c","at":1.0}],"sources":[{"property":"","dataset":"OpenStreetMap","license":"ODbL-1.0","record_id":"w1109956483@2","update_time":"2023-08-28T08:07:30Z","confidence":null,"between":null}],"version":1}},
{"id":"0b4bed49-9976-4928-834a-954a5bed0d89","type":"Feature","geometry":{"type":"LineString","coordinates":[[80.9383024,26.8523611],[80.9385401,26.8521751],[80.9388495,26.8519717],[80.939101,26.8518144]]},"properties":{"names":{"primary":"Mahatma Gandhi Road","common":null,"rules":[{"variant":"common","language":null,"perspectives":null,"value":"Mahatma Gandhi Road","between":null,"side":null}]},"subtype":"road","class":"primary","connectors":[{"connector_id":"06955e2a-e603-444a-9dc2-3a81b492c271","at":0.0},{"connector_id":"15485125-a5c9-4ee4-a9aa-6098010cf76a","at":1.0}],"road_surface":[{"value":"paved","between":null}],"access_restrictions":[{"access_type":"denied","when":{"during":null,"heading":"backward","using":null,"recognized":null,"mode":null,"vehicle":null},"between":null}],"sources":[{"property":"","dataset":"OpenStreetMap","license":"ODbL-1.0","record_id":"w210669987@22","update_time":"2026-06-10T08:43:20Z","confidence":null,"between":null}],"version":2}},
{"id":"a049a40e-5860-4e5a-8a03-00059ea04dde","type":"Feature","geometry":{"type":"LineString","coordinates":[[80.9381653,26.8523],[80.9383024,26.8523611]]},"properties":{"subtype":"road","class":"residential","connectors":[{"connector_id":"6e746da3-cab2-4c10-9be8-632e67ecee4d","at":0.0},{"connector_id":"06955e2a-e603-444a-9dc2-3a81b492c271","at":1.0}],"road_surface":[{"value":"paved","between":null}],"sources":[{"property":"","dataset":"OpenStreetMap","license":"ODbL-1.0","record_id":"w210670156@3","update_time":"2025-08-03T01:49:15Z","confidence":null,"between":null}],"version":2}},
{"id":"9331680b-299b-4728-99b7-e6b8e3ad3129","type":"Feature","geometry":{"type":"LineString","coordinates":[[80.9376099,26.8525182],[80.9377453,26.8524523],[80.9378296,26.8524113],[80.9379249,26.8523649],[80.9380954,26.8523008]]},"properties":{"subtype":"road","class":"residential","connectors":[{"connector_id":"987d0cb9-882b-4960-9186-58e9231abac2","at":0.0},{"connector_id":"6902143a-69db-4d39-84db-ad3481c63f0e","at":0.283568918},{"connector_id":"d74aba63-d14d-404f-88c3-fa9fd010d798","at":0.460090217},{"connector_id":"841088ae-738e-4319-ab19-ae287cbc5fcf","at":1.0}],"road_surface":[{"value":"paved","between":null}],"sources":[{"property":"","dataset":"OpenStreetMap","license":"ODbL-1.0","record_id":"w210670156@3","update_time":"2025-08-03T01:49:15Z","confidence":null,"between":null}],"version":3}},
{"id":"504e1bab-9bde-4c90-b8f3-62e99a60db01","type":"Feature","geometry":{"type":"LineString","coordinates":[[80.9380954,26.8523008],[80.9381653,26.8523]]},"properties":{"subtype":"road","class":"residential","connectors":[{"connector_id":"841088ae-738e-4319-ab19-ae287cbc5fcf","at":0.0},{"connector_id":"6e746da3-cab2-4c10-9be8-632e67ecee4d","at":1.0}],"road_surface":[{"value":"paved","between":null}],"sources":[{"property":"","dataset":"OpenStreetMap","license":"ODbL-1.0","record_id":"w210670156@3","update_time":"2025-08-03T01:49:15Z","confidence":null,"between":null}],"version":2}},
{"id":"4148d6ce-922c-462d-b188-4940341aa835","type":"Feature","geometry":{"type":"LineString","coordinates":[[80.9373391,26.8521215],[80.9376099,26.8525182]]},"properties":{"subtype":"road","class":"residential","connectors":[{"connector_id":"70abeb31-861a-4d8c-b278-762b67437cc7","at":0.0},{"connector_id":"987d0cb9-882b-4960-9186-58e9231abac2","at":1.0}],"sources":[{"property":"","dataset":"OpenStreetMap","license":"ODbL-1.0","record_id":"w1202717864@1","update_time":"2023-08-28T08:07:30Z","confidence":null,"between":null}],"version":1}},
{"id":"8256189e-a2de-48ee-b345-74084a6c4dda","type":"Feature","geometry":{"type":"LineString","coordinates":[[80.9377453,26.8524523],[80.9378531,26.8525645],[80.9378691,26.8525811]]},"properties":{"subtype":"road","class":"service","connectors":[{"connector_id":"6902143a-69db-4d39-84db-ad3481c63f0e","at":0.0},{"connector_id":"07376692-8a13-4f74-a723-ad926531800a","at":0.870964986},{"connector_id":"a2316db7-7cb5-422b-b582-d13664be94f6","at":1.0}],"sources":[{"property":"","dataset":"OpenStreetMap","license":"ODbL-1.0","record_id":"w1419507098@2","update_time":"2026-03-29T08:49:01Z","confidence":null,"between":null}],"version":2}},
{"id":"86dd864a-0cb4-456e-9451-9050ec448bc1","type":"Feature","geometry":{"type":"LineString","coordinates":[[80.9378296,26.8524113],[80.9379349,26.8525049]]},"properties":{"subtype":"road","class":"service","connectors":[{"connector_id":"d74aba63-d14d-404f-88c3-fa9fd010d798","at":0.0},{"connector_id":"eb6f29b2-a270-4625-8dbd-a273e07c8f5b","at":1.0}],"sources":[{"property":"","dataset":"OpenStreetMap","license":"ODbL-1.0","record_id":"w1419507089@1","update_time":"2025-08-03T01:49:15Z","confidence":null,"between":null}],"version":1}},
{"id":"310c383d-6837-4b60-95aa-774040fd0aa4","type":"Feature","geometry":{"type":"LineString","coordinates":[[80.939101,26.8518144],[80.939276,26.8521061],[80.939336,26.8522821],[80.9393306,26.8523843],[80.9392707,26.852559],[80.9391328,26.8527232],[80.9386858,26.8532556],[80.9386287,26.8533588]]},"properties":{"subtype":"road","class":"tertiary","connectors":[{"connector_id":"15485125-a5c9-4ee4-a9aa-6098010cf76a","at":0.0},{"connector_id":"a555e26d-8071-41e7-bc4d-9041c4229f1d","at":0.562726493},{"connector_id":"a04b30d2-8521-4930-b863-1e29719c0a20","at":1.0}],"road_surface":[{"value":"paved","between":null}],"access_restrictions":[{"access_type":"denied","when":{"during":null,"heading":"backward","using":null,"recognized":null,"mode":null,"vehicle":null},"between":null}],"sources":[{"property":"","dataset":"OpenStreetMap","license":"ODbL-1.0","record_id":"w210669932@3","update_time":"2025-08-03T01:49:15Z","confidence":null,"between":null}],"version":2}},
{"id":"c52be786-4b38-4583-98ed-604ef0053248","type":"Feature","geometry":{"type":"LineString","coordinates":[[80.9374621,26.8533838],[80.9378367,26.8529451],[80.9383024,26.8523611]]},"properties":{"names":{"primary":"Mahatma Gandhi Road","common":null,"rules":[{"variant":"common","language":null,"perspectives":null,"value":"Mahatma Gandhi Road","between":null,"side":null}]},"subtype":"road","class":"primary","connectors":[{"connector_id":"6953a23b-1323-4f95-8d3f-4bc929699dc0","at":0.0},{"connector_id":"06955e2a-e603-444a-9dc2-3a81b492c271","at":1.0}],"road_surface":[{"value":"paved","between":null}],"access_restrictions":[{"access_type":"denied","when":{"during":null,"heading":"backward","using":null,"recognized":null,"mode":null,"vehicle":null},"between":null}],"sources":[{"property":"","dataset":"OpenStreetMap","license":"ODbL-1.0","record_id":"w210669987@22","update_time":"2026-06-10T08:43:20Z","confidence":null,"between":null}],"version":2}},
{"id":"e4cb9b4e-42d6-4a59-9513-6d25de069f35","type":"Feature","geometry":{"type":"LineString","coordinates":[[80.9381653,26.8523],[80.9379349,26.8525049],[80.9378691,26.8525811],[80.9372685,26.8533597]]},"properties":{"names":{"primary":"Mahatma Gandhi Road","common":null,"rules":[{"variant":"common","language":null,"perspectives":null,"value":"Mahatma Gandhi Road","between":null,"side":null}]},"subtype":"road","class":"primary","connectors":[{"connector_id":"6e746da3-cab2-4c10-9be8-632e67ecee4d","at":0.0},{"connector_id":"eb6f29b2-a270-4625-8dbd-a273e07c8f5b","at":0.218122343},{"connector_id":"a2316db7-7cb5-422b-b582-d13664be94f6","at":0.290362956},{"connector_id":"e74b4727-ac7d-4675-97a6-c50d0f41a220","at":1.0}],"road_surface":[{"value":"paved","between":null}],"access_restrictions":[{"access_type":"denied","when":{"during":null,"heading":"backward","using":null,"recognized":null,"mode":null,"vehicle":null},"between":null}],"routes":[{"name":"National Highway 24B","network":"IN:NH","ref":null,"symbol":null,"wikidata":null,"between":null}],"sources":[{"property":"/routes","dataset":"OpenStreetMap","license":"ODbL-1.0","record_id":"r1425755@88","update_time":null,"confidence":null,"between":null},{"property":"","dataset":"OpenStreetMap","license":"ODbL-1.0","record_id":"w210669986@25","update_time":"2026-04-06T10:29:50Z","confidence":null,"between":null}],"version":2}},
{"id":"1702b945-9a67-4a17-9d05-dbdd4043fb3f","type":"Feature","geometry":{"type":"LineString","coordinates":[[80.9364236,26.8524004],[80.9364403,26.8524663],[80.9365135,26.852606],[80.9367608,26.8529999]]},"properties":{"names":{"primary":"Waka Qadar Road","common":null,"rules":[{"variant":"common","language":null,"perspectives":null,"value":"Waka Qadar Road","between":null,"side":null}]},"subtype":"road","class":"residential","connectors":[{"connector_id":"8d32569a-128b-4c25-a083-2f768cb6dae1","at":0.0},{"connector_id":"b468c66f-dd02-4c1a-9b8a-8d53112be759","at":1.0}],"road_surface":[{"value":"paved","between":null}],"access_restrictions":[{"access_type":"denied","when":{"during":null,"heading":"backward","using":null,"recognized":null,"mode":null,"vehicle":null},"between":null}],"sources":[{"property":"","dataset":"OpenStreetMap","license":"ODbL-1.0","record_id":"w210669996@4","update_time":"2024-10-22T19:04:16Z","confidence":null,"between":null}],"version":1}},
{"id":"bcdd6b86-e4cc-49d3-b96a-be3e918dc1d1","type":"Feature","geometry":{"type":"LineString","coordinates":[[80.9370524,26.8527872],[80.9373972,26.8526217],[80.9376099,26.8525182]]},"properties":{"subtype":"road","class":"residential","connectors":[{"connector_id":"8f447f16-2fcb-4062-aee2-e87bc78608e8","at":0.0},{"connector_id":"987d0cb9-882b-4960-9186-58e9231abac2","at":1.0}],"road_surface":[{"value":"paved","between":null}],"sources":[{"property":"","dataset":"OpenStreetMap","license":"ODbL-1.0","record_id":"w210670156@3","update_time":"2025-08-03T01:49:15Z","confidence":null,"between":null}],"version":1}},
{"id":"fde5f04f-8c68-4f28-b1e7-1952cacda4d8","type":"Feature","geometry":{"type":"LineString","coordinates":[[80.9370524,26.8527872],[80.9366997,26.852505],[80.9364908,26.8524176],[80.9364236,26.8524004]]},"properties":{"names":{"primary":"Waka Qadar Road","common":null,"rules":[{"variant":"common","language":null,"perspectives":null,"value":"Waka Qadar Road","between":null,"side":null}]},"subtype":"road","class":"residential","connectors":[{"connector_id":"8f447f16-2fcb-4062-aee2-e87bc78608e8","at":0.0},{"connector_id":"8d32569a-128b-4c25-a083-2f768cb6dae1","at":1.0}],"road_surface":[{"value":"paved","between":null}],"access_restrictions":[{"access_type":"denied","when":{"during":null,"heading":"backward","using":null,"recognized":null,"mode":null,"vehicle":null},"between":null}],"sources":[{"property":"","dataset":"OpenStreetMap","license":"ODbL-1.0","record_id":"w210670025@4","update_time":"2024-10-22T19:04:16Z","confidence":null,"between":null}],"version":1}},
{"id":"a16c15ac-9318-4f17-b9f6-fa87e14773db","type":"Feature","geometry":{"type":"LineString","coordinates":[[80.9363277,26.8533541],[80.9361503,26.8531506]]},"properties":{"subtype":"road","class":"unknown","connectors":[{"connector_id":"00487f0e-7a87-4bd6-9741-f8cadd9158d5","at":0.0},{"connector_id":"8ce3abe4-829f-44a8-8d5a-1248ab5ade68","at":1.0}],"sources":[{"property":"","dataset":"TomTom","license":"ODbL-1.0","record_id":null,"update_time":null,"confidence":null,"between":null}],"version":1}},
{"id":"c7f814d1-7fe9-4b05-b7a6-ec2b9272560f","type":"Feature","geometry":{"type":"LineString","coordinates":[[80.9363149,26.8536038],[80.9364419,26.8534639],[80.9364832,26.8534451],[80.9365753,26.8534411],[80.9366778,26.8533318],[80.9368658,26.853155],[80.9369382,26.8530268],[80.9369861,26.8529947],[80.9372049,26.8529608],[80.9373127,26.853013],[80.9373696,26.8530679],[80.9373766,26.8530915],[80.937294,26.8531834],[80.9371281,26.8533055],[80.9370404,26.8534006],[80.936824,26.8536357]]},"properties":{"subtype":"road","class":"footway","connectors":[{"connector_id":"e51d3226-68d1-455d-a87a-8ed00d4da791","at":0.0},{"connector_id":"19646a6f-745c-4e31-8251-4a3fb2f99019","at":0.149607197},{"connector_id":"b1cb8a3f-03bf-488a-b012-4377bb4ac502","at":0.850288027},{"connector_id":"2c2525ba-34e0-4002-a28d-7d236901f80a","at":1.0}],"sources":[{"property":"","dataset":"OpenStreetMap","license":"ODbL-1.0","record_id":"w1419507092@1","update_time":"2025-08-03T01:49:15Z","confidence":null,"between":null}],"version":1}},
{"id":"0897bb8b-85b8-4b92-86e6-8a2e30e4d2a4","type":"Feature","geometry":{"type":"LineString","coordinates":[[80.9367608,26.8529999],[80.9370524,26.8527872]]},"properties":{"subtype":"road","class":"residential","connectors":[{"connector_id":"b468c66f-dd02-4c1a-9b8a-8d53112be759","at":0.0},{"connector_id":"8f447f16-2fcb-4062-aee2-e87bc78608e8","at":1.0}],"road_surface":[{"value":"paved","between":null}],"sources":[{"property":"","dataset":"OpenStreetMap","license":"ODbL-1.0","record_id":"w210670156@3","update_time":"2025-08-03T01:49:15Z","confidence":null,"between":null}],"version":1}},
{"id":"61758511-b7b5-4433-b605-a1d846f5c331","type":"Feature","geometry":{"type":"LineString","coordinates":[[80.9374621,26.8533838],[80.9372685,26.8533597]]},"properties":{"subtype":"road","class":"tertiary","connectors":[{"connector_id":"6953a23b-1323-4f95-8d3f-4bc929699dc0","at":0.0},{"connector_id":"e74b4727-ac7d-4675-97a6-c50d0f41a220","at":1.0}],"road_surface":[{"value":"paved","between":null}],"access_restrictions":[{"access_type":"denied","when":{"during":null,"heading":"backward","using":null,"recognized":null,"mode":null,"vehicle":null},"between":null}],"sources":[{"property":"","dataset":"OpenStreetMap","license":"ODbL-1.0","record_id":"w210670067@2","update_time":"2024-05-03T11:41:09Z","confidence":null,"between":null}],"version":1}},
{"id":"f08269c8-3ee2-41be-a022-5c58e97e268b","type":"Feature","geometry":{"type":"LineString","coordinates":[[80.9373742,26.8534594],[80.9374621,26.8533838]]},"properties":{"names":{"primary":"Mahatma Gandhi Road","common":null,"rules":[{"variant":"common","language":null,"perspectives":null,"value":"Mahatma Gandhi Road","between":null,"side":null}]},"subtype":"road","class":"primary","connectors":[{"connector_id":"581f9c17-0095-4998-be27-8d115530dfdb","at":0.0},{"connector_id":"6953a23b-1323-4f95-8d3f-4bc929699dc0","at":1.0}],"road_surface":[{"value":"paved","between":null}],"access_restrictions":[{"access_type":"denied","when":{"during":null,"heading":"backward","using":null,"recognized":null,"mode":null,"vehicle":null},"between":null}],"sources":[{"property":"","dataset":"OpenStreetMap","license":"ODbL-1.0","record_id":"w210669987@22","update_time":"2026-06-10T08:43:20Z","confidence":null,"between":null}],"version":2}},
{"id":"9e0f5fe9-babe-49c9-b337-f8dd52c83578","type":"Feature","geometry":{"type":"LineString","coordinates":[[80.9373742,26.8534594],[80.9376926,26.8534367],[80.9386235,26.8534215]]},"properties":{"subtype":"road","class":"tertiary","connectors":[{"connector_id":"581f9c17-0095-4998-be27-8d115530dfdb","at":0.0},{"connector_id":"bdaa5dbd-77fa-41fa-814a-e87752d8f85a","at":1.0}],"road_surface":[{"value":"paved","between":null}],"access_restrictions":[{"access_type":"denied","when":{"during":null,"heading":"backward","using":null,"recognized":null,"mode":null,"vehicle":null},"between":null}],"sources":[{"property":"","dataset":"OpenStreetMap","license":"ODbL-1.0","record_id":"w210670109@2","update_time":"2024-05-03T11:41:09Z","confidence":null,"between":null}],"version":1}},
{"id":"426ee033-2e20-4d98-bc0e-51a929db159f","type":"Feature","geometry":{"type":"LineString","coordinates":[[80.9386287,26.8533588],[80.9374621,26.8533838]]},"properties":{"subtype":"road","class":"tertiary","connectors":[{"connector_id":"a04b30d2-8521-4930-b863-1e29719c0a20","at":0.0},{"connector_id":"6953a23b-1323-4f95-8d3f-4bc929699dc0","at":1.0}],"road_surface":[{"value":"paved","between":null}],"access_restrictions":[{"access_type":"denied","when":{"during":null,"heading":"backward","using":null,"recognized":null,"mode":null,"vehicle":null},"between":null}],"sources":[{"property":"","dataset":"OpenStreetMap","license":"ODbL-1.0","record_id":"w210670067@2","update_time":"2024-05-03T11:41:09Z","confidence":null,"between":null}],"version":1}},
{"id":"ca69d230-3c97-4123-a298-1521e292d8f3","type":"Feature","geometry":{"type":"LineString","coordinates":[[80.9386948,26.8533612],[80.9386287,26.8533588]]},"properties":{"subtype":"road","class":"tertiary","connectors":[{"connector_id":"aa3f8b4b-58ff-4e1a-b9e3-dfd9e273a6dd","at":0.0},{"connector_id":"a04b30d2-8521-4930-b863-1e29719c0a20","at":1.0}],"road_surface":[{"value":"paved","between":null}],"access_restrictions":[{"access_type":"denied","when":{"during":null,"heading":"backward","using":null,"recognized":null,"mode":null,"vehicle":null},"between":null}],"sources":[{"property":"","dataset":"OpenStreetMap","license":"ODbL-1.0","record_id":"w210670067@2","update_time":"2024-05-03T11:41:09Z","confidence":null,"between":null}],"version":1}},
{"id":"70bc81a7-17d3-4e64-824b-78b96b8fef05","type":"Feature","geometry":{"type":"LineString","coordinates":[[80.938696,26.8534227],[80.9387573,26.8533992],[80.9386948,26.8533612]]},"properties":{"subtype":"road","class":"tertiary","connectors":[{"connector_id":"8c8828cf-820e-48db-ab2d-a7b0b921ef66","at":0.0},{"connector_id":"39cd4474-60e3-44d9-b82a-0a9b0efddeff","at":0.468905422},{"connector_id":"aa3f8b4b-58ff-4e1a-b9e3-dfd9e273a6dd","at":1.0}],"road_surface":[{"value":"paved","between":null}],"access_restrictions":[{"access_type":"denied","when":{"during":null,"heading":"backward","using":null,"recognized":null,"mode":null,"vehicle":null},"between":null}],"sources":[{"property":"","dataset":"OpenStreetMap","license":"ODbL-1.0","record_id":"w210670109@2","update_time":"2024-05-03T11:41:09Z","confidence":null,"between":[0.0,0.469237243]},{"property":"","dataset":"OpenStreetMap","license":"ODbL-1.0","record_id":"w210670067@2","update_time":"2024-05-03T11:41:09Z","confidence":null,"between":[0.469237243,1.0]}],"version":1}},
{"id":"5255a880-c83b-4d5c-875e-a80d62d72eb0","type":"Feature","geometry":{"type":"LineString","coordinates":[[80.938696,26.8534227],[80.9386948,26.8533612]]},"properties":{"subtype":"road","class":"tertiary","connectors":[{"connector_id":"8c8828cf-820e-48db-ab2d-a7b0b921ef66","at":0.0},{"connector_id":"aa3f8b4b-58ff-4e1a-b9e3-dfd9e273a6dd","at":1.0}],"road_surface":[{"value":"paved","between":null}],"access_restrictions":[{"access_type":"denied","when":{"during":null,"heading":"backward","using":null,"recognized":null,"mode":null,"vehicle":null},"between":null}],"sources":[{"property":"","dataset":"OpenStreetMap","license":"ODbL-1.0","record_id":"w210669913@7","update_time":"2025-08-03T01:49:15Z","confidence":null,"between":null}],"version":1}},
{"id":"ea3e40a3-f6b6-4a29-a726-265ac96384f5","type":"Feature","geometry":{"type":"LineString","coordinates":[[80.9386287,26.8533588],[80.9386271,26.8533769],[80.9386235,26.8534215]]},"properties":{"subtype":"road","class":"tertiary","connectors":[{"connector_id":"a04b30d2-8521-4930-b863-1e29719c0a20","at":0.0},{"connector_id":"bdaa5dbd-77fa-41fa-814a-e87752d8f85a","at":1.0}],"road_surface":[{"value":"paved","between":null}],"access_restrictions":[{"access_type":"denied","when":{"during":null,"heading":"backward","using":null,"recognized":null,"mode":null,"vehicle":null},"between":null}],"sources":[{"property":"","dataset":"OpenStreetMap","license":"ODbL-1.0","record_id":"w210669932@3","update_time":"2025-08-03T01:49:15Z","confidence":null,"between":null}],"version":1}},
{"id":"7c79f750-6fb4-4c56-a94f-785af44dd032","type":"Feature","geometry":{"type":"LineString","coordinates":[[80.9386235,26.8534215],[80.938696,26.8534227]]},"properties":{"subtype":"road","class":"tertiary","connectors":[{"connector_id":"bdaa5dbd-77fa-41fa-814a-e87752d8f85a","at":0.0},{"connector_id":"8c8828cf-820e-48db-ab2d-a7b0b921ef66","at":1.0}],"road_surface":[{"value":"paved","between":null}],"access_restrictions":[{"access_type":"denied","when":{"during":null,"heading":"backward","using":null,"recognized":null,"mode":null,"vehicle":null},"between":null}],"sources":[{"property":"","dataset":"OpenStreetMap","license":"ODbL-1.0","record_id":"w210670109@2","update_time":"2024-05-03T11:41:09Z","confidence":null,"between":null}],"version":1}},
{"id":"279c0102-0628-42d3-a86a-fc8f45307c32","type":"Feature","geometry":{"type":"LineString","coordinates":[[80.9369542,26.8536966],[80.9369134,26.8536686],[80.9369377,26.8536401],[80.9369892,26.8536759]]},"properties":{"subtype":"road","class":"footway","connectors":[{"connector_id":"f8d38c71-4fa2-4a82-b380-9670b19ca6a5","at":0.0},{"connector_id":"a28e0892-c65f-4389-bee5-679ce660f93b","at":1.0}],"road_flags":[{"values":["is_covered"],"between":[0.328482002,1.0]}],"sources":[{"property":"","dataset":"OpenStreetMap","license":"ODbL-1.0","record_id":"w1493851906@1","update_time":"2026-03-29T08:49:01Z","confidence":null,"between":[0.0,0.328482002]},{"property":"","dataset":"OpenStreetMap","license":"ODbL-1.0","record_id":"w1493851905@1","update_time":"2026-03-29T08:49:01Z","confidence":null,"between":[0.328482002,1.0]}],"version":1}},
{"id":"2cdff526-1f5e-4c9d-a445-e74823e329e4","type":"Feature","geometry":{"type":"LineString","coordinates":[[80.9369947,26.853726],[80.936981,26.8537175],[80.9369767,26.8537148]]},"properties":{"subtype":"road","class":"footway","connectors":[{"connector_id":"e9d90695-1484-4f08-baa6-767f8a6cce96","at":0.0},{"connector_id":"d32a2416-82cd-4d0e-a281-425e1c84190c","at":0.760400533},{"connector_id":"460b7c99-a4bd-401a-9beb-370e3c543b69","at":1.0}],"road_flags":[{"values":["is_covered"],"between":null}],"access_restrictions":[{"access_type":"allowed","when":{"during":null,"heading":null,"using":null,"recognized":null,"mode":["foot"],"vehicle":null},"between":null}],"sources":[{"property":"","dataset":"OpenStreetMap","license":"ODbL-1.0","record_id":"w1493852637@1","update_time":"2026-03-29T08:59:25Z","confidence":null,"between":null}],"version":1}},
{"id":"013be9c2-090a-4f91-af3f-711e724edd00","type":"Feature","geometry":{"type":"LineString","coordinates":[[80.936988,26.8537092],[80.936981,26.8537175]]},"properties":{"subtype":"road","class":"footway","connectors":[{"connector_id":"6279c471-7826-4e86-bbde-2953e2f3d7bc","at":0.0},{"connector_id":"d32a2416-82cd-4d0e-a281-425e1c84190c","at":1.0}],"road_flags":[{"values":["is_covered"],"between":null}],"sources":[{"property":"","dataset":"OpenStreetMap","license":"ODbL-1.0","record_id":"w1493852639@1","update_time":"2026-03-29T08:59:25Z","confidence":null,"between":null}],"version":1}},
{"id":"2b73e1f3-9eb2-42bf-b59e-fc48e5b6d5ed","type":"Feature","geometry":{"type":"LineString","coordinates":[[80.9369767,26.8537148],[80.9369689,26.85371]]},"properties":{"subtype":"road","class":"steps","connectors":[{"connector_id":"460b7c99-a4bd-401a-9beb-370e3c543b69","at":0.0},{"connector_id":"62d2ced3-4126-44ce-b6d0-b9a527ca3323","at":1.0}],"road_flags":[{"values":["is_covered"],"between":null}],"access_restrictions":[{"access_type":"allowed","when":{"during":null,"heading":null,"using":null,"recognized":null,"mode":["foot"],"vehicle":null},"between":null}],"sources":[{"property":"","dataset":"OpenStreetMap","license":"ODbL-1.0","record_id":"w1493852638@1","update_time":"2026-03-29T08:59:25Z","confidence":null,"between":null}],"version":1}},
{"id":"846574d7-9a57-4fe5-91f7-4ae6bb448fc9","type":"Feature","geometry":{"type":"LineString","coordinates":[[80.9370404,26.8534006],[80.9365753,26.8534411],[80.936824,26.8536357],[80.9366023,26.8538902]]},"properties":{"subtype":"road","class":"footway","connectors":[{"connector_id":"b1cb8a3f-03bf-488a-b012-4377bb4ac502","at":0.0},{"connector_id":"19646a6f-745c-4e31-8251-4a3fb2f99019","at":0.403737838},{"connector_id":"2c2525ba-34e0-4002-a28d-7d236901f80a","at":0.68888819},{"connector_id":"f128c49c-d8c5-4c27-9958-2dbdd42c3b0b","at":1.0}],"sources":[{"property":"","dataset":"OpenStreetMap","license":"ODbL-1.0","record_id":"w1419507102@1","update_time":"2025-08-03T01:49:15Z","confidence":null,"between":[0.0,0.40373377]},{"property":"","dataset":"OpenStreetMap","license":"ODbL-1.0","record_id":"w1419507112@1","update_time":"2025-08-03T01:49:15Z","confidence":null,"between":[0.40373377,1.0]}],"version":1}},
{"id":"03b0cac5-5fe0-4e6c-bb64-e865f2e05f83","type":"Feature","geometry":{"type":"LineString","coordinates":[[80.9362793,26.8545041],[80.9369542,26.8536966],[80.9369781,26.8536681],[80.9371647,26.8534448],[80.9372049,26.8533967],[80.9378531,26.8525645]]},"properties":{"subtype":"road","class":"footway","connectors":[{"connector_id":"07e6f9e2-b10b-4d8f-ae45-c43bcff420d5","at":0.0},{"connector_id":"f8d38c71-4fa2-4a82-b380-9670b19ca6a5","at":0.420639144},{"connector_id":"340a349e-cac5-42c3-887b-f90b753f5071","at":0.551816673},{"connector_id":"07376692-8a13-4f74-a723-ad926531800a","at":1.0}],"sources":[{"property":"","dataset":"OpenStreetMap","license":"ODbL-1.0","record_id":"w1493851910@1","update_time":"2026-03-29T08:49:01Z","confidence":null,"between":null}],"version":1}},
{"id":"3e9da479-c9f4-4ca9-9fce-d0e31c9057b3","type":"Feature","geometry":{"type":"LineString","coordinates":[[80.9371274,26.8534546],[80.9371084,26.8534771]]},"properties":{"subtype":"road","class":"steps","connectors":[{"connector_id":"9261c726-c874-4e8b-9982-ee82ca5215fa","at":0.0},{"connector_id":"ee65cb95-a90f-423e-b5dd-93a8df48db63","at":1.0}],"road_flags":[{"values":["is_covered"],"between":null}],"access_restrictions":[{"access_type":"allowed","when":null,"between":null},{"access_type":"denied","when":{"during":null,"heading":"backward","using":null,"recognized":null,"mode":null,"vehicle":null},"between":null}],"sources":[{"property":"","dataset":"OpenStreetMap","license":"ODbL-1.0","record_id":"w1493852369@1","update_time":"2026-03-29T08:54:30Z","confidence":null,"between":null}],"version":1}},
{"id":"401897b9-d61c-49cd-936e-72785dc1cac4","type":"Feature","geometry":{"type":"LineString","coordinates":[[80.9371473,26.8534323],[80.9371303,26.8534516],[80.9371274,26.8534546],[80.937127,26.853455],[80.9371113,26.8534793]]},"properties":{"subtype":"road","class":"steps","connectors":[{"connector_id":"9067a15b-152f-47a6-a752-0ff7e198c07c","at":0.0},{"connector_id":"9261c726-c874-4e8b-9982-ee82ca5215fa","at":0.499514555},{"connector_id":"d199549d-50d3-45eb-8e25-bb29f93af2f5","at":1.0}],"road_flags":[{"values":["is_covered"],"between":[0.430820884,1.0]}],"access_restrictions":[{"access_type":"allowed","when":null,"between":[0.430820884,1.0]}],"sources":[{"property":"","dataset":"OpenStreetMap","license":"ODbL-1.0","record_id":"w1493851908@1","update_time":"2026-03-29T08:54:30Z","confidence":null,"between":[0.0,0.430820884]},{"property":"","dataset":"OpenStreetMap","license":"ODbL-1.0","record_id":"w1493852370@1","update_time":"2026-03-29T08:54:30Z","confidence":null,"between":[0.430820884,1.0]}],"version":1}},
{"id":"b9dd8097-e3c0-4a24-bc59-32128faab544","type":"Feature","geometry":{"type":"LineString","coordinates":[[80.9371647,26.8534448],[80.9371473,26.8534323]]},"properties":{"subtype":"road","class":"footway","connectors":[{"connector_id":"340a349e-cac5-42c3-887b-f90b753f5071","at":0.0},{"connector_id":"9067a15b-152f-47a6-a752-0ff7e198c07c","at":1.0}],"sources":[{"property":"","dataset":"OpenStreetMap","license":"ODbL-1.0","record_id":"w1493851907@1","update_time":"2026-03-29T08:49:01Z","confidence":null,"between":null}],"version":1}},
{"id":"a4dc8d73-b7de-487e-8e84-64298a1c4222","type":"Feature","geometry":{"type":"LineString","coordinates":[[80.9371775,26.8534471],[80.9373742,26.8534594]]},"properties":{"subtype":"road","class":"tertiary","connectors":[{"connector_id":"8f767541-b0bd-4369-8a40-613e019d17b5","at":0.0},{"connector_id":"581f9c17-0095-4998-be27-8d115530dfdb","at":1.0}],"road_surface":[{"value":"paved","between":null}],"access_restrictions":[{"access_type":"denied","when":{"during":null,"heading":"backward","using":null,"recognized":null,"mode":null,"vehicle":null},"between":null}],"sources":[{"property":"","dataset":"OpenStreetMap","license":"ODbL-1.0","record_id":"w210670109@2","update_time":"2024-05-03T11:41:09Z","confidence":null,"between":null}],"version":1}},
{"id":"35ce41c6-6108-492d-b2e5-01450ce96b5f","type":"Feature","geometry":{"type":"LineString","coordinates":[[80.9372685,26.8533597],[80.9371775,26.8534471]]},"properties":{"names":{"primary":"Mahatma Gandhi Road","common":null,"rules":[{"variant":"common","language":null,"perspectives":null,"value":"Mahatma Gandhi Road","between":null,"side":null}]},"subtype":"road","class":"primary","connectors":[{"connector_id":"e74b4727-ac7d-4675-97a6-c50d0f41a220","at":0.0},{"connector_id":"8f767541-b0bd-4369-8a40-613e019d17b5","at":1.0}],"road_surface":[{"value":"paved","between":null}],"access_restrictions":[{"access_type":"denied","when":{"during":null,"heading":"backward","using":null,"recognized":null,"mode":null,"vehicle":null},"between":null}],"routes":[{"name":"National Highway 24B","network":"IN:NH","ref":null,"symbol":null,"wikidata":null,"between":null}],"sources":[{"property":"/routes","dataset":"OpenStreetMap","license":"ODbL-1.0","record_id":"r1425755@88","update_time":null,"confidence":null,"between":null},{"property":"","dataset":"OpenStreetMap","license":"ODbL-1.0","record_id":"w210669986@25","update_time":"2026-04-06T10:29:50Z","confidence":null,"between":null}],"version":1}},
{"id":"2040dcd1-f78f-4724-b500-e2d00dea8290","type":"Feature","geometry":{"type":"LineString","coordinates":[[80.9355884,26.8539961],[80.9356566,26.8538967],[80.9363277,26.8533541],[80.9366778,26.853071],[80.9367608,26.8529999]]},"properties":{"subtype":"road","class":"residential","connectors":[{"connector_id":"e6bae219-a283-4b98-9852-76d70eee820d","at":0.0},{"connector_id":"00487f0e-7a87-4bd6-9741-f8cadd9158d5","at":0.638133308},{"connector_id":"b468c66f-dd02-4c1a-9b8a-8d53112be759","at":1.0}],"road_surface":[{"value":"paved","between":null}],"sources":[{"property":"","dataset":"OpenStreetMap","license":"ODbL-1.0","record_id":"w210670156@3","update_time":"2025-08-03T01:49:15Z","confidence":null,"between":null}],"version":3}},
{"id":"c41506af-0960-4686-8637-5b017fc54a17","type":"Feature","geometry":{"type":"LineString","coordinates":[[80.9363149,26.8536038],[80.9366023,26.8538902]]},"properties":{"subtype":"road","class":"footway","connectors":[{"connector_id":"e51d3226-68d1-455d-a87a-8ed00d4da791","at":0.0},{"connector_id":"f128c49c-d8c5-4c27-9958-2dbdd42c3b0b","at":1.0}],"sources":[{"property":"","dataset":"OpenStreetMap","license":"ODbL-1.0","record_id":"w1419507121@1","update_time":"2025-08-03T01:49:15Z","confidence":null,"between":null}],"version":1}},
{"id":"707baa48-3a13-45b6-baff-029df7997dbc","type":"Feature","geometry":{"type":"LineString","coordinates":[[80.9366023,26.8538902],[80.9365576,26.8539267],[80.9365253,26.8538952],[80.9363091,26.8536797],[80.9362486,26.8536195],[80.9362941,26.8535831],[80.9363149,26.8536038]]},"properties":{"subtype":"road","class":"footway","connectors":[{"connector_id":"f128c49c-d8c5-4c27-9958-2dbdd42c3b0b","at":0.0},{"connector_id":"15607ab7-4278-4849-a3cb-722b200a8bec","at":0.176226195},{"connector_id":"e05107e1-a511-4671-a86b-5a1e28a43650","at":0.702827118},{"connector_id":"e51d3226-68d1-455d-a87a-8ed00d4da791","at":1.0}],"sources":[{"property":"","dataset":"OpenStreetMap","license":"ODbL-1.0","record_id":"w1419507121@1","update_time":"2025-08-03T01:49:15Z","confidence":null,"between":null}],"version":1}},
{"id":"65fd46e9-a6c9-47cf-8d03-19f3bfcfc7a6","type":"Feature","geometry":{"type":"LineString","coordinates":[[80.9365253,26.8538952],[80.9364589,26.8539826],[80.9364382,26.8542213],[80.9364134,26.8542794],[80.9362901,26.8543891],[80.9362704,26.8544004],[80.9362488,26.8543948],[80.9362384,26.8543803],[80.936165,26.8542194],[80.9360248,26.8540646],[80.9359125,26.8539945],[80.9358984,26.8539681],[80.935907,26.8539325],[80.9359284,26.8539034],[80.93607,26.853799],[80.9362608,26.8537427],[80.9362853,26.8537315],[80.936297,26.8537182],[80.9363091,26.8536797]]},"properties":{"subtype":"road","class":"footway","connectors":[{"connector_id":"15607ab7-4278-4849-a3cb-722b200a8bec","at":0.0},{"connector_id":"e05107e1-a511-4671-a86b-5a1e28a43650","at":1.0}],"sources":[{"property":"","dataset":"OpenStreetMap","license":"ODbL-1.0","record_id":"w1419507119@1","update_time":"2025-08-03T01:49:15Z","confidence":null,"between":null}],"version":1}},
{"id":"3f8f6b8b-bec3-4e0a-9879-1215d11e0740","type":"Feature","geometry":{"type":"LineString","coordinates":[[80.9371775,26.8534471],[80.9369892,26.8536759],[80.9363637,26.8544357],[80.936313,26.8545054]]},"properties":{"names":{"primary":"Mahatma Gandhi Road","common":null,"rules":[{"variant":"common","language":null,"perspectives":null,"value":"Mahatma Gandhi Road","between":null,"side":null}]},"subtype":"road","class":"primary","connectors":[{"connector_id":"8f767541-b0bd-4369-8a40-613e019d17b5","at":0.0},{"connector_id":"a28e0892-c65f-4389-bee5-679ce660f93b","at":0.216741018},{"connector_id":"f95a02c1-3781-4eb4-b2e1-c2750e8a59e6","at":1.0}],"road_surface":[{"value":"paved","between":null}],"access_restrictions":[{"access_type":"denied","when":{"during":null,"heading":"backward","using":null,"recognized":null,"mode":null,"vehicle":null},"between":null}],"routes":[{"name":"National Highway 24B","network":"IN:NH","ref":null,"symbol":null,"wikidata":null,"between":null}],"sources":[{"property":"/routes","dataset":"OpenStreetMap","license":"ODbL-1.0","record_id":"r1425755@88","update_time":null,"confidence":null,"between":null},{"property":"","dataset":"OpenStreetMap","license":"ODbL-1.0","record_id":"w210669986@25","update_time":"2026-04-06T10:29:50Z","confidence":null,"between":null}],"version":2}},
{"id":"9c441d1f-3ab2-4da2-93c0-f1d6ab9c0a34","type":"Feature","geometry":{"type":"LineString","coordinates":[[80.9362088,26.8550902],[80.9362367,26.8549481],[80.936294,26.8547865],[80.9364786,26.8545432],[80.9369801,26.8539272],[80.9371862,26.8536572],[80.9373742,26.8534594]]},"properties":{"names":{"primary":"Mahatma Gandhi Road","common":null,"rules":[{"variant":"common","language":null,"perspectives":null,"value":"Mahatma Gandhi Road","between":null,"side":null}]},"subtype":"road","class":"primary","connectors":[{"connector_id":"29b38177-fc0b-42ef-acad-21970361f4c3","at":0.0},{"connector_id":"366b2104-81f9-4f75-a289-65090cb3825d","at":0.700139371},{"connector_id":"581f9c17-0095-4998-be27-8d115530dfdb","at":1.0}],"road_surface":[{"value":"paved","between":null}],"access_restrictions":[{"access_type":"denied","when":{"during":null,"heading":"backward","using":null,"recognized":null,"mode":null,"vehicle":null},"between":null}],"sources":[{"property":"","dataset":"OpenStreetMap","license":"ODbL-1.0","record_id":"w210669987@22","update_time":"2026-06-10T08:43:20Z","confidence":null,"between":null}],"version":2}},
{"id":"f641f5a6-afdf-47f5-a72e-8cea6c0a0b64","type":"Feature","geometry":{"type":"LineString","coordinates":[[80.9361509,26.8544748],[80.9361217,26.8543425],[80.9360844,26.8542742],[80.936029,26.854184],[80.9359602,26.8541023],[80.9358674,26.8540427],[80.93575,26.8539982],[80.9355884,26.8539961]]},"properties":{"names":{"primary":"Parivartan Chowk","common":null,"rules":[{"variant":"common","language":null,"perspectives":null,"value":"Parivartan Chowk","between":null,"side":null}]},"subtype":"road","class":"primary","connectors":[{"connector_id":"8c67ad54-8e40-4178-b6dc-f2406b3b9e1b","at":0.0},{"connector_id":"e6bae219-a283-4b98-9852-76d70eee820d","at":1.0}],"road_surface":[{"value":"paved","between":null}],"access_restrictions":[{"access_type":"denied","when":{"during":null,"heading":"backward","using":null,"recognized":null,"mode":null,"vehicle":null},"between":null}],"sources":[{"property":"","dataset":"OpenStreetMap","license":"ODbL-1.0","record_id":"w1390930725@1","update_time":"2025-08-03T01:49:15Z","confidence":null,"between":[0.0,0.535168729]},{"property":"","dataset":"OpenStreetMap","license":"ODbL-1.0","record_id":"w211333883@5","update_time":"2025-08-03T01:49:15Z","confidence":null,"between":[0.535168729,1.0]}],"version":2}},
{"id":"874e0aac-68cb-4e43-b260-dbdb340bdfce","type":"Feature","geometry":{"type":"LineString","coordinates":[[80.936313,26.8545054],[80.9362793,26.8545041],[80.9362423,26.8545026],[80.9361837,26.8544871],[80.9361509,26.8544748]]},"properties":{"subtype":"road","class":"primary","subclass":"link","subclass_rules":[{"value":"link","between":null}],"connectors":[{"connector_id":"f95a02c1-3781-4eb4-b2e1-c2750e8a59e6","at":0.0},{"connector_id":"07e6f9e2-b10b-4d8f-ae45-c43bcff420d5","at":0.201482081},{"connector_id":"8c67ad54-8e40-4178-b6dc-f2406b3b9e1b","at":1.0}],"road_flags":[{"values":["is_link"],"between":null}],"access_restrictions":[{"access_type":"denied","when":{"during":null,"heading":"backward","using":null,"recognized":null,"mode":null,"vehicle":null},"between":null}],"sources":[{"property":"","dataset":"OpenStreetMap","license":"ODbL-1.0","record_id":"w1390930726@2","update_time":"2026-03-29T08:49:01Z","confidence":null,"between":null}],"version":2}},
{"id":"481537c1-8d03-48f7-b3cc-3b583db3c361","type":"Feature","geometry":{"type":"LineString","coordinates":[[80.936313,26.8545054],[80.9361675,26.8547056]]},"properties":{"names":{"primary":"Mahatma Gandhi Road","common":null,"rules":[{"variant":"common","language":null,"perspectives":null,"value":"Mahatma Gandhi Road","between":null,"side":null}]},"subtype":"road","class":"primary","connectors":[{"connector_id":"f95a02c1-3781-4eb4-b2e1-c2750e8a59e6","at":0.0},{"connector_id":"6817431b-fa3d-4c51-984e-ec4d38cfb547","at":1.0}],"road_surface":[{"value":"paved","between":null}],"access_restrictions":[{"access_type":"denied","when":{"during":null,"heading":"backward","using":null,"recognized":null,"mode":null,"vehicle":null},"between":null}],"routes":[{"name":"National Highway 24B","network":"IN:NH","ref":null,"symbol":null,"wikidata":null,"between":null}],"sources":[{"property":"/routes","dataset":"OpenStreetMap","license":"ODbL-1.0","record_id":"r1425755@88","update_time":null,"confidence":null,"between":null},{"property":"","dataset":"OpenStreetMap","license":"ODbL-1.0","record_id":"w210669986@25","update_time":"2026-04-06T10:29:50Z","confidence":null,"between":null}],"version":1}},
{"id":"4ec06801-fba6-47dc-9282-6813e2699cbf","type":"Feature","geometry":{"type":"LineString","coordinates":[[80.9361675,26.8547056],[80.9361509,26.8544748]]},"properties":{"subtype":"road","class":"primary","connectors":[{"connector_id":"6817431b-fa3d-4c51-984e-ec4d38cfb547","at":0.0},{"connector_id":"8c67ad54-8e40-4178-b6dc-f2406b3b9e1b","at":1.0}],"road_surface":[{"value":"paved","between":null}],"access_restrictions":[{"access_type":"denied","when":{"during":null,"heading":"backward","using":null,"recognized":null,"mode":null,"vehicle":null},"between":null}],"sources":[{"property":"","dataset":"OpenStreetMap","license":"ODbL-1.0","record_id":"w210669914@5","update_time":"2025-06-06T09:51:26Z","confidence":null,"between":null}],"version":1}},
{"id":"ed02d0e8-c0aa-4451-8316-b1ce1d169420","type":"Feature","geometry":{"type":"LineString","coordinates":[[80.93484,26.8545701],[80.9349282,26.8545259],[80.9351735,26.8543493],[80.9352359,26.8543541],[80.9352891,26.8543862],[80.9353473,26.8544301]]},"properties":{"subtype":"road","class":"residential","connectors":[{"connector_id":"ad6764d3-987f-475f-95e8-23a55824f37d","at":0.0},{"connector_id":"1faf0a49-b394-4b53-a693-50ac6c6e3de4","at":1.0}],"road_surface":[{"value":"paved","between":null}],"access_restrictions":[{"access_type":"denied","when":{"during":null,"heading":"backward","using":null,"recognized":null,"mode":null,"vehicle":null},"between":null}],"sources":[{"property":"","dataset":"OpenStreetMap","license":"ODbL-1.0","record_id":"w212819135@1","update_time":"2024-10-22T19:04:16Z","confidence":null,"between":null}],"version":1}},
{"id":"1b3fdff7-3a5f-4f6c-bd7a-2507c48cb4af","type":"Feature","geometry":{"type":"LineString","coordinates":[[80.9352853,26.8541587],[80.93488,26.8544792],[80.93484,26.8545701]]},"properties":{"subtype":"road","class":"residential","connectors":[{"connector_id":"14a0a103-7335-4b32-9e9c-2a24f5ea13ef","at":0.0},{"connector_id":"ad6764d3-987f-475f-95e8-23a55824f37d","at":1.0}],"road_surface":[{"value":"paved","between":null}],"access_restrictions":[{"access_type":"denied","when":{"during":null,"heading":"backward","using":null,"recognized":null,"mode":null,"vehicle":null},"between":null}],"sources":[{"property":"","dataset":"OpenStreetMap","license":"ODbL-1.0","record_id":"w212819048@2","update_time":"2024-10-22T19:04:16Z","confidence":null,"between":null}],"version":1}},
{"id":"92739035-5cda-4d37-97c9-7422ee70dac1","type":"Feature","geometry":{"type":"LineString","coordinates":[[80.9353358,26.8542861],[80.9353336,26.8543586],[80.9353473,26.8544301]]},"properties":{"names":{"primary":"Parivartan Chowk","common":null,"rules":[{"variant":"common","language":null,"perspectives":null,"value":"Parivartan Chowk","between":null,"side":null}]},"subtype":"road","class":"primary","connectors":[{"connector_id":"f09f1138-ff8b-44a3-8ad5-3c105ac5c201","at":0.0},{"connector_id":"1faf0a49-b394-4b53-a693-50ac6c6e3de4","at":1.0}],"road_surface":[{"value":"paved","between":null}],"access_restrictions":[{"access_type":"denied","when":{"during":null,"heading":"backward","using":null,"recognized":null,"mode":null,"vehicle":null},"between":null}],"sources":[{"property":"","dataset":"OpenStreetMap","license":"ODbL-1.0","record_id":"w211333883@5","update_time":"2025-08-03T01:49:15Z","confidence":null,"between":null}],"version":1}},
{"id":"195f960b-bff9-40db-a3f9-012ad3a377da","type":"Feature","geometry":{"type":"LineString","coordinates":[[80.9352853,26.8541587],[80.9353132,26.8542007],[80.9353358,26.8542861]]},"properties":{"subtype":"road","class":"tertiary","connectors":[{"connector_id":"14a0a103-7335-4b32-9e9c-2a24f5ea13ef","at":0.0},{"connector_id":"f09f1138-ff8b-44a3-8ad5-3c105ac5c201","at":1.0}],"road_surface":[{"value":"paved","between":null}],"access_restrictions":[{"access_type":"denied","when":{"during":null,"heading":"backward","using":null,"recognized":null,"mode":null,"vehicle":null},"between":null}],"sources":[{"property":"","dataset":"OpenStreetMap","license":"ODbL-1.0","record_id":"w210670089@2","update_time":"2024-10-22T19:04:16Z","confidence":null,"between":null}],"version":1}},
{"id":"12640fe1-2cac-4690-bde9-2c4818d8fdf3","type":"Feature","geometry":{"type":"LineString","coordinates":[[80.9354102,26.854117],[80.9353612,26.8541974],[80.9353358,26.8542861]]},"properties":{"names":{"primary":"Parivartan Chowk","common":null,"rules":[{"variant":"common","language":null,"perspectives":null,"value":"Parivartan Chowk","between":null,"side":null}]},"subtype":"road","class":"primary","connectors":[{"connector_id":"ebf45df0-001f-4867-b70c-23813ea2c601","at":0.0},{"connector_id":"f09f1138-ff8b-44a3-8ad5-3c105ac5c201","at":1.0}],"road_surface":[{"value":"paved","between":null}],"access_restrictions":[{"access_type":"denied","when":{"during":null,"heading":"backward","using":null,"recognized":null,"mode":null,"vehicle":null},"between":null}],"sources":[{"property":"","dataset":"OpenStreetMap","license":"ODbL-1.0","record_id":"w211333883@5","update_time":"2025-08-03T01:49:15Z","confidence":null,"between":null}],"version":1}},
{"id":"073f0dce-25a9-4f55-ab25-e593bf826284","type":"Feature","geometry":{"type":"LineString","coordinates":[[80.9354394,26.8540901],[80.9354102,26.854117]]},"properties":{"names":{"primary":"Parivartan Chowk","common":null,"rules":[{"variant":"common","language":null,"perspectives":null,"value":"Parivartan Chowk","between":null,"side":null}]},"subtype":"road","class":"primary","connectors":[{"connector_id":"1ca98087-ecbf-4192-9c81-43ce4bcdc58c","at":0.0},{"connector_id":"ebf45df0-001f-4867-b70c-23813ea2c601","at":1.0}],"road_surface":[{"value":"paved","between":null}],"access_restrictions":[{"access_type":"denied","when":{"during":null,"heading":"backward","using":null,"recognized":null,"mode":null,"vehicle":null},"between":null}],"sources":[{"property":"","dataset":"OpenStreetMap","license":"ODbL-1.0","record_id":"w211333883@5","update_time":"2025-08-03T01:49:15Z","confidence":null,"between":null}],"version":1}},
{"id":"f068fd30-d0a7-4c12-bf50-3b4af85171c6","type":"Feature","geometry":{"type":"LineString","coordinates":[[80.9354102,26.854117],[80.9352853,26.8541587]]},"properties":{"subtype":"road","class":"residential","connectors":[{"connector_id":"ebf45df0-001f-4867-b70c-23813ea2c601","at":0.0},{"connector_id":"14a0a103-7335-4b32-9e9c-2a24f5ea13ef","at":1.0}],"road_surface":[{"value":"paved","between":null}],"access_restrictions":[{"access_type":"denied","when":{"during":null,"heading":"backward","using":null,"recognized":null,"mode":null,"vehicle":null},"between":null}],"sources":[{"property":"","dataset":"OpenStreetMap","license":"ODbL-1.0","record_id":"w212819048@2","update_time":"2024-10-22T19:04:16Z","confidence":null,"between":null}],"version":1}},
{"id":"edbba972-a1e9-4e3f-9364-3c5d78d1886d","type":"Feature","geometry":{"type":"LineString","coordinates":[[80.9355884,26.8539961],[80.9354963,26.8540379],[80.9354394,26.8540901]]},"properties":{"names":{"primary":"Parivartan Chowk","common":null,"rules":[{"variant":"common","language":null,"perspectives":null,"value":"Parivartan Chowk","between":null,"side":null}]},"subtype":"road","class":"primary","connectors":[{"connector_id":"e6bae219-a283-4b98-9852-76d70eee820d","at":0.0},{"connector_id":"1ca98087-ecbf-4192-9c81-43ce4bcdc58c","at":1.0}],"road_surface":[{"value":"paved","between":null}],"access_restrictions":[{"access_type":"denied","when":{"during":null,"heading":"backward","using":null,"recognized":null,"mode":null,"vehicle":null},"between":null}],"sources":[{"property":"","dataset":"OpenStreetMap","license":"ODbL-1.0","record_id":"w211333883@5","update_time":"2025-08-03T01:49:15Z","confidence":null,"between":null}],"version":2}},
{"id":"a644819e-5f26-4b16-af81-47f87b587f03","type":"Feature","geometry":{"type":"LineString","coordinates":[[80.9354394,26.8540901],[80.9350201,26.853749],[80.9349521,26.8537407]]},"properties":{"subtype":"road","class":"tertiary","connectors":[{"connector_id":"1ca98087-ecbf-4192-9c81-43ce4bcdc58c","at":0.0},{"connector_id":"050d9352-69c3-4d7b-ae4c-4ba0e9fba93a","at":1.0}],"road_surface":[{"value":"paved","between":null}],"access_restrictions":[{"access_type":"denied","when":{"during":null,"heading":"backward","using":null,"recognized":null,"mode":null,"vehicle":null},"between":null}],"sources":[{"property":"","dataset":"OpenStreetMap","license":"ODbL-1.0","record_id":"w210670006@1","update_time":"2024-10-22T19:04:16Z","confidence":null,"between":null}],"version":1}},
{"id":"91586d28-7a79-4198-b190-511ffb3e873c","type":"Feature","geometry":{"type":"LineString","coordinates":[[80.9349521,26.8537407],[80.9349575,26.8537894],[80.9352373,26.8540866],[80.9352853,26.8541587]]},"properties":{"subtype":"road","class":"tertiary","connectors":[{"connector_id":"050d9352-69c3-4d7b-ae4c-4ba0e9fba93a","at":0.0},{"connector_id":"14a0a103-7335-4b32-9e9c-2a24f5ea13ef","at":1.0}],"road_surface":[{"value":"paved","between":null}],"access_restrictions":[{"access_type":"denied","when":{"during":null,"heading":"backward","using":null,"recognized":null,"mode":null,"vehicle":null},"between":null}],"sources":[{"property":"","dataset":"OpenStreetMap","license":"ODbL-1.0","record_id":"w210670089@2","update_time":"2024-10-22T19:04:16Z","confidence":null,"between":null}],"version":1}},
{"id":"44a81bde-2c22-46db-a964-2e687febe24f","type":"Feature","geometry":{"type":"LineString","coordinates":[[80.9572272,26.8697972],[80.9570157,26.8698359],[80.956854,26.8698612],[80.9567931,26.8698764],[80.9561038,26.8700265],[80.9543445,26.8704199],[80.9532435,26.8706559],[80.9522787,26.8709283],[80.9515609,26.8712007],[80.9508782,26.8715304],[80.9503393,26.8718479],[80.9498803,26.8721533],[80.9493745,26.8725628],[80.9489703,26.8729063],[80.948959,26.8729159],[80.9484739,26.873328],[80.9465715,26.8749521],[80.9438016,26.87731],[80.9433623,26.8776837],[80.9432623,26.8777688],[80.9426695,26.878273],[80.9408507,26.8798258],[80.9399287,26.8806118],[80.9393821,26.8810334],[80.9389036,26.8813127],[80.9383784,26.8815626],[80.937789,26.8817812],[80.9372522,26.8819061],[80.9367056,26.8819963],[80.9362874,26.8820362],[80.935873,26.8820501],[80.9353264,26.8820293],[80.9346456,26.8819286],[80.9340504,26.8817881],[80.9335019,26.881599],[80.9328308,26.8812798],[80.9323445,26.8809744],[80.9319475,26.8806667],[80.9315789,26.880333],[80.9312969,26.8800398],[80.9311638,26.8798787],[80.9311164,26.8798265],[80.9310988,26.8798067],[80.9309154,26.8795689],[80.9307912,26.8794078],[80.9305981,26.8791633],[80.9291378,26.8773136],[80.9275723,26.8753418],[80.9266693,26.8742078],[80.9261384,26.8735303],[80.9260149,26.8733691],[80.9259079,26.8732377],[80.9254712,26.8726886],[80.9247758,26.8718354],[80.9245697,26.8715711],[80.9241119,26.8709717],[80.9240231,26.8708586],[80.9238771,26.8706728],[80.9234428,26.8701306],[80.9232678,26.8699121],[80.922528,26.8689811],[80.9223033,26.8686983],[80.9220475,26.8683512],[80.9217814,26.8679481],[80.9216556,26.8677576],[80.9215647,26.8676199],[80.9213081,26.8671512],[80.9211077,26.866761],[80.9209685,26.8664035],[80.9208255,26.8660373],[80.9206593,26.8653986],[80.9204712,26.8646552],[80.9204182,26.8644594],[80.9203343,26.8641495],[80.9202464,26.8637298],[80.9199079,26.8623325],[80.9197503,26.8617079],[80.9196224,26.86135],[80.9195273,26.8611137],[80.9193696,26.8607772],[80.9192877,26.8606387],[80.9192005,26.86051],[80.9190394,26.860316],[80.9180893,26.8593065],[80.917279,26.8584421],[80.916827,26.8579363],[80.9165998,26.8576498],[80.9163067,26.8572878],[80.9161227,26.8570081],[80.9159551,26.8566604],[80.9158532,26.856349],[80.9158246,26.8560523],[80.9158186,26.8558342],[80.9158367,26.8555675],[80.9158877,26.8552985],[80.9160321,26.8547638],[80.9164529,26.8532581],[80.9164939,26.8531113],[80.9166125,26.8526949],[80.9167016,26.8523341],[80.9167395,26.8520604],[80.9167481,26.8516844],[80.9167249,26.8513497],[80.9166332,26.8507785],[80.9163571,26.8490659],[80.9162178,26.8485863],[80.9160981,26.8483192],[80.9160464,26.8482226],[80.9157559,26.8476793],[80.9147907,26.8460463],[80.9136485,26.8441474],[80.9132908,26.8435512],[80.9130222,26.8430847],[80.9125094,26.8421285],[80.912314,26.8417898],[80.9120227,26.8412894],[80.9111684,26.8398551],[80.9110453,26.8396301],[80.9109391,26.8393875],[80.9108464,26.839134],[80.9107468,26.8388287],[80.9106575,26.8385918],[80.910565,26.8383824],[80.9104655,26.8381723],[80.9092493,26.8360921],[80.9091585,26.8359429],[80.9089744,26.8356815],[80.9087254,26.8353393],[80.9083315,26.8348694],[80.9080601,26.8345337],[80.9078043,26.834172],[80.9076245,26.8338837],[80.9073381,26.8334148],[80.9072652,26.8332887],[80.9072182,26.833212],[80.9070904,26.83297],[80.9070256,26.8328631],[80.9069363,26.8327166],[80.9068548,26.8325268],[80.9067811,26.8321209],[80.9067747,26.8318648],[80.9067981,26.8315147],[80.9068586,26.8312185],[80.9069184,26.8310633],[80.9069489,26.8309707],[80.9071154,26.8306587],[80.9072927,26.8303977],[80.9075191,26.8301366],[80.9078201,26.8298705],[80.908204,26.8296208],[80.9084572,26.8295003],[80.9087511,26.8294087],[80.909145,26.8293459],[80.9094417,26.8293321],[80.9096669,26.8293419],[80.909848,26.8293497],[80.9099058,26.8293522],[80.910152,26.8293873],[80.9104684,26.8294652],[80.9108074,26.829622],[80.9111049,26.8297902]]},"properties":{"subtype":"rail","class":"standard_gauge","connectors":[{"connector_id":"27f3b1a1-2b30-42e4-ba23-88017b86af6e","at":0.0},{"connector_id":"26cba4be-87f4-4824-b6b1-4138b022d0c5","at":0.00386881},{"connector_id":"04233da8-0bf3-4462-850f-f26e923be1fd","at":0.004512402},{"connector_id":"41040b0c-44a7-4d6e-96ce-18581e9e10bc","at":0.092836526},{"connector_id":"0c7b2d56-fb55-467b-b0f3-5d91d315b285","at":0.17158323},{"connector_id":"22493bb7-ffea-4b12-999d-0cb2596f25ae","at":0.321288453},{"connector_id":"12757ce3-e492-4004-91ce-27127e9d767f","at":0.325622459},{"connector_id":"70d462aa-55bf-4e5a-af07-5754b11fc944","at":0.331247137},{"connector_id":"25489e82-d1f0-4fd7-93d3-c0e795f603cd","at":0.409673937},{"connector_id":"9e773f2d-810f-4bcb-8e48-39565015d875","at":0.421398052},{"connector_id":"dc523e02-6f00-45d4-89a4-840295782c97","at":0.433395548},{"connector_id":"773245f4-cffd-41c7-8cd1-e22e2b3974b3","at":0.437056901},{"connector_id":"6d888774-dd75-4996-8172-b9eeaab39c34","at":0.529275585},{"connector_id":"646699d6-fc66-4698-98c5-d166bf21d86a","at":0.617912777},{"connector_id":"96570e11-5a50-4cb1-8c74-3d085c981683","at":0.728825657},{"connector_id":"bd408e1f-dc59-4a1c-b8c5-3f258312c072","at":0.781143775},{"connector_id":"2a5048df-511d-41cb-905a-9bce080360c4","at":0.806836527},{"connector_id":"8e9b2215-0827-4315-821f-a390c8c2c26d","at":0.817574617},{"connector_id":"e1ecabe5-e0b4-40e3-a931-df9595567c7e","at":0.913208271},{"connector_id":"372031ef-5922-44bb-931a-aa742b863446","at":0.919278145},{"connector_id":"1c071691-726a-43ed-ab81-93a97055414f","at":0.920890754},{"connector_id":"63f12cff-47bf-4e5e-98aa-1c8c45227452","at":0.921884377},{"connector_id":"f53896ae-970f-48e7-b9c9-e8aadba7ec1b","at":0.947351439},{"connector_id":"d3ea09d0-5072-499a-8f8d-e32f39f1a36d","at":1.0}],"rail_flags":[{"values":["is_bridge"],"between":[0.41189429,0.413741598]},{"values":["is_bridge"],"between":[0.445304638,0.44687531]},{"values":["is_bridge"],"between":[0.460088222,0.473066507]},{"values":["is_bridge"],"between":[0.487049898,0.489563179]},{"values":["is_bridge"],"between":[0.926305449,0.928200911]},{"values":["is_bridge"],"between":[0.984217469,0.986063752]}],"level_rules":[{"value":1,"between":[0.41189429,0.413741598]},{"value":1,"between":[0.445304638,0.44687531]},{"value":1,"between":[0.460088222,0.473066507]},{"value":1,"between":[0.487049898,0.489563179]},{"value":1,"between":[0.926305449,0.928200911]},{"value":1,"between":[0.984217469,0.986063752]}],"sources":[{"property":"","dataset":"OpenStreetMap","license":"ODbL-1.0","record_id":"w209442146@21","update_time":"2026-04-08T20:07:54Z","confidence":null,"between":[0.0,0.41189429]},{"property":"","dataset":"OpenStreetMap","license":"ODbL-1.0","record_id":"w212766345@2","update_time":"2020-06-09T14:03:28Z","confidence":null,"between":[0.41189429,0.413741598]},{"property":"","dataset":"OpenStreetMap","license":"ODbL-1.0","record_id":"w212766349@2","update_time":"2023-02-21T21:00:25Z","confidence":null,"between":[0.413741598,0.445304638]},{"property":"","dataset":"OpenStreetMap","license":"ODbL-1.0","record_id":"w212766341@2","update_time":"2020-06-09T14:03:28Z","confidence":null,"between":[0.445304638,0.44687531]},{"property":"","dataset":"OpenStreetMap","license":"ODbL-1.0","record_id":"w212766347@5","update_time":"2021-03-01T09:11:38Z","confidence":null,"between":[0.44687531,0.460088222]},{"property":"","dataset":"OpenStreetMap","license":"ODbL-1.0","record_id":"w211333836@2","update_time":"2020-06-09T14:03:28Z","confidence":null,"between":[0.460088222,0.473066507]},{"property":"","dataset":"OpenStreetMap","license":"ODbL-1.0","record_id":"w211333850@2","update_time":"2020-06-09T14:03:28Z","confidence":null,"between":[0.473066507,0.487049898]},{"property":"","dataset":"OpenStreetMap","license":"ODbL-1.0","record_id":"w211333837@2","update_time":"2020-06-09T14:03:28Z","confidence":null,"between":[0.487049898,0.489563179]},{"property":"","dataset":"OpenStreetMap","license":"ODbL-1.0","record_id":"w211333867@3","update_time":"2026-01-17T20:10:53Z","confidence":null,"between":[0.489563179,0.572509652]},{"property":"","dataset":"OpenStreetMap","license":"ODbL-1.0","record_id":"w212500747@3","update_time":"2026-01-17T20:10:53Z","confidence":null,"between":[0.572509652,0.574289338]},{"property":"","dataset":"OpenStreetMap","license":"ODbL-1.0","record_id":"w212500758@7","update_time":"2026-01-17T20:10:53Z","confidence":null,"between":[0.574289338,0.926305449]},{"property":"","dataset":"OpenStreetMap","license":"ODbL-1.0","record_id":"w213814110@2","update_time":"2021-03-10T11:51:51Z","confidence":null,"between":[0.926305449,0.928200911]},{"property":"","dataset":"OpenStreetMap","license":"ODbL-1.0","record_id":"w213814130@9","update_time":"2024-10-28T03:56:24Z","confidence":null,"between":[0.928200911,0.984217469]},{"property":"","dataset":"OpenStreetMap","license":"ODbL-1.0","record_id":"w1328705208@1","update_time":"2024-10-28T03:56:24Z","confidence":null,"between":[0.984217469,0.986063752]},{"property":"","dataset":"OpenStreetMap","license":"ODbL-1.0","record_id":"w1328705198@1","update_time":"2024-10-28T03:56:24Z","confidence":null,"between":[0.986063752,1.0]}],"version":3}},
{"id":"a35bdfa7-ac6b-4891-9141-9ad5115108c5","type":"Feature","geometry":{"type":"LineString","coordinates":[[80.9353473,26.8544301],[80.9354025,26.8545382],[80.9354856,26.8546651],[80.9355663,26.8547467],[80.9356173,26.8548849],[80.935602,26.8550329]]},"properties":{"names":{"primary":"Parivartan Chowk","common":null,"rules":[{"variant":"common","language":null,"perspectives":null,"value":"Parivartan Chowk","between":[0.0,0.560503601],"side":null}]},"subtype":"road","class":"primary","connectors":[{"connector_id":"1faf0a49-b394-4b53-a693-50ac6c6e3de4","at":0.0},{"connector_id":"7d8356d9-b976-4ddb-a66d-3cedcd757b57","at":1.0}],"road_surface":[{"value":"paved","between":null}],"access_restrictions":[{"access_type":"denied","when":{"during":null,"heading":"backward","using":null,"recognized":null,"mode":null,"vehicle":null},"between":null}],"sources":[{"property":"","dataset":"OpenStreetMap","license":"ODbL-1.0","record_id":"w211333883@5","update_time":"2025-08-03T01:49:15Z","confidence":null,"between":[0.0,0.560503601]},{"property":"","dataset":"OpenStreetMap","license":"ODbL-1.0","record_id":"w211333936@3","update_time":"2025-06-06T09:51:26Z","confidence":null,"between":[0.560503601,1.0]}],"version":1}},
{"id":"e6b0766f-3723-4cd8-b61e-ef200c6c992a","type":"Feature","geometry":{"type":"LineString","coordinates":[[80.9362088,26.8550902],[80.9361769,26.8550362],[80.9361337,26.8549888]]},"properties":{"names":{"primary":"Netaji Subash Chowk","common":null,"rules":[{"variant":"common","language":null,"perspectives":null,"value":"Netaji Subash Chowk","between":null,"side":null}]},"subtype":"road","class":"primary","connectors":[{"connector_id":"29b38177-fc0b-42ef-acad-21970361f4c3","at":0.0},{"connector_id":"c7b07101-5072-4f3d-b4f9-7b82e6e0548b","at":1.0}],"road_surface":[{"value":"paved","between":null}],"routes":[{"name":"National Highway 24B","network":"IN:NH","ref":null,"symbol":null,"wikidata":null,"between":null}],"sources":[{"property":"/routes","dataset":"OpenStreetMap","license":"ODbL-1.0","record_id":"r1425755@88","update_time":null,"confidence":null,"between":null},{"property":"","dataset":"OpenStreetMap","license":"ODbL-1.0","record_id":"w210669929@13","update_time":"2025-06-06T09:51:26Z","confidence":null,"between":null}],"version":1}},
{"id":"919dd063-5ab6-4c5b-a2dd-0cdb2aeafe76","type":"Feature","geometry":{"type":"LineString","coordinates":[[80.9359346,26.8549004],[80.935839,26.8549007],[80.9357472,26.8549244],[80.9356661,26.8549696],[80.935602,26.8550329]]},"properties":{"names":{"primary":"Netaji Subash Chowk","common":null,"rules":[{"variant":"common","language":null,"perspectives":null,"value":"Netaji Subash Chowk","between":null,"side":null}]},"subtype":"road","class":"primary","connectors":[{"connector_id":"525cb312-f04d-4c5f-a020-beb93c52348a","at":0.0},{"connector_id":"7d8356d9-b976-4ddb-a66d-3cedcd757b57","at":1.0}],"road_surface":[{"value":"paved","between":null}],"routes":[{"name":"National Highway 24B","network":"IN:NH","ref":null,"symbol":null,"wikidata":null,"between":null}],"sources":[{"property":"/routes","dataset":"OpenStreetMap","license":"ODbL-1.0","record_id":"r1425755@88","update_time":null,"confidence":null,"between":null},{"property":"","dataset":"OpenStreetMap","license":"ODbL-1.0","record_id":"w210669929@13","update_time":"2025-06-06T09:51:26Z","confidence":null,"between":null}],"version":1}},
{"id":"6a028039-c8c8-4031-a34f-756a409ae648","type":"Feature","geometry":{"type":"LineString","coordinates":[[80.9361337,26.8549888],[80.9360423,26.8549299],[80.9359346,26.8549004]]},"properties":{"names":{"primary":"Netaji Subash Chowk","common":null,"rules":[{"variant":"common","language":null,"perspectives":null,"value":"Netaji Subash Chowk","between":null,"side":null}]},"subtype":"road","class":"primary","connectors":[{"connector_id":"c7b07101-5072-4f3d-b4f9-7b82e6e0548b","at":0.0},{"connector_id":"525cb312-f04d-4c5f-a020-beb93c52348a","at":1.0}],"road_surface":[{"value":"paved","between":null}],"routes":[{"name":"National Highway 24B","network":"IN:NH","ref":null,"symbol":null,"wikidata":null,"between":null}],"sources":[{"property":"/routes","dataset":"OpenStreetMap","license":"ODbL-1.0","record_id":"r1425755@88","update_time":null,"confidence":null,"between":null},{"property":"","dataset":"OpenStreetMap","license":"ODbL-1.0","record_id":"w210669929@13","update_time":"2025-06-06T09:51:26Z","confidence":null,"between":null}],"version":1}},
{"id":"4feaa123-dcb3-4f31-b61c-bde860f79ab8","type":"Feature","geometry":{"type":"LineString","coordinates":[[80.9361337,26.8549888],[80.9361675,26.8547056]]},"properties":{"subtype":"road","class":"primary","connectors":[{"connector_id":"c7b07101-5072-4f3d-b4f9-7b82e6e0548b","at":0.0},{"connector_id":"6817431b-fa3d-4c51-984e-ec4d38cfb547","at":1.0}],"road_surface":[{"value":"paved","between":null}],"access_restrictions":[{"access_type":"denied","when":{"during":null,"heading":"backward","using":null,"recognized":null,"mode":null,"vehicle":null},"between":null}],"sources":[{"property":"","dataset":"OpenStreetMap","license":"ODbL-1.0","record_id":"w210669914@5","update_time":"2025-06-06T09:51:26Z","confidence":null,"between":null}],"version":1}},
{"id":"57224321-cb30-45e3-be75-494622244b6b","type":"Feature","geometry":{"type":"LineString","coordinates":[[80.9361675,26.8547056],[80.9360609,26.854777],[80.9359346,26.8549004]]},"properties":{"names":{"primary":"Mahatma Gandhi Road","common":null,"rules":[{"variant":"common","language":null,"perspectives":null,"value":"Mahatma Gandhi Road","between":null,"side":null}]},"subtype":"road","class":"primary","connectors":[{"connector_id":"6817431b-fa3d-4c51-984e-ec4d38cfb547","at":0.0},{"connector_id":"525cb312-f04d-4c5f-a020-beb93c52348a","at":1.0}],"road_surface":[{"value":"paved","between":null}],"access_restrictions":[{"access_type":"denied","when":{"during":null,"heading":"backward","using":null,"recognized":null,"mode":null,"vehicle":null},"between":null}],"routes":[{"name":"National Highway 24B","network":"IN:NH","ref":null,"symbol":null,"wikidata":null,"between":null}],"sources":[{"property":"/routes","dataset":"OpenStreetMap","license":"ODbL-1.0","record_id":"r1425755@88","update_time":null,"confidence":null,"between":null},{"property":"","dataset":"OpenStreetMap","license":"ODbL-1.0","record_id":"w210669986@25","update_time":"2026-04-06T10:29:50Z","confidence":null,"between":null}],"version":1}},
{"id":"e1494e57-d225-4e6f-aa99-8269f9c74492","type":"Feature","geometry":{"type":"LineString","coordinates":[[80.9415615,26.8568895],[80.9415317,26.8567682],[80.9410051,26.8564492],[80.9409559,26.8564194],[80.9401913,26.8559563],[80.9394541,26.8554844],[80.9392014,26.8553227],[80.9391508,26.8552265],[80.9388513,26.8542676],[80.938795,26.8540413],[80.938759,26.8538618],[80.9386937,26.8534862],[80.938696,26.8534227]]},"properties":{"subtype":"road","class":"tertiary","connectors":[{"connector_id":"d2909a7e-5983-4795-bdb6-5cb688fc01bb","at":0.0},{"connector_id":"4663282e-6fbc-48d5-97be-87d3601c45b1","at":0.150063852},{"connector_id":"dc550d1d-1798-4e1c-8b54-ff116c3847a3","at":0.516076739},{"connector_id":"8a5100be-97b7-40ab-acde-92225852b430","at":0.8145357},{"connector_id":"8c8828cf-820e-48db-ab2d-a7b0b921ef66","at":1.0}],"road_surface":[{"value":"paved","between":null}],"access_restrictions":[{"access_type":"denied","when":{"during":null,"heading":"backward","using":null,"recognized":null,"mode":null,"vehicle":null},"between":null}],"sources":[{"property":"","dataset":"OpenStreetMap","license":"ODbL-1.0","record_id":"w210669913@7","update_time":"2025-08-03T01:49:15Z","confidence":null,"between":null}],"version":1}},
{"id":"e27e0dc0-fceb-4efb-aec6-bc5f11717e18","type":"Feature","geometry":{"type":"LineString","coordinates":[[80.9386235,26.8534215],[80.9386298,26.8535682],[80.9387284,26.8540604],[80.938765,26.8542565],[80.9388776,26.8545786],[80.9391028,26.8553275],[80.9391681,26.8554],[80.9394154,26.8555523],[80.9404845,26.8562107],[80.9405651,26.8562613],[80.9412985,26.8567218],[80.9413718,26.8567682],[80.9413937,26.8568761]]},"properties":{"subtype":"road","class":"tertiary","connectors":[{"connector_id":"bdaa5dbd-77fa-41fa-814a-e87752d8f85a","at":0.0},{"connector_id":"0336a5be-dccb-41fc-b5ac-5e1ff3263ecd","at":0.185231093},{"connector_id":"d5effaa0-db99-4c10-be76-160edfe6c27a","at":0.50839597},{"connector_id":"24c93f7e-6e31-4d54-9633-e420c9ea03af","at":0.782485532},{"connector_id":"81d9a501-8263-467b-8e54-342e9f13d922","at":1.0}],"road_surface":[{"value":"paved","between":null}],"access_restrictions":[{"access_type":"denied","when":{"during":null,"heading":"backward","using":null,"recognized":null,"mode":null,"vehicle":null},"between":null}],"sources":[{"property":"","dataset":"OpenStreetMap","license":"ODbL-1.0","record_id":"w210669932@3","update_time":"2025-08-03T01:49:15Z","confidence":null,"between":null}],"version":2}},
{"id":"c7f2b413-9926-48e4-894b-e95bfab342a9","type":"Feature","geometry":{"type":"LineString","coordinates":[[80.9459371,26.8568125],[80.9455085,26.8557951],[80.9453874,26.8555076],[80.9452408,26.8551454],[80.9449209,26.8543554],[80.9448343,26.8541414]]},"properties":{"names":{"primary":"Shahnajaf Road","common":null,"rules":[{"variant":"common","language":null,"perspectives":null,"value":"Shahnajaf Road","between":null,"side":null}]},"subtype":"road","class":"secondary","connectors":[{"connector_id":"a9f7196c-f6de-4cb7-9e8a-a1bfc9c8f7dd","at":0.0},{"connector_id":"0880d924-a42a-4c4f-8da9-0e56a8fa13a2","at":0.381827069},{"connector_id":"2795daba-5070-47fa-8951-3340a926c3f0","at":0.625001448},{"connector_id":"e22058d1-808e-4fe8-a0d4-293c4a459677","at":0.920074775},{"connector_id":"36d4be2a-c471-4940-b1e0-1dca7389abfd","at":1.0}],"road_surface":[{"value":"paved","between":null}],"access_restrictions":[{"access_type":"denied","when":{"during":null,"heading":"backward","using":null,"recognized":null,"mode":null,"vehicle":null},"between":null}],"sources":[{"property":"","dataset":"OpenStreetMap","license":"ODbL-1.0","record_id":"w210669898@7","update_time":"2025-08-03T16:07:16Z","confidence":null,"between":null}],"version":2}},
{"id":"233fd7a9-e8eb-4e2b-9c17-587b2f5aa4a4","type":"Feature","geometry":{"type":"LineString","coordinates":[[80.94334,26.8548822],[80.9432368,26.8552955]]},"properties":{"subtype":"road","class":"unknown","connectors":[{"connector_id":"4c3e005b-9cd2-4c76-9974-2db9ea4b43d3","at":0.0},{"connector_id":"e21b3eb1-896a-4a10-adcc-55ed0ab25785","at":1.0}],"sources":[{"property":"","dataset":"TomTom","license":"ODbL-1.0","record_id":null,"update_time":null,"confidence":null,"between":null}],"version":1}},
{"id":"c86c5a8d-4363-4348-a520-ca0c0e58f8ca","type":"Feature","geometry":{"type":"LineString","coordinates":[[80.9430897,26.8543623],[80.9432015,26.8547264],[80.94334,26.8548822],[80.9434453,26.8549297],[80.9436154,26.8549022],[80.9436606,26.8552015],[80.9437812,26.855188],[80.9438773,26.8556909]]},"properties":{"subtype":"road","class":"residential","connectors":[{"connector_id":"2af4c183-7fb0-4b57-90e5-91183dc4bc01","at":0.0},{"connector_id":"4c3e005b-9cd2-4c76-9974-2db9ea4b43d3","at":0.32799216},{"connector_id":"ab5639cc-9381-480c-b34a-fedeea68347d","at":0.647945985},{"connector_id":"456c3685-f641-40f9-b2f3-c1c1f6d2b554","at":1.0}],"road_surface":[{"value":"paved","between":null}],"sources":[{"property":"","dataset":"OpenStreetMap","license":"ODbL-1.0","record_id":"w210670158@1","update_time":"2019-10-11T05:17:44Z","confidence":null,"between":null}],"version":2}},
{"id":"c94c000e-7cab-4881-9d77-596c506ee072","type":"Feature","geometry":{"type":"LineString","coordinates":[[80.9447478,26.8541726],[80.9448409,26.8543844],[80.9449436,26.8546179],[80.9452359,26.8553023],[80.9453245,26.8555152]]},"properties":{"subtype":"road","class":"secondary","connectors":[{"connector_id":"823241b1-275e-4175-a376-642d8fcc3665","at":0.0},{"connector_id":"b45d7181-0222-4579-a6a9-bc4ab9431535","at":0.158231267},{"connector_id":"7c5cf393-1092-4d21-9d3f-fa43473bbc7e","at":1.0}],"access_restrictions":[{"access_type":"denied","when":{"during":null,"heading":"backward","using":null,"recognized":null,"mode":null,"vehicle":null},"between":null}],"sources":[{"property":"","dataset":"OpenStreetMap","license":"ODbL-1.0","record_id":"w1278477389@1","update_time":"2024-04-30T11:49:18Z","confidence":null,"between":null}],"version":2}},
{"id":"f20d4dc3-50f1-4010-8501-4d6e298ac9b8","type":"Feature","geometry":{"type":"LineString","coordinates":[[80.9478084,26.8556304],[80.947636,26.855092],[80.9487722,26.854781],[80.9489711,26.855313]]},"properties":{"subtype":"road","class":"residential","connectors":[{"connector_id":"c3560979-0b0c-42f8-80b0-51cdec901b83","at":0.0},{"connector_id":"e187290f-ee8c-4a40-8c0a-df0b3ccf701b","at":0.256159906},{"connector_id":"7fb237f7-9d4a-4604-8644-9abec7209546","at":1.0}],"road_surface":[{"value":"paved","between":null}],"sources":[{"property":"","dataset":"OpenStreetMap","license":"ODbL-1.0","record_id":"w210670002@1","update_time":"2013-03-17T23:31:56Z","confidence":null,"between":[0.0,0.256172084]},{"property":"","dataset":"OpenStreetMap","license":"ODbL-1.0","record_id":"w210669962@1","update_time":"2013-03-17T23:31:51Z","confidence":null,"between":[0.256172084,0.743423191]},{"property":"","dataset":"OpenStreetMap","license":"ODbL-1.0","record_id":"w210669991@1","update_time":"2013-03-17T23:31:55Z","confidence":null,"between":[0.743423191,1.0]}],"version":2}},
{"id":"cb79edf3-1cc4-4478-a928-31a7036a1248","type":"Feature","geometry":{"type":"LineString","coordinates":[[80.9475464,26.8549037],[80.947636,26.855092]]},"properties":{"subtype":"road","class":"unknown","connectors":[{"connector_id":"d3d43076-9f5e-445f-b526-1a331704d17c","at":0.0},{"connector_id":"e187290f-ee8c-4a40-8c0a-df0b3ccf701b","at":1.0}],"sources":[{"property":"","dataset":"TomTom","license":"ODbL-1.0","record_id":null,"update_time":null,"confidence":null,"between":null}],"version":1}},
{"id":"c7ad0d0e-3c03-4eb0-b13a-f81b268145f7","type":"Feature","geometry":{"type":"LineString","coordinates":[[80.9499101,26.8552401],[80.9499412,26.8552529],[80.9499844,26.8552519],[80.9500235,26.8552404],[80.9503548,26.8551084],[80.9510146,26.8548632]]},"properties":{"subtype":"road","class":"unknown","connectors":[{"connector_id":"af6124cd-8c43-499e-aa53-8d6be89e3bc5","at":0.0},{"connector_id":"f7d7ec6b-5521-4d73-ac37-33ded8866cd2","at":1.0}],"sources":[{"property":"","dataset":"TomTom","license":"ODbL-1.0","record_id":null,"update_time":null,"confidence":null,"between":null}],"version":1}},
{"id":"c6548d53-3a57-4994-9e55-df98ec3ec865","type":"Feature","geometry":{"type":"LineString","coordinates":[[80.9504191,26.854229],[80.9510146,26.8548632],[80.9512784,26.8551441],[80.951425,26.8553548]]},"properties":{"names":{"primary":"Ashok Marg","common":null,"rules":[{"variant":"common","language":null,"perspectives":null,"value":"Ashok Marg","between":null,"side":null}]},"subtype":"road","class":"primary","connectors":[{"connector_id":"49e4ce19-5af5-4f93-92e4-3e91cf59ecbf","at":0.0},{"connector_id":"f7d7ec6b-5521-4d73-ac37-33ded8866cd2","at":0.573893097},{"connector_id":"ac8d6986-8446-4960-989b-60669c046503","at":1.0}],"road_surface":[{"value":"paved","between":null}],"access_restrictions":[{"access_type":"denied","when":{"during":null,"heading":"backward","using":null,"recognized":null,"mode":null,"vehicle":null},"between":null}],"sources":[{"property":"","dataset":"OpenStreetMap","license":"ODbL-1.0","record_id":"w209442104@10","update_time":"2026-04-05T13:20:35Z","confidence":null,"between":null}],"version":3}},
{"id":"1a600fb7-8fe0-448f-bc45-2c643f319845","type":"Feature","geometry":{"type":"LineString","coordinates":[[80.9464342,26.8566132],[80.9463135,26.8562679],[80.9461817,26.8558831],[80.9460952,26.8556304],[80.9460869,26.8556064],[80.9460627,26.8555319],[80.9467118,26.8553372],[80.9467334,26.8553973],[80.9467975,26.8554354],[80.9469785,26.8554117],[80.9471659,26.8553802],[80.9472471,26.8553408],[80.9472883,26.8552932],[80.9470804,26.8547356],[80.9470461,26.854718],[80.9466672,26.854839],[80.9465921,26.8547096],[80.9454082,26.8550881],[80.9452408,26.8551454]]},"properties":{"subtype":"road","class":"service","connectors":[{"connector_id":"da7fb6a7-44a0-47ab-b294-7e6921548c95","at":0.0},{"connector_id":"139cb9c0-3ee5-4c6a-b36c-01d4a2100003","at":0.075805437},{"connector_id":"d71a66bd-20f5-4759-b427-1aa05bba8c30","at":0.160131748},{"connector_id":"44d692e1-0ea7-4513-a652-8bf2d6eed651","at":0.21550629},{"connector_id":"2795daba-5070-47fa-8951-3340a926c3f0","at":1.0}],"access_restrictions":[{"access_type":"allowed","when":{"during":null,"heading":null,"using":null,"recognized":["as_private"],"mode":null,"vehicle":null},"between":null}],"sources":[{"property":"","dataset":"OpenStreetMap","license":"ODbL-1.0","record_id":"w416081807@3","update_time":"2023-08-28T08:22:42Z","confidence":null,"between":[0.0,0.463499199]},{"property":"","dataset":"OpenStreetMap","license":"ODbL-1.0","record_id":"w416083612@5","update_time":"2023-08-28T08:22:42Z","confidence":null,"between":[0.463499199,0.966341758]},{"property":"","dataset":"OpenStreetMap","license":"ODbL-1.0","record_id":"w733166829@2","update_time":"2023-08-28T08:22:42Z","confidence":null,"between":[0.966341758,1.0]}],"version":1}},
{"id":"65b73f84-8209-479c-bf78-de6179f1f1db","type":"Feature","geometry":{"type":"LineString","coordinates":[[80.9546562,26.8549275],[80.9547727,26.8556464]]},"properties":{"subtype":"road","class":"unknown","connectors":[{"connector_id":"f4f15673-6899-41b6-a9b5-5a29559156ec","at":0.0},{"connector_id":"b8d4481d-2032-4a2c-adc8-4fc4305baac3","at":1.0}],"sources":[{"property":"","dataset":"TomTom","license":"ODbL-1.0","record_id":null,"update_time":null,"confidence":null,"between":null}],"version":1}},
{"id":"c3869fc0-4b18-4839-a3d3-ad80e581cbd2","type":"Feature","geometry":{"type":"LineString","coordinates":[[80.9524431,26.8548537],[80.9524913,26.8548678],[80.9526462,26.8549131],[80.9527996,26.8549284],[80.9529392,26.8549188],[80.9534445,26.8548541]]},"properties":{"subtype":"road","class":"unknown","connectors":[{"connector_id":"39545427-b176-4cd7-9ed6-5e02bb90cb8f","at":0.0},{"connector_id":"7370b384-2fc7-4c13-a367-fde814296fb6","at":1.0}],"sources":[{"property":"","dataset":"TomTom","license":"ODbL-1.0","record_id":null,"update_time":null,"confidence":null,"between":null}],"version":1}},
{"id":"b240cc1a-4d48-4005-a8b9-b976f9a3b5e6","type":"Feature","geometry":{"type":"LineString","coordinates":[[80.9516059,26.8553811],[80.9521232,26.8551007],[80.9522974,26.8549846],[80.9524431,26.8548537],[80.9524812,26.8548195],[80.9529127,26.8544457],[80.9530848,26.8542792],[80.953431,26.8539344]]},"properties":{"names":{"primary":"Rana Pratap Marg","common":null,"rules":[{"variant":"common","language":null,"perspectives":null,"value":"Rana Pratap Marg","between":null,"side":null}]},"subtype":"road","class":"tertiary","connectors":[{"connector_id":"49e8d17a-45a0-421c-b147-87033b088f2a","at":0.0},{"connector_id":"39545427-b176-4cd7-9ed6-5e02bb90cb8f","at":0.419126118},{"connector_id":"2201ef79-5215-4212-b314-2778d986238b","at":1.0}],"road_surface":[{"value":"paved","between":null}],"access_restrictions":[{"access_type":"denied","when":{"during":null,"heading":"backward","using":null,"recognized":null,"mode":null,"vehicle":null},"between":null}],"sources":[{"property":"","dataset":"OpenStreetMap","license":"ODbL-1.0","record_id":"w734647898@3","update_time":"2026-04-05T13:20:35Z","confidence":null,"between":null}],"version":3}},
{"id":"fb3125ba-bdc7-48c2-9fa7-fc2e5feda8be","type":"Feature","geometry":{"type":"LineString","coordinates":[[80.9557425,26.8547489],[80.9554327,26.8547854],[80.9553702,26.8547879],[80.9553213,26.8547865],[80.9546562,26.8549275],[80.9538338,26.8551019]]},"properties":{"names":{"primary":"way lane","common":null,"rules":[{"variant":"common","language":null,"perspectives":null,"value":"way lane","between":null,"side":null}]},"subtype":"road","class":"residential","connectors":[{"connector_id":"937314e4-05d0-4e40-8551-3fb4e3d51b23","at":0.0},{"connector_id":"5c712c82-0c41-4c55-91e4-6e2cd6b9590a","at":0.16003594},{"connector_id":"e6a5a38f-c3b4-4c6e-ae7b-29b7ae827574","at":0.192078908},{"connector_id":"f4f15673-6899-41b6-a9b5-5a29559156ec","at":0.567172705},{"connector_id":"927f306b-4bab-480a-9305-dae0f206e0be","at":1.0}],"road_surface":[{"value":"paved","between":null}],"sources":[{"property":"","dataset":"OpenStreetMap","license":"ODbL-1.0","record_id":"w212846954@3","update_time":"2023-08-27T09:13:21Z","confidence":null,"between":null}],"version":2}},
{"id":"14468672-fe0e-4890-9499-f31778b68e0a","type":"Feature","geometry":{"type":"LineString","coordinates":[[80.9544916,26.8519664],[80.9544862,26.8519877],[80.9544896,26.8520093],[80.9545013,26.8520284]]},"properties":{"subtype":"road","class":"tertiary","connectors":[{"connector_id":"52eba111-154d-44fa-9792-d489c840ea6b","at":0.0},{"connector_id":"e09de203-4b53-4e48-832a-3264d8f417d5","at":1.0}],"sources":[{"property":"","dataset":"OpenStreetMap","license":"ODbL-1.0","record_id":"w734647900@1","update_time":"2019-10-15T01:34:18Z","confidence":null,"between":null}],"version":1}},
{"id":"ae896a2e-f3a7-452f-b3c7-c379fb871b8d","type":"Feature","geometry":{"type":"LineString","coordinates":[[80.9546201,26.8520016],[80.9546208,26.8519825],[80.9546147,26.8519642],[80.9546025,26.8519485]]},"properties":{"subtype":"road","class":"tertiary","connectors":[{"connector_id":"1751f82d-aecf-4eff-9115-aba9c79ec1b0","at":0.0},{"connector_id":"47021a02-ba6c-49e3-b041-fcd734db1e6b","at":1.0}],"sources":[{"property":"","dataset":"OpenStreetMap","license":"ODbL-1.0","record_id":"w734647900@1","update_time":"2019-10-15T01:34:18Z","confidence":null,"between":null}],"version":1}},
{"id":"1ce8c75f-18a2-4193-a6fd-eb9928aec1f4","type":"Feature","geometry":{"type":"LineString","coordinates":[[80.9546025,26.8519485],[80.9545746,26.8519329],[80.9545417,26.8519309],[80.9545116,26.8519431],[80.9544916,26.8519664]]},"properties":{"subtype":"road","class":"tertiary","connectors":[{"connector_id":"47021a02-ba6c-49e3-b041-fcd734db1e6b","at":0.0},{"connector_id":"52eba111-154d-44fa-9792-d489c840ea6b","at":1.0}],"sources":[{"property":"","dataset":"OpenStreetMap","license":"ODbL-1.0","record_id":"w734647900@1","update_time":"2019-10-15T01:34:18Z","confidence":null,"between":null}],"version":1}},
{"id":"e03bb59a-e5db-4e9d-8ce7-0c4a9051bd89","type":"Feature","geometry":{"type":"LineString","coordinates":[[80.9546025,26.8519485],[80.9549196,26.8513111]]},"properties":{"names":{"primary":"Rana Pratap Marg","common":null,"rules":[{"variant":"common","language":null,"perspectives":null,"value":"Rana Pratap Marg","between":null,"side":null}]},"subtype":"road","class":"tertiary","connectors":[{"connector_id":"47021a02-ba6c-49e3-b041-fcd734db1e6b","at":0.0},{"connector_id":"45832bec-81ca-402c-b981-6a07e4633b93","at":1.0}],"road_surface":[{"value":"paved","between":null}],"sources":[{"property":"","dataset":"OpenStreetMap","license":"ODbL-1.0","record_id":"w734647901@2","update_time":"2022-08-31T11:36:55Z","confidence":null,"between":null}],"version":1}},
{"id":"b9a8e193-a68e-4f67-8563-196a49e92140","type":"Feature","geometry":{"type":"LineString","coordinates":[[80.9499693,26.8499074],[80.9503198,26.850827],[80.9505987,26.8512221],[80.9507101,26.8513246],[80.9508983,26.8514978],[80.9513806,26.8518374],[80.9514631,26.8518903],[80.9518123,26.8521144],[80.9521324,26.8523198],[80.9521842,26.8523321],[80.9523096,26.8523635],[80.9524181,26.8523532],[80.9525394,26.8523417],[80.9528818,26.8522672],[80.953134,26.8522124],[80.9538297,26.8520611],[80.9541241,26.8519971],[80.9544916,26.8519664]]},"properties":{"subtype":"road","class":"residential","connectors":[{"connector_id":"15047b0c-2d47-4f00-89a1-8adfaf39ef75","at":0.0},{"connector_id":"69bb4d4a-6fcf-4702-945f-f5ce9877bb88","at":0.29475426},{"connector_id":"64e1c425-3f4a-463d-b047-7f14b7690df9","at":0.459168445},{"connector_id":"03add393-d214-4046-849b-88660c5571d6","at":0.530896301},{"connector_id":"e6b26952-7de5-4462-9611-76facf0d6c22","at":0.605595399},{"connector_id":"b7e8ea31-dac9-49b4-ad8f-7d772950e90b","at":0.645570944},{"connector_id":"8da3469c-46c0-4d3a-b4ea-4a1237b07ca7","at":0.724804464},{"connector_id":"08070b60-0ce0-425f-bd66-477068184d29","at":0.768153483},{"connector_id":"f21d4e1c-9223-49fc-bb81-aedb84812dd8","at":0.887738761},{"connector_id":"52eba111-154d-44fa-9792-d489c840ea6b","at":1.0}],"road_surface":[{"value":"paved","between":null}],"sources":[{"property":"","dataset":"OpenStreetMap","license":"ODbL-1.0","record_id":"w212876852@4","update_time":"2022-06-17T06:04:52Z","confidence":null,"between":null}],"version":3}},
{"id":"1b7bfb6e-8273-40b6-b245-204e3c276dc7","type":"Feature","geometry":{"type":"LineString","coordinates":[[80.953134,26.8522124],[80.9531437,26.8520783],[80.9531745,26.8519443],[80.9530216,26.8517302],[80.9528178,26.8517421],[80.9527212,26.8520484],[80.9528875,26.8521657],[80.9528818,26.8522672]]},"properties":{"subtype":"road","class":"service","connectors":[{"connector_id":"08070b60-0ce0-425f-bd66-477068184d29","at":0.0},{"connector_id":"8da3469c-46c0-4d3a-b4ea-4a1237b07ca7","at":1.0}],"sources":[{"property":"","dataset":"OpenStreetMap","license":"ODbL-1.0","record_id":"w734401509@2","update_time":"2019-10-15T04:15:54Z","confidence":null,"between":null}],"version":1}},
{"id":"6912cb74-b7fb-4a4a-843f-049e7f2f7483","type":"Feature","geometry":{"type":"LineString","coordinates":[[80.9545013,26.8520284],[80.9545243,26.8520446],[80.9545528,26.8520506],[80.9545815,26.8520452]]},"properties":{"subtype":"road","class":"tertiary","connectors":[{"connector_id":"e09de203-4b53-4e48-832a-3264d8f417d5","at":0.0},{"connector_id":"b218dc24-56b1-43ee-bdbe-6dd0b33fcc24","at":1.0}],"sources":[{"property":"","dataset":"OpenStreetMap","license":"ODbL-1.0","record_id":"w734647900@1","update_time":"2019-10-15T01:34:18Z","confidence":null,"between":null}],"version":1}},
{"id":"2cc931a0-667a-4e70-8b33-98c29bc0c494","type":"Feature","geometry":{"type":"LineString","coordinates":[[80.9545815,26.8520452],[80.9545995,26.8520347],[80.9546128,26.8520196],[80.9546201,26.8520016]]},"properties":{"subtype":"road","class":"tertiary","connectors":[{"connector_id":"b218dc24-56b1-43ee-bdbe-6dd0b33fcc24","at":0.0},{"connector_id":"1751f82d-aecf-4eff-9115-aba9c79ec1b0","at":1.0}],"sources":[{"property":"","dataset":"OpenStreetMap","license":"ODbL-1.0","record_id":"w734647900@1","update_time":"2019-10-15T01:34:18Z","confidence":null,"between":null}],"version":1}},
{"id":"e9b82863-f8b8-447e-a127-e2ca0eb1eed1","type":"Feature","geometry":{"type":"LineString","coordinates":[[80.9538297,26.8520611],[80.9538372,26.8521231],[80.953834,26.8521391],[80.9537964,26.852329],[80.9538106,26.8523443],[80.9538255,26.8523603],[80.9538389,26.852371],[80.9538597,26.8523844],[80.9542053,26.8525157],[80.9542335,26.8525264],[80.9542423,26.8525301],[80.9543055,26.8525576],[80.9543249,26.8525678]]},"properties":{"subtype":"road","class":"unknown","connectors":[{"connector_id":"f21d4e1c-9223-49fc-bb81-aedb84812dd8","at":0.0},{"connector_id":"36c60b68-2b3c-49f7-a4f7-75b5d981658f","at":0.896972016},{"connector_id":"aec666e3-51da-439b-b555-fd86996332a9","at":1.0}],"sources":[{"property":"","dataset":"TomTom","license":"ODbL-1.0","record_id":null,"update_time":null,"confidence":null,"between":null}],"version":1}},
{"id":"701f21e8-a44f-4b80-bb8c-eb84afe12365","type":"Feature","geometry":{"type":"LineString","coordinates":[[80.9550488,26.8523475],[80.9547351,26.8526327]]},"properties":{"subtype":"road","class":"unknown","connectors":[{"connector_id":"e062bc14-650e-42de-a8e4-a640cefa7bae","at":0.0},{"connector_id":"f2fd6c53-9e62-4b95-a407-76ec7ab0a2aa","at":1.0}],"sources":[{"property":"","dataset":"TomTom","license":"ODbL-1.0","record_id":null,"update_time":null,"confidence":null,"between":null}],"version":1}},
{"id":"7f968ef5-3030-4421-a1cd-3317a3c8efbd","type":"Feature","geometry":{"type":"LineString","coordinates":[[80.9526179,26.8530859],[80.9524482,26.8526527],[80.9524181,26.8523532]]},"properties":{"subtype":"road","class":"service","connectors":[{"connector_id":"7fbc454f-bb15-4327-a138-817599b14d36","at":0.0},{"connector_id":"b7e8ea31-dac9-49b4-ad8f-7d772950e90b","at":1.0}],"sources":[{"property":"","dataset":"OpenStreetMap","license":"ODbL-1.0","record_id":"w1070507154@1","update_time":"2022-06-17T06:04:52Z","confidence":null,"between":null}],"version":1}},
{"id":"77607d07-4475-4a4c-bd0e-7139b445006c","type":"Feature","geometry":{"type":"LineString","coordinates":[[80.9526179,26.8530859],[80.9527752,26.8539883],[80.9530195,26.8542193]]},"properties":{"subtype":"road","class":"service","connectors":[{"connector_id":"7fbc454f-bb15-4327-a138-817599b14d36","at":0.0},{"connector_id":"96be0d14-6365-4314-b6f4-7b5db7f455b3","at":1.0}],"road_surface":[{"value":"paved","between":null}],"sources":[{"property":"","dataset":"OpenStreetMap","license":"ODbL-1.0","record_id":"w212876856@1","update_time":"2022-06-17T06:04:52Z","confidence":null,"between":null}],"version":1}},
{"id":"2486d82d-f61f-4d3b-abd1-c1449ebe1751","type":"Feature","geometry":{"type":"LineString","coordinates":[[80.953431,26.8539344],[80.9534497,26.8539185],[80.9536052,26.8537604],[80.9539627,26.8532391],[80.9543249,26.8525678],[80.9544878,26.852266],[80.9545815,26.8520452]]},"properties":{"names":{"primary":"Rana Pratap Marg","common":null,"rules":[{"variant":"common","language":null,"perspectives":null,"value":"Rana Pratap Marg","between":null,"side":null}]},"subtype":"road","class":"tertiary","connectors":[{"connector_id":"2201ef79-5215-4212-b314-2778d986238b","at":0.0},{"connector_id":"aec666e3-51da-439b-b555-fd86996332a9","at":0.735791995},{"connector_id":"b218dc24-56b1-43ee-bdbe-6dd0b33fcc24","at":1.0}],"road_surface":[{"value":"paved","between":null}],"access_restrictions":[{"access_type":"denied","when":{"during":null,"heading":"backward","using":null,"recognized":null,"mode":null,"vehicle":null},"between":null}],"sources":[{"property":"","dataset":"OpenStreetMap","license":"ODbL-1.0","record_id":"w734647898@3","update_time":"2026-04-05T13:20:35Z","confidence":null,"between":null}],"version":2}},
{"id":"98fd3f11-4ddf-44da-893c-180286298e75","type":"Feature","geometry":{"type":"LineString","coordinates":[[80.9545013,26.8520284],[80.9544006,26.8522368],[80.9542423,26.8525301],[80.953881,26.8531997],[80.9535291,26.8537037],[80.9533736,26.853885]]},"properties":{"names":{"primary":"Rana Pratap Marg","common":null,"rules":[{"variant":"common","language":null,"perspectives":null,"value":"Rana Pratap Marg","between":null,"side":null}]},"subtype":"road","class":"tertiary","connectors":[{"connector_id":"e09de203-4b53-4e48-832a-3264d8f417d5","at":0.0},{"connector_id":"36c60b68-2b3c-49f7-a4f7-75b5d981658f","at":0.260807415},{"connector_id":"7365fb46-93f2-4341-8cf6-3e0fbc5be22e","at":1.0}],"road_surface":[{"value":"paved","between":null}],"access_restrictions":[{"access_type":"denied","when":{"during":null,"heading":"backward","using":null,"recognized":null,"mode":null,"vehicle":null},"between":null}],"sources":[{"property":"","dataset":"OpenStreetMap","license":"ODbL-1.0","record_id":"w734647899@2","update_time":"2026-04-05T13:20:35Z","confidence":null,"between":null}],"version":2}},
{"id":"d61a13e3-54e3-4735-b9c5-74e544cdbee7","type":"Feature","geometry":{"type":"LineString","coordinates":[[80.9570501,26.8542741],[80.956896,26.8541489],[80.9568589,26.854117],[80.9564393,26.8537562],[80.9561197,26.8534324],[80.9560714,26.8533835],[80.9557958,26.8531043],[80.9556266,26.8529329],[80.9555076,26.8528123],[80.9550488,26.8523475],[80.9548768,26.8521732],[80.9546201,26.8520016]]},"properties":{"names":{"primary":"Jopling Road","common":null,"rules":[{"variant":"common","language":null,"perspectives":null,"value":"Jopling Road","between":null,"side":null}]},"subtype":"road","class":"residential","connectors":[{"connector_id":"169f30e1-a1da-42e4-bcdd-652ddff079b4","at":0.0},{"connector_id":"0066ddd1-d783-471a-baa7-60d58f9efc92","at":0.073712416},{"connector_id":"58ef38ea-a4b7-4462-bd1b-814e978517d1","at":0.375999584},{"connector_id":"0e6c3ac6-d027-4470-88a1-da67a6f253f3","at":0.396704112},{"connector_id":"c259b212-c888-49d4-b118-9ee8d01a459e","at":0.514886158},{"connector_id":"6f86f903-fd17-4079-8348-e7bb3f4b9e9b","at":0.587439695},{"connector_id":"0cabe1f4-e41f-41e5-a441-7c3e0c69b2e2","at":0.638479839},{"connector_id":"e062bc14-650e-42de-a8e4-a640cefa7bae","at":0.835223361},{"connector_id":"1751f82d-aecf-4eff-9115-aba9c79ec1b0","at":1.0}],"road_surface":[{"value":"paved","between":null}],"sources":[{"property":"","dataset":"OpenStreetMap","license":"ODbL-1.0","record_id":"w212846777@7","update_time":"2025-01-25T09:07:18Z","confidence":null,"between":null}],"version":2}},
{"id":"cb690072-e36d-49ff-9cc7-87fd5ff72a22","type":"Feature","geometry":{"type":"LineString","coordinates":[[80.9537429,26.8547637],[80.9547672,26.854607],[80.9545581,26.8541308],[80.954455,26.8540891],[80.9538608,26.8542977]]},"properties":{"subtype":"road","class":"service","connectors":[{"connector_id":"a47ceb1d-5867-4611-8b40-c7d46795631d","at":0.0},{"connector_id":"403760f4-217d-4f0b-a69c-1b34f420b4e6","at":1.0}],"road_surface":[{"value":"paved","between":null}],"sources":[{"property":"","dataset":"OpenStreetMap","license":"ODbL-1.0","record_id":"w212846942@1","update_time":"2013-03-26T22:02:31Z","confidence":null,"between":null}],"version":1}},
{"id":"f9e54c23-7ff4-4436-a6a7-4e7534dab907","type":"Feature","geometry":{"type":"LineString","coordinates":[[80.9552878,26.8546485],[80.9551133,26.8540785],[80.9550865,26.8540091],[80.9550651,26.8539636],[80.9550463,26.8539493],[80.9550168,26.8539445],[80.9549712,26.8539564],[80.9547807,26.854045],[80.9547088,26.8540799],[80.9546719,26.8541003],[80.9546585,26.8541206],[80.9546578,26.8541362],[80.9546708,26.854179],[80.9548424,26.854648],[80.9548639,26.8546959],[80.9548773,26.854715],[80.9548961,26.8547222],[80.9549256,26.8547222],[80.9550114,26.8547054]]},"properties":{"subtype":"road","class":"unknown","connectors":[{"connector_id":"c567f392-a33c-4cc3-9fd5-1cb00bd2676e","at":0.0},{"connector_id":"85e9fd22-b355-43ed-9cb9-f695ff028a9c","at":1.0}],"sources":[{"property":"","dataset":"TomTom","license":"ODbL-1.0","record_id":null,"update_time":null,"confidence":null,"between":null}],"version":1}},
{"id":"0a68fcad-4427-494e-9e53-7678f8c7f20e","type":"Feature","geometry":{"type":"LineString","coordinates":[[80.9533736,26.853885],[80.953431,26.8539344]]},"properties":{"names":{"primary":"Way Lane","common":null,"rules":[{"variant":"common","language":null,"perspectives":null,"value":"Way Lane","between":null,"side":null}]},"subtype":"road","class":"residential","connectors":[{"connector_id":"7365fb46-93f2-4341-8cf6-3e0fbc5be22e","at":0.0},{"connector_id":"2201ef79-5215-4212-b314-2778d986238b","at":1.0}],"road_surface":[{"value":"paved","between":null}],"sources":[{"property":"","dataset":"OpenStreetMap","license":"ODbL-1.0","record_id":"w212846975@2","update_time":"2023-08-27T09:11:12Z","confidence":null,"between":null}],"version":1}},
{"id":"a389a7cb-644b-46e3-a9e9-b343877460be","type":"Feature","geometry":{"type":"LineString","coordinates":[[80.953431,26.8539344],[80.9535181,26.8540521],[80.9537429,26.8547637],[80.9538338,26.8551019]]},"properties":{"names":{"primary":"Way Lane","common":null,"rules":[{"variant":"common","language":null,"perspectives":null,"value":"Way Lane","between":null,"side":null}]},"subtype":"road","class":"residential","connectors":[{"connector_id":"2201ef79-5215-4212-b314-2778d986238b","at":0.0},{"connector_id":"a47ceb1d-5867-4611-8b40-c7d46795631d","at":0.71688082},{"connector_id":"927f306b-4bab-480a-9305-dae0f206e0be","at":1.0}],"road_surface":[{"value":"paved","between":null}],"sources":[{"property":"","dataset":"OpenStreetMap","license":"ODbL-1.0","record_id":"w212846975@2","update_time":"2023-08-27T09:11:12Z","confidence":null,"between":null}],"version":1}},
{"id":"50b4dde6-43b0-4dd5-879c-a5f956b25686","type":"Feature","geometry":{"type":"LineString","coordinates":[[80.9533736,26.853885],[80.9530195,26.8542193],[80.9528497,26.8543836],[80.9524155,26.8547848],[80.9522519,26.8549368],[80.9520529,26.8550659],[80.9515654,26.8553103]]},"properties":{"names":{"primary":"Rana Pratap Marg","common":null,"rules":[{"variant":"common","language":null,"perspectives":null,"value":"Rana Pratap Marg","between":null,"side":null}]},"subtype":"road","class":"tertiary","connectors":[{"connector_id":"7365fb46-93f2-4341-8cf6-3e0fbc5be22e","at":0.0},{"connector_id":"96be0d14-6365-4314-b6f4-7b5db7f455b3","at":0.211836651},{"connector_id":"033cc8d4-efda-4489-8c9c-df55c8b2a892","at":1.0}],"road_surface":[{"value":"paved","between":null}],"access_restrictions":[{"access_type":"denied","when":{"during":null,"heading":"backward","using":null,"recognized":null,"mode":null,"vehicle":null},"between":null}],"sources":[{"property":"","dataset":"OpenStreetMap","license":"ODbL-1.0","record_id":"w734647899@2","update_time":"2026-04-05T13:20:35Z","confidence":null,"between":null}],"version":2}},
{"id":"967de3bc-d38a-4fdc-baea-d9927be1514c","type":"Feature","geometry":{"type":"LineString","coordinates":[[80.9504191,26.854229],[80.94946,26.8548127]]},"properties":{"subtype":"road","class":"residential","connectors":[{"connector_id":"49e4ce19-5af5-4f93-92e4-3e91cf59ecbf","at":0.0},{"connector_id":"55e3c983-0cfd-4500-96cf-379333625772","at":1.0}],"road_surface":[{"value":"paved","between":null}],"sources":[{"property":"","dataset":"OpenStreetMap","license":"ODbL-1.0","record_id":"w210669970@2","update_time":"2025-11-25T18:16:23Z","confidence":null,"between":null}],"version":1}},
{"id":"89c156f4-649e-4421-a193-c4ed33fb61ff","type":"Feature","geometry":{"type":"LineString","coordinates":[[80.9489687,26.8541091],[80.9493831,26.8538509]]},"properties":{"subtype":"road","class":"residential","connectors":[{"connector_id":"bdbe1be9-a0a1-41ac-b126-c54710068061","at":0.0},{"connector_id":"6ba53f00-3dd6-40ac-b352-b3cab8e676da","at":1.0}],"road_surface":[{"value":"paved","between":null}],"sources":[{"property":"","dataset":"OpenStreetMap","license":"ODbL-1.0","record_id":"w210670135@1","update_time":"2015-01-12T05:53:05Z","confidence":null,"between":null}],"version":1}},
{"id":"72c5a005-03c7-4b89-a086-6357922366af","type":"Feature","geometry":{"type":"LineString","coordinates":[[80.9498215,26.8535685],[80.9504191,26.854229]]},"properties":{"names":{"primary":"Ashok Marg","common":null,"rules":[{"variant":"common","language":null,"perspectives":null,"value":"Ashok Marg","between":null,"side":null}]},"subtype":"road","class":"primary","connectors":[{"connector_id":"a7576571-b1d9-4bae-92b2-077d875881ec","at":0.0},{"connector_id":"49e4ce19-5af5-4f93-92e4-3e91cf59ecbf","at":1.0}],"road_surface":[{"value":"paved","between":null}],"access_restrictions":[{"access_type":"denied","when":{"during":null,"heading":"backward","using":null,"recognized":null,"mode":null,"vehicle":null},"between":null}],"sources":[{"property":"","dataset":"OpenStreetMap","license":"ODbL-1.0","record_id":"w209442104@10","update_time":"2026-04-05T13:20:35Z","confidence":null,"between":null}],"version":1}},
{"id":"bfc835e4-2ce4-49bf-bfa6-f8602dc2867d","type":"Feature","geometry":{"type":"LineString","coordinates":[[80.9515108,26.855296],[80.9513673,26.8550779],[80.9504307,26.8540886],[80.9500926,26.8537167],[80.9493756,26.8528949],[80.9493016,26.8527845],[80.9491756,26.8526152]]},"properties":{"names":{"primary":"Ashok Marg","common":null,"rules":[{"variant":"common","language":null,"perspectives":null,"value":"Ashok Marg","between":null,"side":null}]},"subtype":"road","class":"primary","connectors":[{"connector_id":"a5c3fef3-ed66-4a33-afc5-3d7718b61aab","at":0.0},{"connector_id":"5459865d-3960-45ce-be2b-04d8c041fd42","at":0.455286961},{"connector_id":"b9b82cc8-2f1b-43ec-8719-03dc0f7654ba","at":0.902440555},{"connector_id":"e385bf66-f301-4018-ad0c-4c1a644eab78","at":1.0}],"road_surface":[{"value":"paved","between":null}],"access_restrictions":[{"access_type":"denied","when":{"during":null,"heading":"backward","using":null,"recognized":null,"mode":null,"vehicle":null},"between":null}],"sources":[{"property":"","dataset":"OpenStreetMap","license":"ODbL-1.0","record_id":"w209643121@15","update_time":"2026-04-06T08:22:24Z","confidence":null,"between":null}],"version":2}},
{"id":"dfa9242e-194a-4863-b230-46541d596195","type":"Feature","geometry":{"type":"LineString","coordinates":[[80.9504307,26.8540886],[80.9510514,26.8536425]]},"properties":{"subtype":"road","class":"service","connectors":[{"connector_id":"5459865d-3960-45ce-be2b-04d8c041fd42","at":0.0},{"connector_id":"6d7c58af-baec-4225-b6b5-ff7ab5f13371","at":1.0}],"road_surface":[{"value":"paved","between":null}],"sources":[{"property":"","dataset":"OpenStreetMap","license":"ODbL-1.0","record_id":"w212876843@1","update_time":"2015-01-12T05:53:05Z","confidence":null,"between":null}],"version":1}},
{"id":"0af67b4e-77c9-48c6-9e73-9fbfc361bed8","type":"Feature","geometry":{"type":"LineString","coordinates":[[80.9490316,26.8526869],[80.9491366,26.8528091],[80.9492648,26.85296],[80.9496088,26.8533292],[80.9498215,26.8535685]]},"properties":{"names":{"primary":"Ashok Marg","common":null,"rules":[{"variant":"common","language":null,"perspectives":null,"value":"Ashok Marg","between":null,"side":null}]},"subtype":"road","class":"primary","connectors":[{"connector_id":"3face9f0-179e-4b5e-b333-01688fe836fe","at":0.0},{"connector_id":"b42a6a6a-40a0-436a-8f1a-55a5cbc93989","at":0.304102253},{"connector_id":"a7576571-b1d9-4bae-92b2-077d875881ec","at":1.0}],"road_surface":[{"value":"paved","between":null}],"access_restrictions":[{"access_type":"denied","when":{"during":null,"heading":"backward","using":null,"recognized":null,"mode":null,"vehicle":null},"between":null}],"sources":[{"property":"","dataset":"OpenStreetMap","license":"ODbL-1.0","record_id":"w209442104@10","update_time":"2026-04-05T13:20:35Z","confidence":null,"between":null}],"version":2}},
{"id":"a5d6ce09-15b8-41f3-9d9d-d0d3c6d15257","type":"Feature","geometry":{"type":"LineString","coordinates":[[80.9493831,26.8538509],[80.9498215,26.8535685]]},"properties":{"subtype":"road","class":"residential","connectors":[{"connector_id":"6ba53f00-3dd6-40ac-b352-b3cab8e676da","at":0.0},{"connector_id":"a7576571-b1d9-4bae-92b2-077d875881ec","at":1.0}],"road_surface":[{"value":"paved","between":null}],"sources":[{"property":"","dataset":"OpenStreetMap","license":"ODbL-1.0","record_id":"w210670135@1","update_time":"2015-01-12T05:53:05Z","confidence":null,"between":null}],"version":1}},
{"id":"28021e74-1eb1-4f4c-a0ab-b0452205b3ff","type":"Feature","geometry":{"type":"LineString","coordinates":[[80.9490948,26.8535088],[80.9493831,26.8538509]]},"properties":{"subtype":"road","class":"residential","connectors":[{"connector_id":"7151ba82-8e47-4d3f-b2e3-b2d09e812e4b","at":0.0},{"connector_id":"6ba53f00-3dd6-40ac-b352-b3cab8e676da","at":1.0}],"road_surface":[{"value":"paved","between":null}],"sources":[{"property":"","dataset":"OpenStreetMap","license":"ODbL-1.0","record_id":"w210669937@1","update_time":"2013-03-17T23:31:50Z","confidence":null,"between":null}],"version":1}},
{"id":"e3e8cc88-253d-4401-9688-70f06b6261d5","type":"Feature","geometry":{"type":"LineString","coordinates":[[80.9489687,26.8541091],[80.9480293,26.8530106]]},"properties":{"subtype":"road","class":"residential","connectors":[{"connector_id":"bdbe1be9-a0a1-41ac-b126-c54710068061","at":0.0},{"connector_id":"93bce397-2dea-4c2e-902f-b05f204be674","at":1.0}],"road_surface":[{"value":"paved","between":null}],"sources":[{"property":"","dataset":"OpenStreetMap","license":"ODbL-1.0","record_id":"w210669935@1","update_time":"2013-03-17T23:31:50Z","confidence":null,"between":null}],"version":1}},
{"id":"e327bac4-22df-408c-8ea1-e05dd340bec1","type":"Feature","geometry":{"type":"LineString","coordinates":[[80.948929,26.8533122],[80.9485413,26.852834]]},"properties":{"subtype":"road","class":"residential","connectors":[{"connector_id":"a6f64513-370e-4638-96b8-801407ae507b","at":0.0},{"connector_id":"513dea08-0f5e-4151-9e0c-4a4f719b2b0d","at":1.0}],"road_surface":[{"value":"paved","between":null}],"sources":[{"property":"","dataset":"OpenStreetMap","license":"ODbL-1.0","record_id":"w210669975@1","update_time":"2013-03-17T23:31:52Z","confidence":null,"between":null}],"version":1}},
{"id":"50050ec4-3ad7-4b9a-9f07-b8158b3d26fb","type":"Feature","geometry":{"type":"LineString","coordinates":[[80.9480293,26.8530106],[80.9485413,26.852834]]},"properties":{"subtype":"road","class":"secondary","connectors":[{"connector_id":"93bce397-2dea-4c2e-902f-b05f204be674","at":0.0},{"connector_id":"513dea08-0f5e-4151-9e0c-4a4f719b2b0d","at":1.0}],"road_surface":[{"value":"paved","between":null}],"sources":[{"property":"","dataset":"OpenStreetMap","license":"ODbL-1.0","record_id":"w210670136@5","update_time":"2024-04-30T11:49:18Z","confidence":null,"between":null}],"version":1}},
{"id":"7dd4a917-2a9d-4016-afd7-d604bb390f74","type":"Feature","geometry":{"type":"LineString","coordinates":[[80.947725,26.8531156],[80.9480293,26.8530106]]},"properties":{"subtype":"road","class":"secondary","connectors":[{"connector_id":"e0cba495-9345-45ce-8b3d-36cb5af96ef8","at":0.0},{"connector_id":"93bce397-2dea-4c2e-902f-b05f204be674","at":1.0}],"road_surface":[{"value":"paved","between":null}],"sources":[{"property":"","dataset":"OpenStreetMap","license":"ODbL-1.0","record_id":"w210670136@5","update_time":"2024-04-30T11:49:18Z","confidence":null,"between":null}],"version":1}},
{"id":"feed5a16-62c7-472e-b0f0-8044024c0d75","type":"Feature","geometry":{"type":"LineString","coordinates":[[80.947725,26.8531156],[80.9475741,26.8526927]]},"properties":{"subtype":"road","class":"residential","connectors":[{"connector_id":"e0cba495-9345-45ce-8b3d-36cb5af96ef8","at":0.0},{"connector_id":"1af51903-5754-4390-ba00-d45d2bb3746b","at":1.0}],"sources":[{"property":"","dataset":"OpenStreetMap","license":"ODbL-1.0","record_id":"w995251195@1","update_time":"2021-10-21T13:49:52Z","confidence":null,"between":null}],"version":1}},
{"id":"6e752249-57a6-4dfa-ae61-34f945c0039e","type":"Feature","geometry":{"type":"LineString","coordinates":[[80.947769,26.8531982],[80.947725,26.8531156]]},"properties":{"subtype":"road","class":"unknown","connectors":[{"connector_id":"1d13a377-cb8e-453e-bfcb-ba878a6da0d3","at":0.0},{"connector_id":"e0cba495-9345-45ce-8b3d-36cb5af96ef8","at":1.0}],"sources":[{"property":"","dataset":"TomTom","license":"ODbL-1.0","record_id":null,"update_time":null,"confidence":null,"between":null}],"version":1}},
{"id":"d9ce318f-3c27-4cb5-83f0-e16b34c4815f","type":"Feature","geometry":{"type":"LineString","coordinates":[[80.9469889,26.8533695],[80.947725,26.8531156]]},"properties":{"subtype":"road","class":"secondary","connectors":[{"connector_id":"aa8ba759-ed15-4820-948a-c47e3751d64f","at":0.0},{"connector_id":"e0cba495-9345-45ce-8b3d-36cb5af96ef8","at":1.0}],"road_surface":[{"value":"paved","between":null}],"sources":[{"property":"","dataset":"OpenStreetMap","license":"ODbL-1.0","record_id":"w210670136@5","update_time":"2024-04-30T11:49:18Z","confidence":null,"between":null}],"version":1}},
{"id":"083b0084-a94c-4ad8-b188-64da7dd28bcf","type":"Feature","geometry":{"type":"LineString","coordinates":[[80.9466002,26.8535046],[80.946292,26.8527759]]},"properties":{"subtype":"road","class":"residential","connectors":[{"connector_id":"77393813-d4ea-4508-aa82-62838cae8da9","at":0.0},{"connector_id":"5acc50d1-c90e-41fd-bb76-cb4ffb8ffa1c","at":1.0}],"sources":[{"property":"","dataset":"OpenStreetMap","license":"ODbL-1.0","record_id":"w756156438@1","update_time":"2019-12-17T06:50:07Z","confidence":null,"between":null}],"version":1}},
{"id":"25355ec8-ffd2-4c3d-a75a-882b4a5218b1","type":"Feature","geometry":{"type":"LineString","coordinates":[[80.946354,26.8535934],[80.9460561,26.8529293]]},"properties":{"subtype":"road","class":"service","connectors":[{"connector_id":"83025708-a0c4-43cf-a8e7-4e4a6f3994dd","at":0.0},{"connector_id":"26390d6f-e194-4fd8-96ad-40184cb59d99","at":1.0}],"sources":[{"property":"","dataset":"OpenStreetMap","license":"ODbL-1.0","record_id":"w995141025@1","update_time":"2021-10-21T05:59:56Z","confidence":null,"between":null}],"version":1}},
{"id":"488774bc-b603-4db9-a85c-91bfcc9eb83c","type":"Feature","geometry":{"type":"LineString","coordinates":[[80.9466002,26.8535046],[80.9469889,26.8533695]]},"properties":{"subtype":"road","class":"secondary","connectors":[{"connector_id":"77393813-d4ea-4508-aa82-62838cae8da9","at":0.0},{"connector_id":"aa8ba759-ed15-4820-948a-c47e3751d64f","at":1.0}],"road_surface":[{"value":"paved","between":null}],"sources":[{"property":"","dataset":"OpenStreetMap","license":"ODbL-1.0","record_id":"w210670136@5","update_time":"2024-04-30T11:49:18Z","confidence":null,"between":null}],"version":1}},
{"id":"39635053-a4ba-457e-ab7f-7eb032fc005d","type":"Feature","geometry":{"type":"LineString","coordinates":[[80.9448343,26.8541414],[80.9457639,26.8538062],[80.946354,26.8535934],[80.9466002,26.8535046]]},"properties":{"subtype":"road","class":"secondary","connectors":[{"connector_id":"36d4be2a-c471-4940-b1e0-1dca7389abfd","at":0.0},{"connector_id":"6a0fe9c5-4670-4581-a46b-99937daa7808","at":0.526411625},{"connector_id":"83025708-a0c4-43cf-a8e7-4e4a6f3994dd","at":0.860576788},{"connector_id":"77393813-d4ea-4508-aa82-62838cae8da9","at":1.0}],"road_surface":[{"value":"paved","between":null}],"sources":[{"property":"","dataset":"OpenStreetMap","license":"ODbL-1.0","record_id":"w210670136@5","update_time":"2024-04-30T11:49:18Z","confidence":null,"between":null}],"version":1}},
{"id":"581aac89-31ec-4ac5-97f2-1f8c49cb2894","type":"Feature","geometry":{"type":"LineString","coordinates":[[80.9469889,26.8533695],[80.9475395,26.8544019],[80.9484269,26.8540405],[80.9488079,26.8542093],[80.9489687,26.8541091]]},"properties":{"subtype":"road","class":"residential","connectors":[{"connector_id":"aa8ba759-ed15-4820-948a-c47e3751d64f","at":0.0},{"connector_id":"bdbe1be9-a0a1-41ac-b126-c54710068061","at":1.0}],"road_surface":[{"value":"paved","between":null}],"sources":[{"property":"","dataset":"OpenStreetMap","license":"ODbL-1.0","record_id":"w210670135@1","update_time":"2015-01-12T05:53:05Z","confidence":null,"between":null}],"version":1}},
{"id":"93358b39-6d1d-4bef-8d1f-4628d47548bf","type":"Feature","geometry":{"type":"LineString","coordinates":[[80.9449209,26.8543554],[80.9448409,26.8543844],[80.9442168,26.8546115]]},"properties":{"subtype":"road","class":"unknown","connectors":[{"connector_id":"e22058d1-808e-4fe8-a0d4-293c4a459677","at":0.0},{"connector_id":"b45d7181-0222-4579-a6a9-bc4ab9431535","at":0.113566273},{"connector_id":"7b46ea09-fbed-4e51-9b1d-63f3357140bd","at":1.0}],"sources":[{"property":"","dataset":"TomTom","license":"ODbL-1.0","record_id":null,"update_time":null,"confidence":null,"between":null}],"version":1}},
{"id":"cb58f914-b7dd-44a8-b539-469344f3c140","type":"Feature","geometry":{"type":"LineString","coordinates":[[80.9447478,26.8541726],[80.9448343,26.8541414]]},"properties":{"subtype":"road","class":"secondary","connectors":[{"connector_id":"823241b1-275e-4175-a376-642d8fcc3665","at":0.0},{"connector_id":"36d4be2a-c471-4940-b1e0-1dca7389abfd","at":1.0}],"road_surface":[{"value":"paved","between":null}],"sources":[{"property":"","dataset":"OpenStreetMap","license":"ODbL-1.0","record_id":"w210670136@5","update_time":"2024-04-30T11:49:18Z","confidence":null,"between":null}],"version":1}},
{"id":"c1a402e3-2766-4576-a028-3533725ff220","type":"Feature","geometry":{"type":"LineString","coordinates":[[80.9433682,26.8535739],[80.9435588,26.8538164],[80.9435588,26.8540495]]},"properties":{"subtype":"road","class":"service","connectors":[{"connector_id":"42110681-008f-49b1-acac-4adc0a5ed8fe","at":0.0},{"connector_id":"90cfd8ba-719c-4eab-9678-e12b6e331d94","at":1.0}],"sources":[{"property":"","dataset":"OpenStreetMap","license":"ODbL-1.0","record_id":"w995141023@1","update_time":"2021-10-21T05:59:56Z","confidence":null,"between":null}],"version":1}},
{"id":"69559e27-65e3-4f87-82d9-536a77b57c4d","type":"Feature","geometry":{"type":"LineString","coordinates":[[80.9420686,26.8539815],[80.9426061,26.8540254],[80.9428354,26.8540017],[80.94296,26.8539396]]},"properties":{"subtype":"road","class":"residential","connectors":[{"connector_id":"010eb728-d94f-4df7-b31d-313a7613edf0","at":0.0},{"connector_id":"a7832952-5397-42e0-9e2e-548728f5b0f2","at":0.591099407},{"connector_id":"66442157-430b-418e-800e-fe12f91dcb99","at":1.0}],"road_surface":[{"value":"paved","between":null}],"access_restrictions":[{"access_type":"allowed","when":{"during":null,"heading":null,"using":null,"recognized":["as_private"],"mode":null,"vehicle":null},"between":null}],"sources":[{"property":"","dataset":"OpenStreetMap","license":"ODbL-1.0","record_id":"w210670121@4","update_time":"2024-04-30T11:49:18Z","confidence":null,"between":null}],"version":1}},
{"id":"f79a1664-e4a9-4e69-bae1-a8d2e427c7d9","type":"Feature","geometry":{"type":"LineString","coordinates":[[80.94296,26.8539396],[80.9430897,26.8543623]]},"properties":{"subtype":"road","class":"residential","connectors":[{"connector_id":"66442157-430b-418e-800e-fe12f91dcb99","at":0.0},{"connector_id":"2af4c183-7fb0-4b57-90e5-91183dc4bc01","at":1.0}],"road_surface":[{"value":"paved","between":null}],"sources":[{"property":"","dataset":"OpenStreetMap","license":"ODbL-1.0","record_id":"w210670158@1","update_time":"2019-10-11T05:17:44Z","confidence":null,"between":null}],"version":1}},
{"id":"b2747c4c-176d-4314-b034-f25edf9f442c","type":"Feature","geometry":{"type":"LineString","coordinates":[[80.9426061,26.8540254],[80.9425758,26.8542799],[80.9425195,26.8547333]]},"properties":{"subtype":"road","class":"service","connectors":[{"connector_id":"a7832952-5397-42e0-9e2e-548728f5b0f2","at":0.0},{"connector_id":"f22d41e3-2a35-4a75-b71f-d727428fe7f4","at":1.0}],"sources":[{"property":"","dataset":"OpenStreetMap","license":"ODbL-1.0","record_id":"w733469664@1","update_time":"2019-10-11T05:17:44Z","confidence":null,"between":null}],"version":1}},
{"id":"a9bfaf3f-418c-4844-85d9-b9e640a614d9","type":"Feature","geometry":{"type":"LineString","coordinates":[[80.9430897,26.8543623],[80.9428032,26.8544433]]},"properties":{"subtype":"road","class":"residential","connectors":[{"connector_id":"2af4c183-7fb0-4b57-90e5-91183dc4bc01","at":0.0},{"connector_id":"054c19fa-bf71-4efb-b676-1fb744f9e274","at":1.0}],"road_surface":[{"value":"paved","between":null}],"sources":[{"property":"","dataset":"OpenStreetMap","license":"ODbL-1.0","record_id":"w210669959@1","update_time":"2013-03-17T23:31:51Z","confidence":null,"between":null}],"version":1}},
{"id":"bc3aeba4-b916-4312-a190-c527383b5583","type":"Feature","geometry":{"type":"LineString","coordinates":[[80.9369801,26.8539272],[80.9375874,26.8543017],[80.9377718,26.8542894],[80.9381308,26.8540391],[80.938765,26.8542565],[80.9388513,26.8542676],[80.9392614,26.8542986],[80.9395677,26.8541459],[80.9409371,26.8541861],[80.9423246,26.854805],[80.9425195,26.8547333]]},"properties":{"subtype":"road","class":"service","connectors":[{"connector_id":"366b2104-81f9-4f75-a289-65090cb3825d","at":0.0},{"connector_id":"0336a5be-dccb-41fc-b5ac-5e1ff3263ecd","at":0.340596917},{"connector_id":"8a5100be-97b7-40ab-acde-92225852b430","at":0.355042888},{"connector_id":"babfa370-ab80-4fb5-a1d8-01cbb8be0f22","at":0.481302123},{"connector_id":"f22d41e3-2a35-4a75-b71f-d727428fe7f4","at":1.0}],"road_surface":[{"value":"paved","between":[0.0,0.340589931]}],"access_restrictions":[{"access_type":"allowed","when":{"during":null,"heading":null,"using":null,"recognized":["as_private"],"mode":null,"vehicle":null},"between":[0.340589931,1.0]}],"sources":[{"property":"","dataset":"OpenStreetMap","license":"ODbL-1.0","record_id":"w212819092@1","update_time":"2024-05-03T11:46:37Z","confidence":null,"between":[0.0,0.340589931]},{"property":"","dataset":"OpenStreetMap","license":"ODbL-1.0","record_id":"w995141021@3","update_time":"2024-05-03T11:46:37Z","confidence":null,"between":[0.340589931,1.0]}],"version":1}},
{"id":"cbfea379-6376-4a72-b17e-db52087ae2da","type":"Feature","geometry":{"type":"LineString","coordinates":[[80.9395677,26.8541459],[80.9395677,26.8534005]]},"properties":{"subtype":"road","class":"service","connectors":[{"connector_id":"babfa370-ab80-4fb5-a1d8-01cbb8be0f22","at":0.0},{"connector_id":"dec85ff4-9734-49df-a560-07d2e90323f8","at":1.0}],"access_restrictions":[{"access_type":"allowed","when":{"during":null,"heading":null,"using":null,"recognized":["as_private"],"mode":null,"vehicle":null},"between":null}],"sources":[{"property":"","dataset":"OpenStreetMap","license":"ODbL-1.0","record_id":"w995141022@2","update_time":"2023-08-28T08:11:03Z","confidence":null,"between":null}],"version":1}},
{"id":"8139648c-6afb-4a6f-b410-3070fe63630a","type":"Feature","geometry":{"type":"LineString","coordinates":[[80.9417925,26.8540087],[80.9415085,26.8541047]]},"properties":{"subtype":"road","class":"residential","connectors":[{"connector_id":"488b3be4-6f6d-4d45-9172-6d52d855a144","at":0.0},{"connector_id":"48f96b84-6292-41ab-b26b-16c0ed2c14da","at":1.0}],"access_restrictions":[{"access_type":"allowed","when":{"during":null,"heading":null,"using":null,"recognized":["as_private"],"mode":null,"vehicle":null},"between":null}],"sources":[{"property":"","dataset":"OpenStreetMap","license":"ODbL-1.0","record_id":"w1081678436@2","update_time":"2023-08-28T08:11:03Z","confidence":null,"between":null}],"version":1}},
{"id":"f30ba5b5-1971-4e48-9f72-4a18dfe92d45","type":"Feature","geometry":{"type":"LineString","coordinates":[[80.9417925,26.8540087],[80.9418222,26.8540451],[80.9419657,26.8540422],[80.9420686,26.8539815]]},"properties":{"subtype":"road","class":"residential","connectors":[{"connector_id":"488b3be4-6f6d-4d45-9172-6d52d855a144","at":0.0},{"connector_id":"010eb728-d94f-4df7-b31d-313a7613edf0","at":1.0}],"access_restrictions":[{"access_type":"denied","when":{"during":null,"heading":"backward","using":null,"recognized":null,"mode":null,"vehicle":null},"between":null},{"access_type":"allowed","when":{"during":null,"heading":null,"using":null,"recognized":["as_private"],"mode":null,"vehicle":null},"between":null}],"sources":[{"property":"","dataset":"OpenStreetMap","license":"ODbL-1.0","record_id":"w1081678435@2","update_time":"2023-08-28T08:11:03Z","confidence":null,"between":null}],"version":1}},
{"id":"1f9ad02f-43c8-498c-86be-667291faf66b","type":"Feature","geometry":{"type":"LineString","coordinates":[[80.9420686,26.8539815],[80.9420943,26.8538654],[80.9420191,26.8537862]]},"properties":{"subtype":"road","class":"residential","connectors":[{"connector_id":"010eb728-d94f-4df7-b31d-313a7613edf0","at":0.0},{"connector_id":"4b394462-0a3c-4dbe-9876-998be15e4888","at":1.0}],"access_restrictions":[{"access_type":"denied","when":{"during":null,"heading":"backward","using":null,"recognized":null,"mode":null,"vehicle":null},"between":null},{"access_type":"allowed","when":{"during":null,"heading":null,"using":null,"recognized":["as_private"],"mode":null,"vehicle":null},"between":null}],"sources":[{"property":"","dataset":"OpenStreetMap","license":"ODbL-1.0","record_id":"w1081678435@2","update_time":"2023-08-28T08:11:03Z","confidence":null,"between":null}],"version":1}},
{"id":"f78fc21e-8d11-429a-81d2-e6b76f398add","type":"Feature","geometry":{"type":"LineString","coordinates":[[80.9417988,26.8537981],[80.9417354,26.8538963],[80.9417688,26.8539797],[80.9417925,26.8540087]]},"properties":{"subtype":"road","class":"residential","connectors":[{"connector_id":"31bb614a-68cf-4916-bd50-bd089102f7ce","at":0.0},{"connector_id":"488b3be4-6f6d-4d45-9172-6d52d855a144","at":1.0}],"access_restrictions":[{"access_type":"denied","when":{"during":null,"heading":"backward","using":null,"recognized":null,"mode":null,"vehicle":null},"between":null},{"access_type":"allowed","when":{"during":null,"heading":null,"using":null,"recognized":["as_private"],"mode":null,"vehicle":null},"between":null}],"sources":[{"property":"","dataset":"OpenStreetMap","license":"ODbL-1.0","record_id":"w1081678435@2","update_time":"2023-08-28T08:11:03Z","confidence":null,"between":null}],"version":1}},
{"id":"b5d46334-3d37-44b8-83c8-df5a57ad2d6f","type":"Feature","geometry":{"type":"LineString","coordinates":[[80.9420191,26.8537862],[80.9419423,26.8537623],[80.9417988,26.8537981]]},"properties":{"subtype":"road","class":"residential","connectors":[{"connector_id":"4b394462-0a3c-4dbe-9876-998be15e4888","at":0.0},{"connector_id":"31bb614a-68cf-4916-bd50-bd089102f7ce","at":1.0}],"access_restrictions":[{"access_type":"denied","when":{"during":null,"heading":"backward","using":null,"recognized":null,"mode":null,"vehicle":null},"between":null},{"access_type":"allowed","when":{"during":null,"heading":null,"using":null,"recognized":["as_private"],"mode":null,"vehicle":null},"between":null}],"sources":[{"property":"","dataset":"OpenStreetMap","license":"ODbL-1.0","record_id":"w1081678435@2","update_time":"2023-08-28T08:11:03Z","confidence":null,"between":null}],"version":1}},
{"id":"47b73efe-1471-4e2a-9391-5e04926e7e36","type":"Feature","geometry":{"type":"LineString","coordinates":[[80.9417988,26.8537981],[80.9414385,26.8536939]]},"properties":{"subtype":"road","class":"residential","connectors":[{"connector_id":"31bb614a-68cf-4916-bd50-bd089102f7ce","at":0.0},{"connector_id":"21547858-1b16-41c0-ab95-41d0ddca10ce","at":1.0}],"access_restrictions":[{"access_type":"allowed","when":{"during":null,"heading":null,"using":null,"recognized":["as_private"],"mode":null,"vehicle":null},"between":null}],"sources":[{"property":"","dataset":"OpenStreetMap","license":"ODbL-1.0","record_id":"w1081678437@2","update_time":"2023-08-28T08:11:03Z","confidence":null,"between":null}],"version":1}},
{"id":"e2a13b8c-1ffe-4769-aeb0-6dd79911b005","type":"Feature","geometry":{"type":"LineString","coordinates":[[80.9420191,26.8537862],[80.9421325,26.8536849],[80.9421692,26.8535599],[80.942243,26.8534017],[80.9422627,26.8533277],[80.9421425,26.8531104],[80.9420706,26.8530602],[80.9419824,26.8530389],[80.9419067,26.8530516],[80.9418132,26.8530404]]},"properties":{"subtype":"road","class":"residential","connectors":[{"connector_id":"4b394462-0a3c-4dbe-9876-998be15e4888","at":0.0},{"connector_id":"639ada78-8edb-42e5-ab10-c01479b89c53","at":1.0}],"access_restrictions":[{"access_type":"allowed","when":{"during":null,"heading":null,"using":null,"recognized":["as_private"],"mode":null,"vehicle":null},"between":[0.0,0.921646303]}],"sources":[{"property":"","dataset":"OpenStreetMap","license":"ODbL-1.0","record_id":"w1081678438@2","update_time":"2023-08-28T08:11:03Z","confidence":null,"between":[0.0,0.921646303]},{"property":"","dataset":"OpenStreetMap","license":"ODbL-1.0","record_id":"w1081678439@1","update_time":"2022-07-27T07:09:44Z","confidence":null,"between":[0.921646303,1.0]}],"version":1}},
{"id":"1807f1df-37db-45dc-9960-ce16ae33ee5a","type":"Feature","geometry":{"type":"LineString","coordinates":[[80.9387573,26.8533992],[80.9388757,26.8534244],[80.9391278,26.8534376],[80.9393866,26.8534232],[80.9395677,26.8534005],[80.9397635,26.8533622],[80.9398775,26.853343],[80.9399915,26.8533406],[80.9401752,26.8533598],[80.9403227,26.853367],[80.9404555,26.8533646],[80.9405547,26.8533012],[80.9406151,26.8532031]]},"properties":{"subtype":"road","class":"service","connectors":[{"connector_id":"39cd4474-60e3-44d9-b82a-0a9b0efddeff","at":0.0},{"connector_id":"dec85ff4-9734-49df-a560-07d2e90323f8","at":0.416722495},{"connector_id":"55bd302f-e5bb-4700-b07c-ffa7f48f0775","at":1.0}],"access_restrictions":[{"access_type":"allowed","when":{"during":null,"heading":null,"using":null,"recognized":["as_private"],"mode":null,"vehicle":null},"between":null}],"sources":[{"property":"","dataset":"OpenStreetMap","license":"ODbL-1.0","record_id":"w734728946@3","update_time":"2024-05-03T11:41:09Z","confidence":null,"between":null}],"version":1}},
{"id":"238f26b3-e729-43f2-a59e-56f64fef91c1","type":"Feature","geometry":{"type":"LineString","coordinates":[[80.9418132,26.8530404],[80.9417258,26.8530298],[80.9416417,26.8529863],[80.9416092,26.8529089],[80.9416255,26.8528582],[80.9416851,26.8528436],[80.9417312,26.8528993]]},"properties":{"subtype":"road","class":"residential","connectors":[{"connector_id":"639ada78-8edb-42e5-ab10-c01479b89c53","at":0.0},{"connector_id":"b45831d7-2552-44de-ba9f-d6458b3333ba","at":1.0}],"sources":[{"property":"","dataset":"OpenStreetMap","license":"ODbL-1.0","record_id":"w1081678439@1","update_time":"2022-07-27T07:09:44Z","confidence":null,"between":null}],"version":1}},
{"id":"ea1b9345-15fd-4a5c-bf37-caad61f4a2e9","type":"Feature","geometry":{"type":"LineString","coordinates":[[80.9417312,26.8528993],[80.9418132,26.8530404]]},"properties":{"subtype":"road","class":"residential","connectors":[{"connector_id":"b45831d7-2552-44de-ba9f-d6458b3333ba","at":0.0},{"connector_id":"639ada78-8edb-42e5-ab10-c01479b89c53","at":1.0}],"sources":[{"property":"","dataset":"OpenStreetMap","license":"ODbL-1.0","record_id":"w1081678439@1","update_time":"2022-07-27T07:09:44Z","confidence":null,"between":null}],"version":1}},
{"id":"0e585d10-5cd9-4d07-bfb5-1b5bb5d7a1d4","type":"Feature","geometry":{"type":"LineString","coordinates":[[80.94296,26.8539396],[80.9430142,26.8538849],[80.9433682,26.8535739],[80.9441896,26.8528523]]},"properties":{"subtype":"road","class":"residential","connectors":[{"connector_id":"66442157-430b-418e-800e-fe12f91dcb99","at":0.0},{"connector_id":"42110681-008f-49b1-acac-4adc0a5ed8fe","at":0.334194455},{"connector_id":"e6d5b1b5-f1d6-4766-8f2b-5ffbaca0153d","at":1.0}],"road_surface":[{"value":"paved","between":null}],"access_restrictions":[{"access_type":"allowed","when":{"during":null,"heading":null,"using":null,"recognized":["as_private"],"mode":null,"vehicle":null},"between":null}],"sources":[{"property":"","dataset":"OpenStreetMap","license":"ODbL-1.0","record_id":"w210670121@4","update_time":"2024-04-30T11:49:18Z","confidence":null,"between":null}],"version":1}},
{"id":"dab9086a-4484-43dc-b310-4d6b0a903dd5","type":"Feature","geometry":{"type":"LineString","coordinates":[[80.9448343,26.8541414],[80.9443847,26.8531272],[80.9443492,26.8530478],[80.9442415,26.8528067]]},"properties":{"names":{"primary":"Shahnajaf Road","common":null,"rules":[{"variant":"common","language":null,"perspectives":null,"value":"Shahnajaf Road","between":null,"side":null}]},"subtype":"road","class":"secondary","connectors":[{"connector_id":"36d4be2a-c471-4940-b1e0-1dca7389abfd","at":0.0},{"connector_id":"1b7f967e-77df-40aa-a39e-d461769ed9a8","at":0.819217327},{"connector_id":"4a1f7c93-63cd-4688-8266-a642bfa926c1","at":1.0}],"road_surface":[{"value":"paved","between":null}],"access_restrictions":[{"access_type":"denied","when":{"during":null,"heading":"backward","using":null,"recognized":null,"mode":null,"vehicle":null},"between":null}],"sources":[{"property":"","dataset":"OpenStreetMap","license":"ODbL-1.0","record_id":"w210669898@7","update_time":"2025-08-03T16:07:16Z","confidence":null,"between":null}],"version":2}},
{"id":"79386567-eb12-4651-862e-f4491db5a33e","type":"Feature","geometry":{"type":"LineString","coordinates":[[80.9441896,26.8528523],[80.9442814,26.8530733],[80.9444265,26.8534225],[80.9446056,26.8538491],[80.9447478,26.8541726]]},"properties":{"subtype":"road","class":"secondary","connectors":[{"connector_id":"e6d5b1b5-f1d6-4766-8f2b-5ffbaca0153d","at":0.0},{"connector_id":"4c0610f6-849f-469b-967e-54a53a432ffa","at":0.167016003},{"connector_id":"823241b1-275e-4175-a376-642d8fcc3665","at":1.0}],"access_restrictions":[{"access_type":"denied","when":{"during":null,"heading":"backward","using":null,"recognized":null,"mode":null,"vehicle":null},"between":null}],"sources":[{"property":"","dataset":"OpenStreetMap","license":"ODbL-1.0","record_id":"w1278477389@1","update_time":"2024-04-30T11:49:18Z","confidence":null,"between":null}],"version":2}},
{"id":"66c80a24-c6f8-4a14-8cf2-7863b51535e8","type":"Feature","geometry":{"type":"LineString","coordinates":[[80.9443492,26.8530478],[80.9442814,26.8530733]]},"properties":{"subtype":"road","class":"unknown","connectors":[{"connector_id":"1b7f967e-77df-40aa-a39e-d461769ed9a8","at":0.0},{"connector_id":"4c0610f6-849f-469b-967e-54a53a432ffa","at":1.0}],"sources":[{"property":"","dataset":"TomTom","license":"ODbL-1.0","record_id":null,"update_time":null,"confidence":null,"between":null}],"version":1}},
{"id":"f19fbd8c-936c-485e-9223-863e43a6c62b","type":"Feature","geometry":{"type":"LineString","coordinates":[[80.9457639,26.8538062],[80.9451696,26.8516541]]},"properties":{"subtype":"road","class":"service","connectors":[{"connector_id":"6a0fe9c5-4670-4581-a46b-99937daa7808","at":0.0},{"connector_id":"79f6ebf0-46f5-4870-b81d-154f880b3c3c","at":1.0}],"sources":[{"property":"","dataset":"OpenStreetMap","license":"ODbL-1.0","record_id":"w995141024@1","update_time":"2023-05-16T16:57:15Z","confidence":null,"between":null}],"version":1}},
{"id":"32f6b545-106f-41e7-8e22-62e53c99c6d3","type":"Feature","geometry":{"type":"LineString","coordinates":[[80.9441896,26.8528523],[80.9442415,26.8528067]]},"properties":{"subtype":"road","class":"residential","connectors":[{"connector_id":"e6d5b1b5-f1d6-4766-8f2b-5ffbaca0153d","at":0.0},{"connector_id":"4a1f7c93-63cd-4688-8266-a642bfa926c1","at":1.0}],"road_surface":[{"value":"paved","between":null}],"access_restrictions":[{"access_type":"allowed","when":{"during":null,"heading":null,"using":null,"recognized":["as_private"],"mode":null,"vehicle":null},"between":null}],"sources":[{"property":"","dataset":"OpenStreetMap","license":"ODbL-1.0","record_id":"w210670121@4","update_time":"2024-04-30T11:49:18Z","confidence":null,"between":null}],"version":1}},
{"id":"9cbdade5-3ebe-47d5-a340-31a2a78aa53c","type":"Feature","geometry":{"type":"LineString","coordinates":[[80.942885,26.8526303],[80.94235,26.8519455]]},"properties":{"subtype":"road","class":"path","connectors":[{"connector_id":"e9846a28-0625-40b5-ad8f-b2bb93e325b4","at":0.0},{"connector_id":"ca0c8b67-696e-433d-bb89-a0f7f88e31ba","at":1.0}],"sources":[{"property":"","dataset":"OpenStreetMap","license":"ODbL-1.0","record_id":"w1173419758@1","update_time":"2023-05-16T16:57:15Z","confidence":null,"between":null}],"version":1}},
{"id":"597f024b-17ae-4faf-90e5-ff780347db0b","type":"Feature","geometry":{"type":"LineString","coordinates":[[80.942885,26.8526303],[80.9432608,26.8524119]]},"properties":{"subtype":"road","class":"path","connectors":[{"connector_id":"e9846a28-0625-40b5-ad8f-b2bb93e325b4","at":0.0},{"connector_id":"0535738c-3d83-4a94-861c-e9d4858684c5","at":1.0}],"sources":[{"property":"","dataset":"OpenStreetMap","license":"ODbL-1.0","record_id":"w1173419759@1","update_time":"2023-05-16T16:57:15Z","confidence":null,"between":null}],"version":1}},
{"id":"b678f43a-f991-4b61-9011-7ceb27f5df50","type":"Feature","geometry":{"type":"LineString","coordinates":[[80.9391328,26.8527232],[80.9391884,26.852773]]},"properties":{"subtype":"road","class":"unknown","connectors":[{"connector_id":"a555e26d-8071-41e7-bc4d-9041c4229f1d","at":0.0},{"connector_id":"252a715c-1744-473d-9335-88ff3a369752","at":1.0}],"sources":[{"property":"","dataset":"TomTom","license":"ODbL-1.0","record_id":null,"update_time":null,"confidence":null,"between":null}],"version":1}},
{"id":"2498e9e5-cd22-4d97-b215-396402525b70","type":"Feature","geometry":{"type":"LineString","coordinates":[[80.9386948,26.8533612],[80.9387883,26.853252],[80.9391884,26.852773],[80.9393293,26.8526042],[80.9393999,26.8524639],[80.9394199,26.8523451],[80.9393959,26.8521893],[80.9391947,26.8517596]]},"properties":{"subtype":"road","class":"tertiary","connectors":[{"connector_id":"aa3f8b4b-58ff-4e1a-b9e3-dfd9e273a6dd","at":0.0},{"connector_id":"252a715c-1744-473d-9335-88ff3a369752","at":0.399139584},{"connector_id":"662b2f08-ade6-42a2-8930-6e491d1e41cb","at":1.0}],"road_surface":[{"value":"paved","between":null}],"access_restrictions":[{"access_type":"denied","when":{"during":null,"heading":"backward","using":null,"recognized":null,"mode":null,"vehicle":null},"between":null}],"sources":[{"property":"","dataset":"OpenStreetMap","license":"ODbL-1.0","record_id":"w210669913@7","update_time":"2025-08-03T01:49:15Z","confidence":null,"between":null}],"version":2}},
{"id":"1f64780f-a7a8-4bef-93ff-989aae17c7db","type":"Feature","geometry":{"type":"LineString","coordinates":[[80.9399391,26.851748],[80.9407358,26.8529404],[80.9414224,26.8525697],[80.9404939,26.851415]]},"properties":{"subtype":"road","class":"service","connectors":[{"connector_id":"980d1ab9-902e-45bb-8c32-0eb69cb7ab15","at":0.0},{"connector_id":"7eae57ca-8fd0-4bc8-88d2-095ecbf0a92d","at":1.0}],"access_restrictions":[{"access_type":"allowed","when":{"during":null,"heading":null,"using":null,"recognized":["as_private"],"mode":null,"vehicle":null},"between":null}],"sources":[{"property":"","dataset":"OpenStreetMap","license":"ODbL-1.0","record_id":"w1072505004@2","update_time":"2023-08-28T08:15:14Z","confidence":null,"between":null}],"version":1}},
{"id":"9675946b-73f9-4106-b711-2e610eed7c77","type":"Feature","geometry":{"type":"LineString","coordinates":[[80.9417609,26.8521112],[80.9419496,26.8523535]]},"properties":{"subtype":"road","class":"residential","connectors":[{"connector_id":"27a64405-0162-4d5f-b047-3043cc466d1f","at":0.0},{"connector_id":"930b9454-7bc6-4667-9ea3-721bbd3dfa4d","at":1.0}],"road_surface":[{"value":"paved","between":null}],"sources":[{"property":"","dataset":"OpenStreetMap","license":"ODbL-1.0","record_id":"w213237829@2","update_time":"2022-11-23T12:18:02Z","confidence":null,"between":null}],"version":1}},
{"id":"2de46d7c-41e1-4f59-b0cf-d7faf76b6b25","type":"Feature","geometry":{"type":"LineString","coordinates":[[80.9417609,26.8521112],[80.942572,26.8516056],[80.9427645,26.8514939]]},"properties":{"subtype":"road","class":"residential","connectors":[{"connector_id":"27a64405-0162-4d5f-b047-3043cc466d1f","at":0.0},{"connector_id":"29bdfc78-e718-4308-8285-c1350ef9c745","at":1.0}],"road_surface":[{"value":"paved","between":null}],"sources":[{"property":"","dataset":"OpenStreetMap","license":"ODbL-1.0","record_id":"w213237756@3","update_time":"2024-04-30T11:49:18Z","confidence":null,"between":null}],"version":1}},
{"id":"370b4008-35cd-477c-a69a-646e448dcd32","type":"Feature","geometry":{"type":"LineString","coordinates":[[80.939101,26.8518144],[80.9391947,26.8517596]]},"properties":{"names":{"primary":"Mahatma Gandhi Road","common":null,"rules":[{"variant":"common","language":null,"perspectives":null,"value":"Mahatma Gandhi Road","between":null,"side":null}]},"subtype":"road","class":"primary","connectors":[{"connector_id":"15485125-a5c9-4ee4-a9aa-6098010cf76a","at":0.0},{"connector_id":"662b2f08-ade6-42a2-8930-6e491d1e41cb","at":1.0}],"road_surface":[{"value":"paved","between":null}],"access_restrictions":[{"access_type":"denied","when":{"during":null,"heading":"backward","using":null,"recognized":null,"mode":null,"vehicle":null},"between":null}],"sources":[{"property":"","dataset":"OpenStreetMap","license":"ODbL-1.0","record_id":"w210669987@22","update_time":"2026-06-10T08:43:20Z","confidence":null,"between":null}],"version":2}},
{"id":"649fcd7d-f052-46ff-8760-352a3f5cefc7","type":"Feature","geometry":{"type":"LineString","coordinates":[[80.9390101,26.8517009],[80.939101,26.8518144]]},"properties":{"subtype":"road","class":"tertiary","connectors":[{"connector_id":"61d4f21f-db88-4418-842b-db70306e1d1b","at":0.0},{"connector_id":"15485125-a5c9-4ee4-a9aa-6098010cf76a","at":1.0}],"road_surface":[{"value":"paved","between":null}],"access_restrictions":[{"access_type":"denied","when":{"during":null,"heading":"backward","using":null,"recognized":null,"mode":null,"vehicle":null},"between":null}],"sources":[{"property":"","dataset":"OpenStreetMap","license":"ODbL-1.0","record_id":"w210669932@3","update_time":"2025-08-03T01:49:15Z","confidence":null,"between":null}],"version":2}},
{"id":"f98c0d57-f8b0-4349-b92b-880a5e7322b8","type":"Feature","geometry":{"type":"LineString","coordinates":[[80.9391947,26.8517596],[80.9391056,26.85164]]},"properties":{"subtype":"road","class":"tertiary","connectors":[{"connector_id":"662b2f08-ade6-42a2-8930-6e491d1e41cb","at":0.0},{"connector_id":"5d7c6a3d-ff00-46e3-95bb-53c2a410dd48","at":1.0}],"road_surface":[{"value":"paved","between":null}],"access_restrictions":[{"access_type":"denied","when":{"during":null,"heading":"backward","using":null,"recognized":null,"mode":null,"vehicle":null},"between":null}],"sources":[{"property":"","dataset":"OpenStreetMap","license":"ODbL-1.0","record_id":"w210669913@7","update_time":"2025-08-03T01:49:15Z","confidence":null,"between":null}],"version":2}},
{"id":"660c583e-8e79-420c-8e3c-d0d12214acd3","type":"Feature","geometry":{"type":"LineString","coordinates":[[80.9391056,26.85164],[80.9390613,26.8516689],[80.9390101,26.8517009]]},"properties":{"names":{"primary":"Mahatma Gandhi Road","common":null,"rules":[{"variant":"common","language":null,"perspectives":null,"value":"Mahatma Gandhi Road","between":null,"side":null}]},"subtype":"road","class":"primary","connectors":[{"connector_id":"5d7c6a3d-ff00-46e3-95bb-53c2a410dd48","at":0.0},{"connector_id":"61d4f21f-db88-4418-842b-db70306e1d1b","at":1.0}],"road_surface":[{"value":"paved","between":null}],"access_restrictions":[{"access_type":"denied","when":{"during":null,"heading":"backward","using":null,"recognized":null,"mode":null,"vehicle":null},"between":null}],"routes":[{"name":"National Highway 24B","network":"IN:NH","ref":null,"symbol":null,"wikidata":null,"between":null}],"sources":[{"property":"/routes","dataset":"OpenStreetMap","license":"ODbL-1.0","record_id":"r1425755@88","update_time":null,"confidence":null,"between":null},{"property":"","dataset":"OpenStreetMap","license":"ODbL-1.0","record_id":"w210669986@25","update_time":"2026-04-06T10:29:50Z","confidence":null,"between":null}],"version":2}},
{"id":"93f7ec03-bba2-4ae3-8802-fba3da347489","type":"Feature","geometry":{"type":"LineString","coordinates":[[80.9396427,26.8514566],[80.9398483,26.8516587],[80.9399117,26.851721],[80.9399391,26.851748],[80.9404939,26.851415]]},"properties":{"subtype":"road","class":"service","connectors":[{"connector_id":"62a2007b-2c15-494b-a5cf-7a2f0aa8f132","at":0.0},{"connector_id":"980d1ab9-902e-45bb-8c32-0eb69cb7ab15","at":0.397144615},{"connector_id":"7eae57ca-8fd0-4bc8-88d2-095ecbf0a92d","at":1.0}],"access_restrictions":[{"access_type":"allowed","when":{"during":null,"heading":null,"using":null,"recognized":["as_private"],"mode":null,"vehicle":null},"between":null}],"sources":[{"property":"","dataset":"OpenStreetMap","license":"ODbL-1.0","record_id":"w994845758@2","update_time":"2023-08-28T08:15:14Z","confidence":null,"between":null}],"version":1}},
{"id":"e646cd53-4cdb-4b7d-b0b1-6a1a86aa2263","type":"Feature","geometry":{"type":"LineString","coordinates":[[80.9391947,26.8517596],[80.9396427,26.8514566],[80.9401826,26.8511022]]},"properties":{"names":{"primary":"Mahatma Gandhi Road","common":null,"rules":[{"variant":"common","language":null,"perspectives":null,"value":"Mahatma Gandhi Road","between":null,"side":null}]},"subtype":"road","class":"primary","connectors":[{"connector_id":"662b2f08-ade6-42a2-8930-6e491d1e41cb","at":0.0},{"connector_id":"62a2007b-2c15-494b-a5cf-7a2f0aa8f132","at":0.456122903},{"connector_id":"52567978-bb75-4489-8e93-b8d126f96f38","at":1.0}],"road_surface":[{"value":"paved","between":null}],"access_restrictions":[{"access_type":"denied","when":{"during":null,"heading":"backward","using":null,"recognized":null,"mode":null,"vehicle":null},"between":null}],"sources":[{"property":"","dataset":"OpenStreetMap","license":"ODbL-1.0","record_id":"w210669987@22","update_time":"2026-06-10T08:43:20Z","confidence":null,"between":null}],"version":2}},
{"id":"8f4a34a7-bf09-406c-8cb8-ad6d669ae9a0","type":"Feature","geometry":{"type":"LineString","coordinates":[[80.9396246,26.8511956],[80.9396887,26.8512971]]},"properties":{"subtype":"road","class":"unknown","connectors":[{"connector_id":"d4dea0c3-0de0-4332-8b87-474632a0dcd7","at":0.0},{"connector_id":"911a2b39-9952-45c4-8516-c6c0a92fb71d","at":1.0}],"sources":[{"property":"","dataset":"TomTom","license":"ODbL-1.0","record_id":null,"update_time":null,"confidence":null,"between":null}],"version":1}},
{"id":"ae81aec3-3f39-4718-9c7b-14787b0d9f66","type":"Feature","geometry":{"type":"LineString","coordinates":[[80.940121,26.8510429],[80.9396887,26.8512971],[80.9394238,26.8514529],[80.9391056,26.85164]]},"properties":{"names":{"primary":"Mahatma Gandhi Road","common":null,"rules":[{"variant":"common","language":null,"perspectives":null,"value":"Mahatma Gandhi Road","between":null,"side":null}]},"subtype":"road","class":"primary","connectors":[{"connector_id":"1311ad03-97c7-428f-84d5-c4d7577fbaa8","at":0.0},{"connector_id":"911a2b39-9952-45c4-8516-c6c0a92fb71d","at":0.425738218},{"connector_id":"396b07ba-0572-4d29-8a1c-b725ed147f75","at":0.686634226},{"connector_id":"5d7c6a3d-ff00-46e3-95bb-53c2a410dd48","at":1.0}],"road_surface":[{"value":"paved","between":null}],"access_restrictions":[{"access_type":"denied","when":{"during":null,"heading":"backward","using":null,"recognized":null,"mode":null,"vehicle":null},"between":null}],"routes":[{"name":"National Highway 24B","network":"IN:NH","ref":null,"symbol":null,"wikidata":null,"between":null}],"sources":[{"property":"/routes","dataset":"OpenStreetMap","license":"ODbL-1.0","record_id":"r1425755@88","update_time":null,"confidence":null,"between":null},{"property":"","dataset":"OpenStreetMap","license":"ODbL-1.0","record_id":"w210669986@25","update_time":"2026-04-06T10:29:50Z","confidence":null,"between":null}],"version":3}},
{"id":"8b52f422-7a73-4e9f-9405-6054f3f80e1a","type":"Feature","geometry":{"type":"LineString","coordinates":[[80.9394238,26.8514529],[80.9393623,26.8513504],[80.9396246,26.8511956]]},"properties":{"subtype":"road","class":"unknown","connectors":[{"connector_id":"396b07ba-0572-4d29-8a1c-b725ed147f75","at":0.0},{"connector_id":"d4dea0c3-0de0-4332-8b87-474632a0dcd7","at":1.0}],"sources":[{"property":"","dataset":"TomTom","license":"ODbL-1.0","record_id":null,"update_time":null,"confidence":null,"between":null}],"version":1}},
{"id":"13f8cad1-8f5a-4cdf-acd9-8f27d83e9a2f","type":"Feature","geometry":{"type":"LineString","coordinates":[[80.9404939,26.851415],[80.9404536,26.851401],[80.9401826,26.8511022]]},"properties":{"subtype":"road","class":"service","connectors":[{"connector_id":"7eae57ca-8fd0-4bc8-88d2-095ecbf0a92d","at":0.0},{"connector_id":"52567978-bb75-4489-8e93-b8d126f96f38","at":1.0}],"sources":[{"property":"","dataset":"OpenStreetMap","license":"ODbL-1.0","record_id":"w1202719303@1","update_time":"2023-08-28T08:15:14Z","confidence":null,"between":null}],"version":1}},
{"id":"330f0f06-26fd-4bf3-9727-a4df466783ac","type":"Feature","geometry":{"type":"LineString","coordinates":[[80.9408451,26.8506658],[80.9412358,26.8511232],[80.9413292,26.8513159],[80.9413253,26.8514356],[80.9413389,26.8515692],[80.9417609,26.8521112]]},"properties":{"subtype":"road","class":"residential","connectors":[{"connector_id":"71768b0b-15d7-4eb7-9b3e-12cd2b5e9221","at":0.0},{"connector_id":"27a64405-0162-4d5f-b047-3043cc466d1f","at":1.0}],"road_surface":[{"value":"paved","between":null}],"sources":[{"property":"","dataset":"OpenStreetMap","license":"ODbL-1.0","record_id":"w213237829@2","update_time":"2022-11-23T12:18:02Z","confidence":null,"between":null}],"version":1}},
{"id":"95792370-5e04-4cdc-bffa-bd5423337926","type":"Feature","geometry":{"type":"LineString","coordinates":[[80.9427645,26.8514939],[80.9433849,26.8511368]]},"properties":{"subtype":"road","class":"residential","connectors":[{"connector_id":"29bdfc78-e718-4308-8285-c1350ef9c745","at":0.0},{"connector_id":"41df664f-cb0a-4ab1-bd8e-d4c81cd54dc9","at":1.0}],"road_surface":[{"value":"paved","between":null}],"sources":[{"property":"","dataset":"OpenStreetMap","license":"ODbL-1.0","record_id":"w213237756@3","update_time":"2024-04-30T11:49:18Z","confidence":null,"between":null}],"version":1}},
{"id":"89ddb8ea-6162-41a2-bf99-2886c25eb6a4","type":"Feature","geometry":{"type":"LineString","coordinates":[[80.9434706,26.8512225],[80.9434122,26.8512523],[80.9428043,26.8515625],[80.9427547,26.8516036],[80.9427512,26.8516636],[80.9432608,26.8524119],[80.9433104,26.8524403],[80.9433812,26.8524308],[80.9438709,26.8521533],[80.9439175,26.8521269]]},"properties":{"subtype":"road","class":"service","connectors":[{"connector_id":"ee8731af-cb16-4149-b053-8f634151cded","at":0.0},{"connector_id":"117614e5-695d-4f5a-95a9-48116f246b02","at":0.025417063},{"connector_id":"0535738c-3d83-4a94-861c-e9d4858684c5","at":0.71068742},{"connector_id":"412c7033-7b62-41e8-a673-07891e5f3617","at":0.979149903},{"connector_id":"a6d8e015-f643-4eb4-a857-e882097425e1","at":1.0}],"sources":[{"property":"","dataset":"OpenStreetMap","license":"ODbL-1.0","record_id":"w1081684505@2","update_time":"2024-04-30T11:49:18Z","confidence":null,"between":null}],"version":1}},
{"id":"c0c511a4-7ae1-466e-9112-1bd48b467e9d","type":"Feature","geometry":{"type":"LineString","coordinates":[[80.9442415,26.8528067],[80.9440809,26.8524473],[80.9439175,26.8521269],[80.9437451,26.8517889],[80.9435295,26.8513663],[80.9434706,26.8512225],[80.9434365,26.8511071]]},"properties":{"names":{"primary":"Shahnajaf Road","common":null,"rules":[{"variant":"common","language":null,"perspectives":null,"value":"Shahnajaf Road","between":null,"side":null}]},"subtype":"road","class":"secondary","connectors":[{"connector_id":"4a1f7c93-63cd-4688-8266-a642bfa926c1","at":0.0},{"connector_id":"a6d8e015-f643-4eb4-a857-e882097425e1","at":0.40005726},{"connector_id":"ee8731af-cb16-4149-b053-8f634151cded","at":0.93541703},{"connector_id":"6a1a09ac-b41c-4834-8da2-486174e9a0af","at":1.0}],"road_surface":[{"value":"paved","between":null}],"access_restrictions":[{"access_type":"denied","when":{"during":null,"heading":"backward","using":null,"recognized":null,"mode":null,"vehicle":null},"between":null}],"sources":[{"property":"","dataset":"OpenStreetMap","license":"ODbL-1.0","record_id":"w210669898@7","update_time":"2025-08-03T16:07:16Z","confidence":null,"between":null}],"version":1}},
{"id":"1ea34a25-1b6b-4c89-9ef0-375f125085ed","type":"Feature","geometry":{"type":"LineString","coordinates":[[80.9433849,26.8511368],[80.9434122,26.8512523],[80.9435293,26.8515532],[80.9437946,26.8520069],[80.9438709,26.8521533],[80.9441274,26.8526808],[80.9441896,26.8528523]]},"properties":{"subtype":"road","class":"secondary","connectors":[{"connector_id":"41df664f-cb0a-4ab1-bd8e-d4c81cd54dc9","at":0.0},{"connector_id":"117614e5-695d-4f5a-95a9-48116f246b02","at":0.063254777},{"connector_id":"412c7033-7b62-41e8-a673-07891e5f3617","at":0.595059082},{"connector_id":"e6d5b1b5-f1d6-4766-8f2b-5ffbaca0153d","at":1.0}],"access_restrictions":[{"access_type":"denied","when":{"during":null,"heading":"backward","using":null,"recognized":null,"mode":null,"vehicle":null},"between":null}],"sources":[{"property":"","dataset":"OpenStreetMap","license":"ODbL-1.0","record_id":"w1278477389@1","update_time":"2024-04-30T11:49:18Z","confidence":null,"between":null}],"version":1}},
{"id":"3724e785-6533-4961-a273-1922799e3654","type":"Feature","geometry":{"type":"LineString","coordinates":[[80.9465971,26.8509639],[80.9459741,26.851169],[80.9461391,26.8516237],[80.94606,26.8517278],[80.9461431,26.8518965]]},"properties":{"subtype":"road","class":"residential","connectors":[{"connector_id":"0a11d965-4b4b-4092-a6e1-cd6c988fd70b","at":0.0},{"connector_id":"88e91f5b-321e-4111-aef8-2371a42547e4","at":0.430148071},{"connector_id":"829ac70c-fd24-45bf-aad3-1fbc47f09a52","at":1.0}],"sources":[{"property":"","dataset":"OpenStreetMap","license":"ODbL-1.0","record_id":"w756134697@1","update_time":"2019-12-17T04:41:04Z","confidence":null,"between":null}],"version":2}},
{"id":"d2aa938f-a648-448a-aaca-af1305431243","type":"Feature","geometry":{"type":"LineString","coordinates":[[80.9469836,26.8512132],[80.9470636,26.8512449],[80.9474564,26.8513223]]},"properties":{"subtype":"road","class":"residential","connectors":[{"connector_id":"f2744b30-f8cb-4655-915e-1d307fa272eb","at":0.0},{"connector_id":"533b6448-2a47-483e-95c2-d92a6edfeed9","at":1.0}],"road_surface":[{"value":"paved","between":null}],"sources":[{"property":"","dataset":"OpenStreetMap","license":"ODbL-1.0","record_id":"w210669911@2","update_time":"2019-12-17T04:41:04Z","confidence":null,"between":null}],"version":1}},
{"id":"8c384725-2b2b-476f-a63d-271b748fd96c","type":"Feature","geometry":{"type":"LineString","coordinates":[[80.9482322,26.8513528],[80.9481989,26.851265],[80.948169,26.8511001]]},"properties":{"subtype":"road","class":"unknown","connectors":[{"connector_id":"b82dd990-4e6b-4777-9181-b6de23b3da5e","at":0.0},{"connector_id":"8f2a03e9-db2f-4650-97fd-fe9600120936","at":1.0}],"sources":[{"property":"","dataset":"TomTom","license":"ODbL-1.0","record_id":null,"update_time":null,"confidence":null,"between":null}],"version":1}},
{"id":"e6eb29cd-793d-476e-bbb3-327b643a6e4a","type":"Feature","geometry":{"type":"LineString","coordinates":[[80.9485284,26.8512975],[80.9485557,26.8512876],[80.9490843,26.8510965]]},"properties":{"subtype":"road","class":"service","connectors":[{"connector_id":"7643f2d7-917a-4cf8-9747-671f63dea0e3","at":0.0},{"connector_id":"b8dd6072-6568-4a40-8211-a9da882d77c1","at":1.0}],"access_restrictions":[{"access_type":"allowed","when":{"during":null,"heading":null,"using":null,"recognized":["as_private"],"mode":null,"vehicle":null},"between":null}],"sources":[{"property":"","dataset":"OpenStreetMap","license":"ODbL-1.0","record_id":"w995251194@2","update_time":"2023-09-04T07:08:43Z","confidence":null,"between":null}],"version":1}},
{"id":"36dce935-2f3a-4147-a2ad-e6fb36f73a63","type":"Feature","geometry":{"type":"LineString","coordinates":[[80.9482322,26.8513528],[80.9480785,26.8513151]]},"properties":{"subtype":"road","class":"unknown","connectors":[{"connector_id":"b82dd990-4e6b-4777-9181-b6de23b3da5e","at":0.0},{"connector_id":"2c62dd73-e42c-45d8-94a4-b850c95240c4","at":1.0}],"sources":[{"property":"","dataset":"TomTom","license":"ODbL-1.0","record_id":null,"update_time":null,"confidence":null,"between":null}],"version":1}},
{"id":"7d43b388-0957-4c38-aed1-60711ac1a6ea","type":"Feature","geometry":{"type":"LineString","coordinates":[[80.9482869,26.8514551],[80.9482322,26.8513528]]},"properties":{"subtype":"road","class":"unknown","connectors":[{"connector_id":"b0b10a4d-cf82-4546-89d6-29282e5cbb90","at":0.0},{"connector_id":"b82dd990-4e6b-4777-9181-b6de23b3da5e","at":1.0}],"sources":[{"property":"","dataset":"TomTom","license":"ODbL-1.0","record_id":null,"update_time":null,"confidence":null,"between":null}],"version":1}},
{"id":"7010e6db-6ad2-489e-b779-2f55689fb88c","type":"Feature","geometry":{"type":"LineString","coordinates":[[80.9474564,26.8513223],[80.9477152,26.8513732],[80.9482869,26.8514551],[80.948404,26.8514719],[80.9484629,26.851469]]},"properties":{"subtype":"road","class":"residential","connectors":[{"connector_id":"533b6448-2a47-483e-95c2-d92a6edfeed9","at":0.0},{"connector_id":"b0b10a4d-cf82-4546-89d6-29282e5cbb90","at":0.826155617},{"connector_id":"98ac245c-311f-4755-a112-851f7d2c119f","at":1.0}],"road_surface":[{"value":"paved","between":null}],"sources":[{"property":"","dataset":"OpenStreetMap","license":"ODbL-1.0","record_id":"w210669911@2","update_time":"2019-12-17T04:41:04Z","confidence":null,"between":null}],"version":2}},
{"id":"fae527be-dc83-4de8-9b35-db5cceb0d6a5","type":"Feature","geometry":{"type":"LineString","coordinates":[[80.9491756,26.8526152],[80.9490733,26.8524778],[80.9488974,26.8521417],[80.948758,26.8518228],[80.9486163,26.8514985],[80.9485284,26.8512975],[80.948217,26.850585]]},"properties":{"names":{"primary":"Ashok Marg","common":null,"rules":[{"variant":"common","language":null,"perspectives":null,"value":"Ashok Marg","between":null,"side":null}]},"subtype":"road","class":"primary","connectors":[{"connector_id":"e385bf66-f301-4018-ad0c-4c1a644eab78","at":0.0},{"connector_id":"6fa16555-ff1e-421d-9de0-22559ea1adb7","at":0.398017295},{"connector_id":"ff9aa890-2219-40f8-bfe0-6c4045790fc3","at":0.555728945},{"connector_id":"7643f2d7-917a-4cf8-9747-671f63dea0e3","at":0.653489193},{"connector_id":"7f4b1515-50f7-4641-b4a6-46c3ac35d859","at":1.0}],"road_surface":[{"value":"paved","between":null}],"access_restrictions":[{"access_type":"denied","when":{"during":null,"heading":"backward","using":null,"recognized":null,"mode":null,"vehicle":null},"between":null}],"sources":[{"property":"","dataset":"OpenStreetMap","license":"ODbL-1.0","record_id":"w209643121@15","update_time":"2026-04-06T08:22:24Z","confidence":null,"between":null}],"version":1}},
{"id":"454cd9c0-07cb-4e90-a49b-b82a840cc954","type":"Feature","geometry":{"type":"LineString","coordinates":[[80.9486271,26.8518561],[80.9482776,26.8519141]]},"properties":{"subtype":"road","class":"unknown","connectors":[{"connector_id":"e554d612-974a-4905-9828-3f1fed573992","at":0.0},{"connector_id":"02c3bd3a-fed8-4a30-b550-316f3a98772e","at":1.0}],"sources":[{"property":"","dataset":"TomTom","license":"ODbL-1.0","record_id":null,"update_time":null,"confidence":null,"between":null}],"version":1}},
{"id":"333ab7f6-16bd-4583-9341-8c50d896bd56","type":"Feature","geometry":{"type":"LineString","coordinates":[[80.9484629,26.851469],[80.9486271,26.8518561],[80.9486993,26.8520264],[80.9487751,26.8521928]]},"properties":{"names":{"primary":"Ashok Marg","common":null,"rules":[{"variant":"common","language":null,"perspectives":null,"value":"Ashok Marg","between":null,"side":null}]},"subtype":"road","class":"primary","connectors":[{"connector_id":"98ac245c-311f-4755-a112-851f7d2c119f","at":0.0},{"connector_id":"e554d612-974a-4905-9828-3f1fed573992","at":0.533641438},{"connector_id":"b230d189-c7e5-45b0-b710-9eee4df9fbd0","at":1.0}],"road_surface":[{"value":"paved","between":null}],"access_restrictions":[{"access_type":"denied","when":{"during":null,"heading":"backward","using":null,"recognized":null,"mode":null,"vehicle":null},"between":null}],"sources":[{"property":"","dataset":"OpenStreetMap","license":"ODbL-1.0","record_id":"w209442104@10","update_time":"2026-04-05T13:20:35Z","confidence":null,"between":null}],"version":2}},
{"id":"b680894c-d103-439d-86d1-30e5d378f128","type":"Feature","geometry":{"type":"LineString","coordinates":[[80.9478587,26.8516369],[80.9479642,26.8522169],[80.9487751,26.8521928]]},"properties":{"subtype":"road","class":"residential","connectors":[{"connector_id":"8227cab2-73f5-4c10-aa1f-4784c9a8a516","at":0.0},{"connector_id":"b230d189-c7e5-45b0-b710-9eee4df9fbd0","at":1.0}],"road_surface":[{"value":"paved","between":null}],"sources":[{"property":"","dataset":"OpenStreetMap","license":"ODbL-1.0","record_id":"w210670030@1","update_time":"2015-01-12T05:53:05Z","confidence":null,"between":null}],"version":1}},
{"id":"6095b667-866d-4866-8052-8e2853f1ee36","type":"Feature","geometry":{"type":"LineString","coordinates":[[80.9474564,26.8513223],[80.9474536,26.8516672],[80.9476006,26.8525212]]},"properties":{"subtype":"road","class":"residential","connectors":[{"connector_id":"533b6448-2a47-483e-95c2-d92a6edfeed9","at":0.0},{"connector_id":"f7d750f8-5596-47ef-aa7f-007d62bc49f2","at":1.0}],"road_surface":[{"value":"paved","between":null}],"sources":[{"property":"","dataset":"OpenStreetMap","license":"ODbL-1.0","record_id":"w210670008@1","update_time":"2013-03-17T23:31:56Z","confidence":null,"between":null}],"version":1}},
{"id":"e17060e9-6bdf-4625-8dfc-4e68ac36aac4","type":"Feature","geometry":{"type":"LineString","coordinates":[[80.9464453,26.851966],[80.9468856,26.8519655],[80.9469855,26.8519717]]},"properties":{"subtype":"road","class":"service","connectors":[{"connector_id":"bc972741-4ac1-43f0-83d9-d18d47106efd","at":0.0},{"connector_id":"442db6cf-ecf2-4737-a23a-9accb21576e1","at":1.0}],"access_restrictions":[{"access_type":"allowed","when":{"during":null,"heading":null,"using":null,"recognized":["as_private"],"mode":null,"vehicle":null},"between":null}],"sources":[{"property":"","dataset":"OpenStreetMap","license":"ODbL-1.0","record_id":"w1188899172@1","update_time":"2023-07-11T10:47:52Z","confidence":null,"between":null}],"version":1}},
{"id":"d5cafc4c-5325-467e-a475-5d9c111ec010","type":"Feature","geometry":{"type":"LineString","coordinates":[[80.9469836,26.8512132],[80.9469855,26.8519717],[80.9469863,26.8523077],[80.9469627,26.8523622],[80.9468858,26.8523718],[80.9464298,26.8523798]]},"properties":{"subtype":"road","class":"residential","connectors":[{"connector_id":"f2744b30-f8cb-4655-915e-1d307fa272eb","at":0.0},{"connector_id":"442db6cf-ecf2-4737-a23a-9accb21576e1","at":0.464853188},{"connector_id":"3b2d5fe3-0809-44dd-8535-1cfcc2b5d0af","at":1.0}],"road_surface":[{"value":"paved","between":[0.0,0.670761435]}],"sources":[{"property":"","dataset":"OpenStreetMap","license":"ODbL-1.0","record_id":"w210669965@2","update_time":"2023-07-11T10:47:52Z","confidence":null,"between":[0.0,0.670761435]},{"property":"","dataset":"OpenStreetMap","license":"ODbL-1.0","record_id":"w1082279811@1","update_time":"2022-07-29T09:32:16Z","confidence":null,"between":[0.670761435,1.0]}],"version":1}},
{"id":"0c9e4d6d-c5c9-4318-9eaa-94d66b1bf1fc","type":"Feature","geometry":{"type":"LineString","coordinates":[[80.9485413,26.852834],[80.9490316,26.8526869]]},"properties":{"subtype":"road","class":"secondary","connectors":[{"connector_id":"513dea08-0f5e-4151-9e0c-4a4f719b2b0d","at":0.0},{"connector_id":"3face9f0-179e-4b5e-b333-01688fe836fe","at":1.0}],"road_surface":[{"value":"paved","between":null}],"sources":[{"property":"","dataset":"OpenStreetMap","license":"ODbL-1.0","record_id":"w210670136@5","update_time":"2024-04-30T11:49:18Z","confidence":null,"between":null}],"version":1}},
{"id":"e93b4a7b-4973-406f-a33b-a5d1d5a961e7","type":"Feature","geometry":{"type":"LineString","coordinates":[[80.9492648,26.85296],[80.9493756,26.8528949],[80.9496386,26.8526841],[80.9496722,26.8526311],[80.9497573,26.8524967],[80.9506968,26.8520299],[80.9504595,26.8515301],[80.9507101,26.8513246]]},"properties":{"subtype":"road","class":"service","connectors":[{"connector_id":"b42a6a6a-40a0-436a-8f1a-55a5cbc93989","at":0.0},{"connector_id":"b9b82cc8-2f1b-43ec-8719-03dc0f7654ba","at":0.048259066},{"connector_id":"a168b76e-045f-4060-873d-fd7da81d9b67","at":0.20153127},{"connector_id":"b212bcf1-6a07-4f45-9e36-a3b65d3beb3f","at":0.876288138},{"connector_id":"69bb4d4a-6fcf-4702-945f-f5ce9877bb88","at":1.0}],"road_surface":[{"value":"paved","between":null}],"sources":[{"property":"","dataset":"OpenStreetMap","license":"ODbL-1.0","record_id":"w212876902@1","update_time":"2015-01-12T05:53:05Z","confidence":null,"between":null}],"version":2}},
{"id":"ce2ca4c9-707a-4daa-840d-8535e7abf2b3","type":"Feature","geometry":{"type":"LineString","coordinates":[[80.9496722,26.8526311],[80.9493119,26.8520507]]},"properties":{"subtype":"road","class":"service","connectors":[{"connector_id":"a168b76e-045f-4060-873d-fd7da81d9b67","at":0.0},{"connector_id":"c92e222d-653f-471a-b0ee-437597323746","at":1.0}],"road_surface":[{"value":"paved","between":null}],"sources":[{"property":"","dataset":"OpenStreetMap","license":"ODbL-1.0","record_id":"w212876846@1","update_time":"2013-03-26T23:01:47Z","confidence":null,"between":null}],"version":1}},
{"id":"fd68c2ec-cc8c-4593-895e-37d7c072ad3d","type":"Feature","geometry":{"type":"LineString","coordinates":[[80.9487751,26.8521928],[80.9488771,26.8524112],[80.9490316,26.8526869]]},"properties":{"names":{"primary":"Ashok Marg","common":null,"rules":[{"variant":"common","language":null,"perspectives":null,"value":"Ashok Marg","between":null,"side":null}]},"subtype":"road","class":"primary","connectors":[{"connector_id":"b230d189-c7e5-45b0-b710-9eee4df9fbd0","at":0.0},{"connector_id":"3face9f0-179e-4b5e-b333-01688fe836fe","at":1.0}],"road_surface":[{"value":"paved","between":null}],"access_restrictions":[{"access_type":"denied","when":{"during":null,"heading":"backward","using":null,"recognized":null,"mode":null,"vehicle":null},"between":null}],"sources":[{"property":"","dataset":"OpenStreetMap","license":"ODbL-1.0","record_id":"w209442104@10","update_time":"2026-04-05T13:20:35Z","confidence":null,"between":null}],"version":1}},
{"id":"ab546e3d-b3a4-4949-be9e-1654faa9c9ad","type":"Feature","geometry":{"type":"LineString","coordinates":[[80.9490316,26.8526869],[80.9491756,26.8526152]]},"properties":{"subtype":"road","class":"secondary","connectors":[{"connector_id":"3face9f0-179e-4b5e-b333-01688fe836fe","at":0.0},{"connector_id":"e385bf66-f301-4018-ad0c-4c1a644eab78","at":1.0}],"road_surface":[{"value":"paved","between":null}],"sources":[{"property":"","dataset":"OpenStreetMap","license":"ODbL-1.0","record_id":"w210670136@5","update_time":"2024-04-30T11:49:18Z","confidence":null,"between":null}],"version":1}},
{"id":"22cf03db-3e11-4e7f-befa-ed98c6590ed6","type":"Feature","geometry":{"type":"LineString","coordinates":[[80.9515776,26.852978],[80.9514393,26.8528042],[80.9521842,26.8523321]]},"properties":{"subtype":"road","class":"service","connectors":[{"connector_id":"deb5f171-e4c5-40dd-be97-4309cd55f047","at":0.0},{"connector_id":"e6b26952-7de5-4462-9611-76facf0d6c22","at":1.0}],"road_surface":[{"value":"paved","between":null}],"sources":[{"property":"","dataset":"OpenStreetMap","license":"ODbL-1.0","record_id":"w212876855@1","update_time":"2013-03-26T23:01:48Z","confidence":null,"between":null}],"version":1}},
{"id":"ec8b53e1-5c98-48bb-bf9e-bc43923e2de0","type":"Feature","geometry":{"type":"LineString","coordinates":[[80.9518123,26.8521144],[80.9520028,26.8519702],[80.9520942,26.8518349],[80.9521973,26.8517238],[80.952349,26.8516283],[80.9523937,26.8516162]]},"properties":{"subtype":"road","class":"service","connectors":[{"connector_id":"03add393-d214-4046-849b-88660c5571d6","at":0.0},{"connector_id":"faf69181-ac65-4a98-b267-b48d457eb3ef","at":1.0}],"road_surface":[{"value":"paved","between":null}],"sources":[{"property":"","dataset":"OpenStreetMap","license":"ODbL-1.0","record_id":"w212876891@1","update_time":"2013-03-26T23:01:50Z","confidence":null,"between":null}],"version":1}},
{"id":"66fd2b34-e3eb-4f63-b708-ee6bfe91ad69","type":"Feature","geometry":{"type":"LineString","coordinates":[[80.9514631,26.8518903],[80.9516995,26.8516721],[80.9520545,26.8513766]]},"properties":{"subtype":"road","class":"unknown","connectors":[{"connector_id":"64e1c425-3f4a-463d-b047-7f14b7690df9","at":0.0},{"connector_id":"3bf73f2e-2a8d-4c3c-8854-31441529e788","at":1.0}],"sources":[{"property":"","dataset":"TomTom","license":"ODbL-1.0","record_id":null,"update_time":null,"confidence":null,"between":null}],"version":1}},
{"id":"8bbb4b07-7d46-4209-bc2f-b616a2af9600","type":"Feature","geometry":{"type":"LineString","coordinates":[[80.948758,26.8518228],[80.9499829,26.8516169]]},"properties":{"subtype":"road","class":"service","connectors":[{"connector_id":"6fa16555-ff1e-421d-9de0-22559ea1adb7","at":0.0},{"connector_id":"7c43fb64-09f3-4aa6-8b09-63f431367858","at":1.0}],"road_surface":[{"value":"paved","between":null}],"sources":[{"property":"","dataset":"OpenStreetMap","license":"ODbL-1.0","record_id":"w212876849@1","update_time":"2013-03-26T23:01:48Z","confidence":null,"between":null}],"version":1}},
{"id":"ddc2c7c0-30c8-4951-a7c1-3bd77f202c4c","type":"Feature","geometry":{"type":"LineString","coordinates":[[80.9500155,26.8517351],[80.9504595,26.8515301]]},"properties":{"subtype":"road","class":"unknown","connectors":[{"connector_id":"412978ba-dcac-4ee9-98ba-3c6cb0bca74f","at":0.0},{"connector_id":"b212bcf1-6a07-4f45-9e36-a3b65d3beb3f","at":1.0}],"sources":[{"property":"","dataset":"TomTom","license":"ODbL-1.0","record_id":null,"update_time":null,"confidence":null,"between":null}],"version":1}},
{"id":"03c0c3fe-8fa3-4d3f-b7a2-8add22a8cde1","type":"Feature","geometry":{"type":"LineString","coordinates":[[80.9486163,26.8514985],[80.9490979,26.8513843],[80.9491815,26.8515249],[80.9492905,26.8515232],[80.949448,26.8514468],[80.9495531,26.8513635],[80.9496814,26.851301]]},"properties":{"subtype":"road","class":"service","connectors":[{"connector_id":"ff9aa890-2219-40f8-bfe0-6c4045790fc3","at":0.0},{"connector_id":"f3ecbe6d-42da-43ab-9512-4cfbda66b77d","at":0.398477593},{"connector_id":"ec772d26-5039-4f15-9f42-558b8173ed81","at":1.0}],"road_surface":[{"value":"paved","between":null}],"sources":[{"property":"","dataset":"OpenStreetMap","license":"ODbL-1.0","record_id":"w212876900@1","update_time":"2013-03-26T23:01:50Z","confidence":null,"between":null}],"version":2}},
{"id":"3ee61560-9eeb-4e5b-8812-383be8817eb2","type":"Feature","geometry":{"type":"LineString","coordinates":[[80.9490979,26.8513843],[80.9490221,26.8512241]]},"properties":{"subtype":"road","class":"unknown","connectors":[{"connector_id":"f3ecbe6d-42da-43ab-9512-4cfbda66b77d","at":0.0},{"connector_id":"ca0a738e-ba07-40d4-b05e-e8a785b09d52","at":1.0}],"sources":[{"property":"","dataset":"TomTom","license":"ODbL-1.0","record_id":null,"update_time":null,"confidence":null,"between":null}],"version":1}},
{"id":"cd224865-bde6-4c6c-9ba2-8a61afc673fa","type":"Feature","geometry":{"type":"LineString","coordinates":[[80.9494167,26.8501211],[80.9496814,26.8508169],[80.9492788,26.850954]]},"properties":{"subtype":"road","class":"service","connectors":[{"connector_id":"0f1cc61b-af55-4d2e-8b1d-ed773c7dc22d","at":0.0},{"connector_id":"9fad232e-4813-406a-9cf0-a08e02924763","at":1.0}],"road_surface":[{"value":"paved","between":null}],"sources":[{"property":"","dataset":"OpenStreetMap","license":"ODbL-1.0","record_id":"w212876860@1","update_time":"2013-03-26T23:01:48Z","confidence":null,"between":null}],"version":1}},
{"id":"96538402-fd96-4f42-a8a6-ecab95022951","type":"Feature","geometry":{"type":"LineString","coordinates":[[80.9497212,26.8500034],[80.9494167,26.8501211],[80.948217,26.850585]]},"properties":{"subtype":"road","class":"residential","connectors":[{"connector_id":"5e023379-e6cb-48b6-97d3-5cbf7bd64120","at":0.0},{"connector_id":"0f1cc61b-af55-4d2e-8b1d-ed773c7dc22d","at":0.202424067},{"connector_id":"7f4b1515-50f7-4641-b4a6-46c3ac35d859","at":1.0}],"road_surface":[{"value":"paved","between":null}],"sources":[{"property":"","dataset":"OpenStreetMap","license":"ODbL-1.0","record_id":"w210670086@3","update_time":"2015-01-12T05:53:05Z","confidence":null,"between":null}],"version":1}},
{"id":"10224bed-d136-446d-8305-ae9133b81a73","type":"Feature","geometry":{"type":"LineString","coordinates":[[80.9520922,26.8499415],[80.9519745,26.8501165],[80.951566,26.8503855]]},"properties":{"subtype":"road","class":"service","connectors":[{"connector_id":"20db0913-e0dd-401f-91a2-838df4c0cb47","at":0.0},{"connector_id":"09dd61e3-9579-4b14-8481-b739e1866797","at":0.310166225},{"connector_id":"5aef9898-398a-4ea1-b9cf-c7c4f97018b1","at":1.0}],"road_surface":[{"value":"paved","between":null}],"sources":[{"property":"","dataset":"OpenStreetMap","license":"ODbL-1.0","record_id":"w212876861@1","update_time":"2013-03-26T23:01:48Z","confidence":null,"between":null}],"version":1}},
{"id":"612bc6b5-62bc-46c0-b20e-b20fe053c9df","type":"Feature","geometry":{"type":"LineString","coordinates":[[80.9519745,26.8501165],[80.9522527,26.85029]]},"properties":{"subtype":"road","class":"service","connectors":[{"connector_id":"09dd61e3-9579-4b14-8481-b739e1866797","at":0.0},{"connector_id":"9252892e-a0d1-4e09-a2b4-702886676385","at":1.0}],"road_surface":[{"value":"paved","between":null}],"sources":[{"property":"","dataset":"OpenStreetMap","license":"ODbL-1.0","record_id":"w212876847@1","update_time":"2013-03-26T23:01:47Z","confidence":null,"between":null}],"version":1}},
{"id":"7eb83d6d-47d7-44c9-a4e2-7d90db1d2f21","type":"Feature","geometry":{"type":"LineString","coordinates":[[80.9517909,26.8497847],[80.9515556,26.8500274],[80.9514348,26.8501354],[80.951339,26.8502331],[80.9513229,26.8503493],[80.9513252,26.8503832],[80.9513408,26.8504463],[80.9513683,26.8504703]]},"properties":{"subtype":"road","class":"unknown","connectors":[{"connector_id":"a2a9b627-291a-4dcc-a9b6-9ca84c5f1b18","at":0.0},{"connector_id":"5051f95d-3ac0-429e-b1fe-affe3675500d","at":1.0}],"sources":[{"property":"","dataset":"TomTom","license":"ODbL-1.0","record_id":null,"update_time":null,"confidence":null,"between":null}],"version":1}},
{"id":"bbf1bfe7-837a-4423-9132-8a89f82512aa","type":"Feature","geometry":{"type":"LineString","coordinates":[[80.9511363,26.8494455],[80.9499693,26.8499074]]},"properties":{"subtype":"road","class":"residential","connectors":[{"connector_id":"c197520d-8f75-4902-b579-451cd68a8b15","at":0.0},{"connector_id":"15047b0c-2d47-4f00-89a1-8adfaf39ef75","at":1.0}],"road_surface":[{"value":"paved","between":null}],"sources":[{"property":"","dataset":"OpenStreetMap","license":"ODbL-1.0","record_id":"w210670086@3","update_time":"2015-01-12T05:53:05Z","confidence":null,"between":null}],"version":1}},
{"id":"1361068e-686a-4f2f-827d-074935b571fd","type":"Feature","geometry":{"type":"LineString","coordinates":[[80.9501898,26.848966],[80.9500899,26.8492266],[80.9500089,26.8495779],[80.9499693,26.8499074]]},"properties":{"subtype":"road","class":"residential","connectors":[{"connector_id":"eee7d6c3-1c4e-4775-82de-0686361fce00","at":0.0},{"connector_id":"15047b0c-2d47-4f00-89a1-8adfaf39ef75","at":1.0}],"road_surface":[{"value":"paved","between":null}],"sources":[{"property":"","dataset":"OpenStreetMap","license":"ODbL-1.0","record_id":"w212876852@4","update_time":"2022-06-17T06:04:52Z","confidence":null,"between":null}],"version":1}},
{"id":"8a5742c0-915f-497f-884d-ea05d9416a65","type":"Feature","geometry":{"type":"LineString","coordinates":[[80.9499693,26.8499074],[80.9497212,26.8500034]]},"properties":{"subtype":"road","class":"residential","connectors":[{"connector_id":"15047b0c-2d47-4f00-89a1-8adfaf39ef75","at":0.0},{"connector_id":"5e023379-e6cb-48b6-97d3-5cbf7bd64120","at":1.0}],"road_surface":[{"value":"paved","between":null}],"sources":[{"property":"","dataset":"OpenStreetMap","license":"ODbL-1.0","record_id":"w210670086@3","update_time":"2015-01-12T05:53:05Z","confidence":null,"between":null}],"version":1}},
{"id":"6c32dab5-8997-4134-ab09-a8c638b9b155","type":"Feature","geometry":{"type":"LineString","coordinates":[[80.948217,26.850585],[80.9481082,26.8503361],[80.9478632,26.8497468]]},"properties":{"names":{"primary":"Ashok Marg","common":null,"rules":[{"variant":"common","language":null,"perspectives":null,"value":"Ashok Marg","between":null,"side":null}]},"subtype":"road","class":"primary","connectors":[{"connector_id":"7f4b1515-50f7-4641-b4a6-46c3ac35d859","at":0.0},{"connector_id":"e086e7b8-d926-4884-be7f-dbca13b17194","at":1.0}],"road_surface":[{"value":"paved","between":null}],"access_restrictions":[{"access_type":"denied","when":{"during":null,"heading":"backward","using":null,"recognized":null,"mode":null,"vehicle":null},"between":null}],"sources":[{"property":"","dataset":"OpenStreetMap","license":"ODbL-1.0","record_id":"w209643121@15","update_time":"2026-04-06T08:22:24Z","confidence":null,"between":null}],"version":1}},
{"id":"cc89cd2a-c9e8-429d-b538-85678c97d955","type":"Feature","geometry":{"type":"LineString","coordinates":[[80.9490314,26.8491869],[80.9488339,26.8492709],[80.9487835,26.8492923],[80.9487681,26.8494115],[80.9478632,26.8497468]]},"properties":{"subtype":"road","class":"residential","connectors":[{"connector_id":"80fb716a-6a67-4f8d-ada9-a8ed2b87a5d9","at":0.0},{"connector_id":"45574627-9687-4224-8386-1bfb9072ac63","at":0.157569013},{"connector_id":"e086e7b8-d926-4884-be7f-dbca13b17194","at":1.0}],"sources":[{"property":"","dataset":"OpenStreetMap","license":"ODbL-1.0","record_id":"w996235049@1","update_time":"2021-10-25T09:25:02Z","confidence":null,"between":null}],"version":2}},
{"id":"a94e0579-848c-4879-b681-25c6fea38807","type":"Feature","geometry":{"type":"LineString","coordinates":[[80.9472361,26.8485494],[80.947845,26.8500208],[80.9478861,26.8501201],[80.9480872,26.8506272]]},"properties":{"names":{"primary":"Ashok Marg","common":null,"rules":[{"variant":"common","language":null,"perspectives":null,"value":"Ashok Marg","between":null,"side":null}]},"subtype":"road","class":"primary","connectors":[{"connector_id":"3405d01f-6af8-4b3f-a62d-203c170c22ae","at":0.0},{"connector_id":"d1c8fe60-1596-4c4e-a216-0b693f5e7305","at":0.709009951},{"connector_id":"57cffbae-fddd-4f93-99de-879ec504e7c3","at":1.0}],"road_surface":[{"value":"paved","between":null}],"access_restrictions":[{"access_type":"denied","when":{"during":null,"heading":"backward","using":null,"recognized":null,"mode":null,"vehicle":null},"between":null}],"sources":[{"property":"","dataset":"OpenStreetMap","license":"ODbL-1.0","record_id":"w209442104@10","update_time":"2026-04-05T13:20:35Z","confidence":null,"between":null}],"version":2}},
{"id":"47501bc8-0370-4dc7-bf24-c37145511f06","type":"Feature","geometry":{"type":"LineString","coordinates":[[80.9458975,26.8506411],[80.9458706,26.8498182],[80.9458761,26.8497598],[80.9459189,26.8493011]]},"properties":{"subtype":"road","class":"residential","connectors":[{"connector_id":"df6fe95f-7296-4877-b0ea-55866f277525","at":0.0},{"connector_id":"e6cb7aa8-e229-48a0-b195-78565e8d8523","at":0.657043971},{"connector_id":"952ec043-5718-4708-a8c7-1969765e1df6","at":1.0}],"sources":[{"property":"","dataset":"OpenStreetMap","license":"ODbL-1.0","record_id":"w994845757@1","update_time":"2021-10-20T08:24:55Z","confidence":null,"between":null}],"version":2}},
{"id":"eac9bfc4-3b2c-46ab-97d0-e30817b4e658","type":"Feature","geometry":{"type":"LineString","coordinates":[[80.9465889,26.8489262],[80.9465954,26.8495236],[80.9465648,26.8495913],[80.9464675,26.8496163],[80.9464075,26.849652],[80.9463956,26.8497197],[80.9463868,26.8506719],[80.9464654,26.8508134],[80.9465971,26.8509639]]},"properties":{"subtype":"road","class":"residential","connectors":[{"connector_id":"4adcae34-0977-4fad-95d7-43c65e0196f3","at":0.0},{"connector_id":"0a11d965-4b4b-4092-a6e1-cd6c988fd70b","at":1.0}],"road_surface":[{"value":"paved","between":null}],"sources":[{"property":"","dataset":"OpenStreetMap","license":"ODbL-1.0","record_id":"w210669911@2","update_time":"2019-12-17T04:41:04Z","confidence":null,"between":null}],"version":1}},
{"id":"7d07fb4d-462e-4655-b32c-51e01e9c9d0c","type":"Feature","geometry":{"type":"LineString","coordinates":[[80.947845,26.8500208],[80.9476741,26.8500821],[80.9476091,26.8501325],[80.9475667,26.8501723],[80.9475521,26.8501922],[80.9475508,26.8502174],[80.9475648,26.8502794],[80.9476149,26.8503954],[80.9476887,26.8505516]]},"properties":{"subtype":"road","class":"unknown","connectors":[{"connector_id":"d1c8fe60-1596-4c4e-a216-0b693f5e7305","at":0.0},{"connector_id":"69df4bfc-038c-43ca-8586-fbcdade235c5","at":1.0}],"sources":[{"property":"","dataset":"TomTom","license":"ODbL-1.0","record_id":null,"update_time":null,"confidence":null,"between":null}],"version":1}},
{"id":"7bd4e72b-343a-4e2d-9ad2-d1238c913d4a","type":"Feature","geometry":{"type":"LineString","coordinates":[[80.948217,26.850585],[80.9480872,26.8506272]]},"properties":{"subtype":"road","class":"residential","connectors":[{"connector_id":"7f4b1515-50f7-4641-b4a6-46c3ac35d859","at":0.0},{"connector_id":"57cffbae-fddd-4f93-99de-879ec504e7c3","at":1.0}],"road_surface":[{"value":"paved","between":null}],"sources":[{"property":"","dataset":"OpenStreetMap","license":"ODbL-1.0","record_id":"w210670086@3","update_time":"2015-01-12T05:53:05Z","confidence":null,"between":null}],"version":1}},
{"id":"3cfda1a8-5850-4fbd-831c-b7b82bd0eb4a","type":"Feature","geometry":{"type":"LineString","coordinates":[[80.9480872,26.8506272],[80.9484629,26.851469]]},"properties":{"names":{"primary":"Ashok Marg","common":null,"rules":[{"variant":"common","language":null,"perspectives":null,"value":"Ashok Marg","between":null,"side":null}]},"subtype":"road","class":"primary","connectors":[{"connector_id":"57cffbae-fddd-4f93-99de-879ec504e7c3","at":0.0},{"connector_id":"98ac245c-311f-4755-a112-851f7d2c119f","at":1.0}],"road_surface":[{"value":"paved","between":null}],"access_restrictions":[{"access_type":"denied","when":{"during":null,"heading":"backward","using":null,"recognized":null,"mode":null,"vehicle":null},"between":null}],"sources":[{"property":"","dataset":"OpenStreetMap","license":"ODbL-1.0","record_id":"w209442104@10","update_time":"2026-04-05T13:20:35Z","confidence":null,"between":null}],"version":1}},
{"id":"fc63a1a2-f70f-4353-8c8d-26c1866b9606","type":"Feature","geometry":{"type":"LineString","coordinates":[[80.9465971,26.8509639],[80.9466546,26.8510297],[80.9468318,26.8511533],[80.9469836,26.8512132]]},"properties":{"subtype":"road","class":"residential","connectors":[{"connector_id":"0a11d965-4b4b-4092-a6e1-cd6c988fd70b","at":0.0},{"connector_id":"f2744b30-f8cb-4655-915e-1d307fa272eb","at":1.0}],"road_surface":[{"value":"paved","between":null}],"sources":[{"property":"","dataset":"OpenStreetMap","license":"ODbL-1.0","record_id":"w210669911@2","update_time":"2019-12-17T04:41:04Z","confidence":null,"between":null}],"version":1}},
{"id":"358e7503-5861-4c67-9d7d-1111fee3688b","type":"Feature","geometry":{"type":"LineString","coordinates":[[80.9455759,26.8506683],[80.9458975,26.8506411],[80.945932,26.8507873]]},"properties":{"subtype":"road","class":"unknown","connectors":[{"connector_id":"84cc9050-bb42-45f1-bd2a-8eab9291bc39","at":0.0},{"connector_id":"df6fe95f-7296-4877-b0ea-55866f277525","at":0.65973544},{"connector_id":"81633f69-20bc-4244-8a65-2d16949befa7","at":1.0}],"sources":[{"property":"","dataset":"TomTom","license":"ODbL-1.0","record_id":null,"update_time":null,"confidence":null,"between":null}],"version":1}},
{"id":"8f94912b-3950-4f6f-893f-aea07a36f1ec","type":"Feature","geometry":{"type":"LineString","coordinates":[[80.9459741,26.851169],[80.9459345,26.8510823],[80.9458799,26.8509642]]},"properties":{"subtype":"road","class":"unknown","connectors":[{"connector_id":"88e91f5b-321e-4111-aef8-2371a42547e4","at":0.0},{"connector_id":"bdcf50f3-2c5a-4c25-9e2b-94a78e662dea","at":1.0}],"sources":[{"property":"","dataset":"TomTom","license":"ODbL-1.0","record_id":null,"update_time":null,"confidence":null,"between":null}],"version":1}},
{"id":"c53aacd7-fec3-4562-bb8c-5f4308cece1e","type":"Feature","geometry":{"type":"LineString","coordinates":[[80.9451433,26.850506],[80.9452576,26.8508769],[80.9452597,26.850903],[80.9452419,26.8509211],[80.9452004,26.8509394],[80.9450053,26.8509943],[80.945122,26.8513283]]},"properties":{"subtype":"road","class":"residential","connectors":[{"connector_id":"c801ca28-ed4f-4c00-a04a-146ef60695a7","at":0.0},{"connector_id":"08098c8d-088b-49ec-ade7-d1406ab6ccf1","at":1.0}],"sources":[{"property":"","dataset":"OpenStreetMap","license":"ODbL-1.0","record_id":"w737740369@2","update_time":"2025-08-03T16:07:16Z","confidence":null,"between":null}],"version":2}},
{"id":"ddabc09c-d1a3-4ccf-a7a2-83ff53b6dcdb","type":"Feature","geometry":{"type":"LineString","coordinates":[[80.9443903,26.851046],[80.9445545,26.8510113],[80.9451089,26.8508875]]},"properties":{"subtype":"road","class":"unknown","connectors":[{"connector_id":"717c900d-9fb7-489d-b615-8c33e38254d9","at":0.0},{"connector_id":"2c5ecc86-b31a-4a7c-bd1c-fa77ad71841a","at":1.0}],"sources":[{"property":"","dataset":"TomTom","license":"ODbL-1.0","record_id":null,"update_time":null,"confidence":null,"between":null}],"version":1}},
{"id":"f9d3fa0d-0d05-43da-bae5-217b69831004","type":"Feature","geometry":{"type":"LineString","coordinates":[[80.9445612,26.8507666],[80.9445491,26.850719],[80.9443177,26.8507656]]},"properties":{"subtype":"road","class":"footway","connectors":[{"connector_id":"0d451ddf-7501-4628-bb2d-72cd7a2871c0","at":0.0},{"connector_id":"40d72dc3-aeb0-4c6a-85ed-3fa7537b377d","at":1.0}],"sources":[{"property":"","dataset":"OpenStreetMap","license":"ODbL-1.0","record_id":"w1419666782@1","update_time":"2025-08-03T16:07:16Z","confidence":null,"between":null}],"version":1}},
{"id":"03783292-ec9f-474e-80ec-da84a148adec","type":"Feature","geometry":{"type":"LineString","coordinates":[[80.9451433,26.850506],[80.9453428,26.8504544]]},"properties":{"subtype":"road","class":"residential","connectors":[{"connector_id":"c801ca28-ed4f-4c00-a04a-146ef60695a7","at":0.0},{"connector_id":"308787c2-2e1c-4d1d-b83b-ca606a131751","at":1.0}],"sources":[{"property":"","dataset":"OpenStreetMap","license":"ODbL-1.0","record_id":"w737740368@1","update_time":"2025-08-03T16:07:16Z","confidence":null,"between":null}],"version":2}},
{"id":"1bf739ae-3167-49dc-a7d1-2c63e19ee931","type":"Feature","geometry":{"type":"LineString","coordinates":[[80.9440399,26.8497031],[80.9440484,26.8497261],[80.9443177,26.8507656],[80.9443903,26.851046],[80.944509,26.8515041]]},"properties":{"subtype":"road","class":"service","connectors":[{"connector_id":"494975d0-012f-4733-85c3-3904d9537b77","at":0.0},{"connector_id":"40d72dc3-aeb0-4c6a-85ed-3fa7537b377d","at":0.590088444},{"connector_id":"717c900d-9fb7-489d-b615-8c33e38254d9","at":0.745723405},{"connector_id":"73278eb1-9947-4329-a7d5-fc778e01b881","at":1.0}],"road_surface":[{"value":"paving_stones","between":null}],"sources":[{"property":"","dataset":"OpenStreetMap","license":"ODbL-1.0","record_id":"w1419666781@1","update_time":"2025-08-03T16:07:16Z","confidence":null,"between":null}],"version":2}},
{"id":"15f23da3-cc37-456b-ac00-41c32e9e27bf","type":"Feature","geometry":{"type":"LineString","coordinates":[[80.9431677,26.8500864],[80.9431846,26.8501783],[80.943313,26.85081],[80.9433849,26.8511368]]},"properties":{"subtype":"road","class":"secondary","connectors":[{"connector_id":"e773780e-07a3-404c-a18c-3f9721c3f109","at":0.0},{"connector_id":"41df664f-cb0a-4ab1-bd8e-d4c81cd54dc9","at":1.0}],"access_restrictions":[{"access_type":"denied","when":{"during":null,"heading":"backward","using":null,"recognized":null,"mode":null,"vehicle":null},"between":null}],"sources":[{"property":"","dataset":"OpenStreetMap","license":"ODbL-1.0","record_id":"w1278477389@1","update_time":"2024-04-30T11:49:18Z","confidence":null,"between":null}],"version":1}},
{"id":"80b4a1ef-347f-4421-9f73-efa9da36c1e6","type":"Feature","geometry":{"type":"LineString","coordinates":[[80.9434365,26.8511071],[80.9434202,26.8510099],[80.9432393,26.8500766]]},"properties":{"names":{"primary":"Shahnajaf Road","common":null,"rules":[{"variant":"common","language":null,"perspectives":null,"value":"Shahnajaf Road","between":null,"side":null}]},"subtype":"road","class":"secondary","connectors":[{"connector_id":"6a1a09ac-b41c-4834-8da2-486174e9a0af","at":0.0},{"connector_id":"18bed317-0e4a-4985-a698-03fd488c015a","at":1.0}],"road_surface":[{"value":"paved","between":null}],"access_restrictions":[{"access_type":"denied","when":{"during":null,"heading":"backward","using":null,"recognized":null,"mode":null,"vehicle":null},"between":null}],"sources":[{"property":"","dataset":"OpenStreetMap","license":"ODbL-1.0","record_id":"w210669898@7","update_time":"2025-08-03T16:07:16Z","confidence":null,"between":null}],"version":2}},
{"id":"b128bd89-d961-419a-a77f-4d68dd927742","type":"Feature","geometry":{"type":"LineString","coordinates":[[80.9434365,26.8511071],[80.944039,26.8510156]]},"properties":{"subtype":"road","class":"residential","connectors":[{"connector_id":"6a1a09ac-b41c-4834-8da2-486174e9a0af","at":0.0},{"connector_id":"450ac29e-f3d5-48a3-890a-2cd83c4a6c4d","at":1.0}],"sources":[{"property":"","dataset":"OpenStreetMap","license":"ODbL-1.0","record_id":"w1123583968@1","update_time":"2022-12-20T10:16:08Z","confidence":null,"between":null}],"version":1}},
{"id":"aab4e759-7ebd-479f-99ff-4d239620c9c1","type":"Feature","geometry":{"type":"LineString","coordinates":[[80.9433849,26.8511368],[80.9434365,26.8511071]]},"properties":{"subtype":"road","class":"residential","connectors":[{"connector_id":"41df664f-cb0a-4ab1-bd8e-d4c81cd54dc9","at":0.0},{"connector_id":"6a1a09ac-b41c-4834-8da2-486174e9a0af","at":1.0}],"road_surface":[{"value":"paved","between":null}],"sources":[{"property":"","dataset":"OpenStreetMap","license":"ODbL-1.0","record_id":"w213237756@3","update_time":"2024-04-30T11:49:18Z","confidence":null,"between":null}],"version":1}},
{"id":"e19174cc-b037-4d45-81b5-c3f22d66651e","type":"Feature","geometry":{"type":"LineString","coordinates":[[80.9416383,26.8500999],[80.9427645,26.8514939]]},"properties":{"subtype":"road","class":"residential","connectors":[{"connector_id":"432610e0-4596-4687-80b2-5a962d60e6c6","at":0.0},{"connector_id":"29bdfc78-e718-4308-8285-c1350ef9c745","at":1.0}],"sources":[{"property":"","dataset":"OpenStreetMap","license":"ODbL-1.0","record_id":"w744782317@1","update_time":"2026-06-10T08:43:20Z","confidence":null,"between":null}],"version":3}},
{"id":"2c991e29-d313-40fc-8f62-fad64496660e","type":"Feature","geometry":{"type":"LineString","coordinates":[[80.940121,26.8510429],[80.9401826,26.8511022]]},"properties":{"subtype":"road","class":"residential","connectors":[{"connector_id":"1311ad03-97c7-428f-84d5-c4d7577fbaa8","at":0.0},{"connector_id":"52567978-bb75-4489-8e93-b8d126f96f38","at":1.0}],"road_surface":[{"value":"paved","between":null}],"sources":[{"property":"","dataset":"OpenStreetMap","license":"ODbL-1.0","record_id":"w210670150@5","update_time":"2025-05-15T06:18:50Z","confidence":null,"between":null}],"version":1}},
{"id":"417f0eb4-8cf4-486d-9fea-55e884c143e1","type":"Feature","geometry":{"type":"LineString","coordinates":[[80.9396246,26.8511956],[80.9396707,26.851162],[80.9396795,26.8511402],[80.9396811,26.8511045],[80.9396769,26.8510661],[80.9396646,26.851039],[80.9395862,26.8509456],[80.93957,26.8509172],[80.9395546,26.8508828],[80.9395461,26.8508505],[80.9395443,26.8508165],[80.9395455,26.850747899999998]]},"properties":{"subtype":"road","class":"unknown","connectors":[{"connector_id":"d4dea0c3-0de0-4332-8b87-474632a0dcd7","at":0.0},{"connector_id":"a18163d4-e330-425d-997a-4ab05b99600f","at":1.0}],"sources":[{"property":"","dataset":"TomTom","license":"ODbL-1.0","record_id":null,"update_time":null,"confidence":null,"between":null}],"version":1}},
{"id":"287b71c7-ebc0-4ff7-a705-23699acd19bf","type":"Feature","geometry":{"type":"LineString","coordinates":[[80.9398064,26.8507432],[80.940121,26.8510429]]},"properties":{"subtype":"road","class":"residential","connectors":[{"connector_id":"a503a8bf-0a7b-4489-b695-711c88f89092","at":0.0},{"connector_id":"1311ad03-97c7-428f-84d5-c4d7577fbaa8","at":1.0}],"road_surface":[{"value":"paved","between":null}],"sources":[{"property":"","dataset":"OpenStreetMap","license":"ODbL-1.0","record_id":"w210670150@5","update_time":"2025-05-15T06:18:50Z","confidence":null,"between":null}],"version":1}},
{"id":"4401d321-1926-4934-9bd2-d40993ab1bd3","type":"Feature","geometry":{"type":"LineString","coordinates":[[80.9401826,26.8511022],[80.9408451,26.8506658]]},"properties":{"names":{"primary":"Mahatma Gandhi Road","common":null,"rules":[{"variant":"common","language":null,"perspectives":null,"value":"Mahatma Gandhi Road","between":null,"side":null}]},"subtype":"road","class":"primary","connectors":[{"connector_id":"52567978-bb75-4489-8e93-b8d126f96f38","at":0.0},{"connector_id":"71768b0b-15d7-4eb7-9b3e-12cd2b5e9221","at":1.0}],"road_surface":[{"value":"paved","between":null}],"access_restrictions":[{"access_type":"denied","when":{"during":null,"heading":"backward","using":null,"recognized":null,"mode":null,"vehicle":null},"between":null}],"sources":[{"property":"","dataset":"OpenStreetMap","license":"ODbL-1.0","record_id":"w210669987@22","update_time":"2026-06-10T08:43:20Z","confidence":null,"between":null}],"version":2}},
{"id":"6b136a9d-3b0e-4f43-9bd0-46e6e188841e","type":"Feature","geometry":{"type":"LineString","coordinates":[[80.9396724,26.8505913],[80.9398064,26.8507432]]},"properties":{"subtype":"road","class":"residential","connectors":[{"connector_id":"54b37a3b-6453-484b-9fb0-7e79bd42fe5b","at":0.0},{"connector_id":"a503a8bf-0a7b-4489-b695-711c88f89092","at":1.0}],"road_surface":[{"value":"paved","between":null}],"sources":[{"property":"","dataset":"OpenStreetMap","license":"ODbL-1.0","record_id":"w210670150@5","update_time":"2025-05-15T06:18:50Z","confidence":null,"between":null}],"version":1}},
{"id":"cdfeb8fa-1ec5-455a-aad4-7093d9558703","type":"Feature","geometry":{"type":"LineString","coordinates":[[80.9396724,26.8505913],[80.9398565,26.8504554]]},"properties":{"subtype":"road","class":"residential","connectors":[{"connector_id":"54b37a3b-6453-484b-9fb0-7e79bd42fe5b","at":0.0},{"connector_id":"2cb0a3bb-8d90-4fbd-b392-fe535f167bf3","at":1.0}],"sources":[{"property":"","dataset":"OpenStreetMap","license":"ODbL-1.0","record_id":"w1135123904@2","update_time":"2025-05-15T06:18:50Z","confidence":null,"between":null}],"version":1}},
{"id":"dda1d647-8777-4464-a29e-dd97697313d7","type":"Feature","geometry":{"type":"LineString","coordinates":[[80.9393491,26.8502249],[80.9396724,26.8505913]]},"properties":{"subtype":"road","class":"residential","connectors":[{"connector_id":"4627b10d-184a-4153-9e23-ef312df16dbb","at":0.0},{"connector_id":"54b37a3b-6453-484b-9fb0-7e79bd42fe5b","at":1.0}],"road_surface":[{"value":"paved","between":null}],"sources":[{"property":"","dataset":"OpenStreetMap","license":"ODbL-1.0","record_id":"w210670150@5","update_time":"2025-05-15T06:18:50Z","confidence":null,"between":null}],"version":1}},
{"id":"7d6aa23c-6426-4dc7-b31c-c87f600fa1c2","type":"Feature","geometry":{"type":"LineString","coordinates":[[80.9393491,26.8502249],[80.9390098,26.8504115],[80.938865,26.8504737]]},"properties":{"subtype":"road","class":"residential","connectors":[{"connector_id":"4627b10d-184a-4153-9e23-ef312df16dbb","at":0.0},{"connector_id":"7d68e99d-9f56-45a1-91c6-34e1321d4c16","at":1.0}],"sources":[{"property":"","dataset":"OpenStreetMap","license":"ODbL-1.0","record_id":"w994845760@1","update_time":"2021-10-20T08:24:55Z","confidence":null,"between":null}],"version":1}},
{"id":"2f744828-937c-4706-bcfe-acb19781b9f4","type":"Feature","geometry":{"type":"LineString","coordinates":[[80.9398064,26.8507432],[80.940641,26.8501674]]},"properties":{"subtype":"road","class":"residential","connectors":[{"connector_id":"a503a8bf-0a7b-4489-b695-711c88f89092","at":0.0},{"connector_id":"f52afb1b-5184-45ee-8da6-2d9148bbef4a","at":1.0}],"road_surface":[{"value":"paved","between":null}],"sources":[{"property":"","dataset":"OpenStreetMap","license":"ODbL-1.0","record_id":"w210670022@2","update_time":"2019-10-10T00:58:53Z","confidence":null,"between":null}],"version":1}},
{"id":"debc9a12-58db-40cf-9959-b7618eeebceb","type":"Feature","geometry":{"type":"LineString","coordinates":[[80.9408451,26.8506658],[80.9416383,26.8500999]]},"properties":{"names":{"primary":"Mahatma Gandhi Road","common":null,"rules":[{"variant":"common","language":null,"perspectives":null,"value":"Mahatma Gandhi Road","between":null,"side":null}]},"subtype":"road","class":"primary","connectors":[{"connector_id":"71768b0b-15d7-4eb7-9b3e-12cd2b5e9221","at":0.0},{"connector_id":"432610e0-4596-4687-80b2-5a962d60e6c6","at":1.0}],"road_surface":[{"value":"paved","between":null}],"access_restrictions":[{"access_type":"denied","when":{"during":null,"heading":"backward","using":null,"recognized":null,"mode":null,"vehicle":null},"between":null}],"sources":[{"property":"","dataset":"OpenStreetMap","license":"ODbL-1.0","record_id":"w210669987@22","update_time":"2026-06-10T08:43:20Z","confidence":null,"between":null}],"version":3}},
{"id":"2e6b7ca0-7b9e-444c-a039-555375f4e963","type":"Feature","geometry":{"type":"LineString","coordinates":[[80.9417903,26.8498132],[80.9408032,26.850568],[80.940121,26.8510429]]},"properties":{"names":{"primary":"Mahatma Gandhi Road","common":null,"rules":[{"variant":"common","language":null,"perspectives":null,"value":"Mahatma Gandhi Road","between":null,"side":null}]},"subtype":"road","class":"primary","connectors":[{"connector_id":"a49ee8a9-9955-4713-8107-bc1dd713e097","at":0.0},{"connector_id":"1311ad03-97c7-428f-84d5-c4d7577fbaa8","at":1.0}],"road_surface":[{"value":"paved","between":null}],"access_restrictions":[{"access_type":"denied","when":{"during":null,"heading":"backward","using":null,"recognized":null,"mode":null,"vehicle":null},"between":null}],"routes":[{"name":"National Highway 24B","network":"IN:NH","ref":null,"symbol":null,"wikidata":null,"between":null}],"sources":[{"property":"/routes","dataset":"OpenStreetMap","license":"ODbL-1.0","record_id":"r1425755@88","update_time":null,"confidence":null,"between":null},{"property":"","dataset":"OpenStreetMap","license":"ODbL-1.0","record_id":"w210669986@25","update_time":"2026-04-06T10:29:50Z","confidence":null,"between":null}],"version":1}},
{"id":"283c874f-9e4a-4032-b54a-39583f08f029","type":"Feature","geometry":{"type":"LineString","coordinates":[[80.9417903,26.8498132],[80.9418865,26.8499306]]},"properties":{"names":{"primary":"Nawal Kishore Halwasiya Road","common":[["hi","नवल किशोर हलवासिया रोड"]],"rules":[{"variant":"common","language":null,"perspectives":null,"value":"Nawal Kishore Halwasiya Road","between":null,"side":null}]},"subtype":"road","class":"residential","connectors":[{"connector_id":"a49ee8a9-9955-4713-8107-bc1dd713e097","at":0.0},{"connector_id":"e18e21c9-efc4-4505-b76c-81533f2e29d3","at":1.0}],"road_surface":[{"value":"paved","between":null}],"sources":[{"property":"","dataset":"OpenStreetMap","license":"ODbL-1.0","record_id":"w210670142@5","update_time":"2026-01-02T14:35:40Z","confidence":null,"between":null}],"version":1}},
{"id":"16f66111-8054-44f4-8f15-ea640b3c68f8","type":"Feature","geometry":{"type":"LineString","coordinates":[[80.9416383,26.8500999],[80.9418865,26.8499306]]},"properties":{"names":{"primary":"Mahatma Gandhi Road","common":null,"rules":[{"variant":"common","language":null,"perspectives":null,"value":"Mahatma Gandhi Road","between":null,"side":null}]},"subtype":"road","class":"primary","connectors":[{"connector_id":"432610e0-4596-4687-80b2-5a962d60e6c6","at":0.0},{"connector_id":"e18e21c9-efc4-4505-b76c-81533f2e29d3","at":1.0}],"road_surface":[{"value":"paved","between":null}],"access_restrictions":[{"access_type":"denied","when":{"during":null,"heading":"backward","using":null,"recognized":null,"mode":null,"vehicle":null},"between":null}],"sources":[{"property":"","dataset":"OpenStreetMap","license":"ODbL-1.0","record_id":"w210669987@22","update_time":"2026-06-10T08:43:20Z","confidence":null,"between":null}],"version":3}},
{"id":"81e1f2c9-4771-450f-84fc-e262489dda2c","type":"Feature","geometry":{"type":"LineString","coordinates":[[80.940641,26.8501674],[80.9412428,26.8497522]]},"properties":{"subtype":"road","class":"residential","connectors":[{"connector_id":"f52afb1b-5184-45ee-8da6-2d9148bbef4a","at":0.0},{"connector_id":"905f892a-5efa-4957-ab48-77f9ece15126","at":1.0}],"road_surface":[{"value":"paved","between":null}],"sources":[{"property":"","dataset":"OpenStreetMap","license":"ODbL-1.0","record_id":"w210670022@2","update_time":"2019-10-10T00:58:53Z","confidence":null,"between":null}],"version":1}},
{"id":"e9917dea-bd46-4593-a1a9-e76e0db0ac3b","type":"Feature","geometry":{"type":"LineString","coordinates":[[80.940641,26.8501674],[80.9404926,26.849986]]},"properties":{"subtype":"road","class":"residential","connectors":[{"connector_id":"f52afb1b-5184-45ee-8da6-2d9148bbef4a","at":0.0},{"connector_id":"ebf31bc4-d927-4373-99ec-2f9ac01e92a0","at":1.0}],"sources":[{"property":"","dataset":"OpenStreetMap","license":"ODbL-1.0","record_id":"w733125399@2","update_time":"2023-01-25T11:10:33Z","confidence":null,"between":null}],"version":1}},
{"id":"8bbf211f-8246-4ec3-ae26-5e0bf33e3879","type":"Feature","geometry":{"type":"LineString","coordinates":[[80.9398565,26.8504554],[80.9404926,26.849986]]},"properties":{"subtype":"road","class":"residential","connectors":[{"connector_id":"2cb0a3bb-8d90-4fbd-b392-fe535f167bf3","at":0.0},{"connector_id":"ebf31bc4-d927-4373-99ec-2f9ac01e92a0","at":1.0}],"sources":[{"property":"","dataset":"OpenStreetMap","license":"ODbL-1.0","record_id":"w1135123904@2","update_time":"2025-05-15T06:18:50Z","confidence":null,"between":null}],"version":1}},
{"id":"4efccb12-dba1-482c-a5e7-9da4b16e32fd","type":"Feature","geometry":{"type":"LineString","coordinates":[[80.9398565,26.8504554],[80.9397391,26.8503105],[80.9395549,26.850074],[80.939367,26.8498531]]},"properties":{"subtype":"road","class":"living_street","connectors":[{"connector_id":"2cb0a3bb-8d90-4fbd-b392-fe535f167bf3","at":0.0},{"connector_id":"73e10977-c614-45e1-b0a0-6f6dd34a190d","at":1.0}],"sources":[{"property":"","dataset":"OpenStreetMap","license":"ODbL-1.0","record_id":"w1386925237@1","update_time":"2025-05-15T06:18:50Z","confidence":null,"between":null}],"version":1}},
{"id":"d42862c9-930a-474a-a99c-a1df6e44b5c1","type":"Feature","geometry":{"type":"LineString","coordinates":[[80.9391478,26.8499968],[80.9393491,26.8502249]]},"properties":{"subtype":"road","class":"residential","connectors":[{"connector_id":"db074287-bd6b-42ad-88ab-b215bb8b8982","at":0.0},{"connector_id":"4627b10d-184a-4153-9e23-ef312df16dbb","at":1.0}],"road_surface":[{"value":"paved","between":null}],"sources":[{"property":"","dataset":"OpenStreetMap","license":"ODbL-1.0","record_id":"w210670150@5","update_time":"2025-05-15T06:18:50Z","confidence":null,"between":null}],"version":1}},
{"id":"ac03364f-9a21-47af-b4dd-2a9a8a147f08","type":"Feature","geometry":{"type":"LineString","coordinates":[[80.9391478,26.8499968],[80.939367,26.8498531]]},"properties":{"subtype":"road","class":"living_street","connectors":[{"connector_id":"db074287-bd6b-42ad-88ab-b215bb8b8982","at":0.0},{"connector_id":"73e10977-c614-45e1-b0a0-6f6dd34a190d","at":1.0}],"sources":[{"property":"","dataset":"OpenStreetMap","license":"ODbL-1.0","record_id":"w1386925238@1","update_time":"2025-05-15T06:18:50Z","confidence":null,"between":null}],"version":1}},
{"id":"66164358-6cd2-411f-8fe9-7668cfaa8761","type":"Feature","geometry":{"type":"LineString","coordinates":[[80.9404926,26.849986],[80.940316,26.8497703]]},"properties":{"subtype":"road","class":"residential","connectors":[{"connector_id":"ebf31bc4-d927-4373-99ec-2f9ac01e92a0","at":0.0},{"connector_id":"022f7a94-488e-4ef3-9ec7-4ede3f17825c","at":1.0}],"sources":[{"property":"","dataset":"OpenStreetMap","license":"ODbL-1.0","record_id":"w733125399@2","update_time":"2023-01-25T11:10:33Z","confidence":null,"between":null}],"version":1}},
{"id":"4001dcb2-9b3d-48e6-b1b3-9695f180b34b","type":"Feature","geometry":{"type":"LineString","coordinates":[[80.940316,26.8497703],[80.9400585,26.8499426],[80.9396106,26.84944]]},"properties":{"subtype":"road","class":"residential","connectors":[{"connector_id":"022f7a94-488e-4ef3-9ec7-4ede3f17825c","at":0.0},{"connector_id":"02d08e31-e33a-4719-a0c6-b35a9ef8259d","at":1.0}],"sources":[{"property":"","dataset":"OpenStreetMap","license":"ODbL-1.0","record_id":"w733125398@1","update_time":"2019-10-10T00:58:53Z","confidence":null,"between":null}],"version":1}},
{"id":"bb959fed-8e7f-4df6-a29a-e112438a86b0","type":"Feature","geometry":{"type":"LineString","coordinates":[[80.939367,26.8498531],[80.939348,26.8498308],[80.9392851,26.849761],[80.9392852,26.849684],[80.9393112,26.8496021],[80.9393022,26.8495652],[80.9391943,26.8494212],[80.9390273,26.8491935]]},"properties":{"subtype":"road","class":"living_street","connectors":[{"connector_id":"73e10977-c614-45e1-b0a0-6f6dd34a190d","at":0.0},{"connector_id":"9827a01d-cb34-4675-9c7b-0a1067715790","at":1.0}],"sources":[{"property":"","dataset":"OpenStreetMap","license":"ODbL-1.0","record_id":"w1386925237@1","update_time":"2025-05-15T06:18:50Z","confidence":null,"between":null}],"version":1}},
{"id":"85b345ad-c192-4849-9b90-46bc9951f383","type":"Feature","geometry":{"type":"LineString","coordinates":[[80.940316,26.8497703],[80.9405681,26.8495956],[80.9402382,26.8491648]]},"properties":{"subtype":"road","class":"residential","connectors":[{"connector_id":"022f7a94-488e-4ef3-9ec7-4ede3f17825c","at":0.0},{"connector_id":"97510852-ba3e-4364-818b-089492ba0fb5","at":1.0}],"sources":[{"property":"","dataset":"OpenStreetMap","license":"ODbL-1.0","record_id":"w733125399@2","update_time":"2023-01-25T11:10:33Z","confidence":null,"between":null}],"version":1}},
{"id":"60db6c4b-badd-480a-a0eb-fc3705a3df28","type":"Feature","geometry":{"type":"LineString","coordinates":[[80.9413783,26.849351],[80.9415508,26.8495398]]},"properties":{"names":{"primary":"Nawal Kishore Halwasiya Road","common":[["hi","नवल किशोर हलवासिया रोड"]],"rules":[{"variant":"common","language":null,"perspectives":null,"value":"Nawal Kishore Halwasiya Road","between":null,"side":null}]},"subtype":"road","class":"residential","connectors":[{"connector_id":"7219d7b2-795c-4bb5-96f3-a7077096493c","at":0.0},{"connector_id":"795a86b3-cc8e-4f4e-867f-ba63983e8c8d","at":1.0}],"road_surface":[{"value":"paved","between":null}],"sources":[{"property":"","dataset":"OpenStreetMap","license":"ODbL-1.0","record_id":"w210670142@5","update_time":"2026-01-02T14:35:40Z","confidence":null,"between":null}],"version":1}},
{"id":"9353ccac-fb9d-4967-b533-346da2bec914","type":"Feature","geometry":{"type":"LineString","coordinates":[[80.9410814,26.8495608],[80.9413783,26.849351]]},"properties":{"subtype":"road","class":"residential","connectors":[{"connector_id":"72716bc0-ccb8-40d1-a46f-b9d58c8c098c","at":0.0},{"connector_id":"7219d7b2-795c-4bb5-96f3-a7077096493c","at":1.0}],"sources":[{"property":"","dataset":"OpenStreetMap","license":"ODbL-1.0","record_id":"w1135123904@2","update_time":"2025-05-15T06:18:50Z","confidence":null,"between":null}],"version":1}},
{"id":"7753ecd1-1139-4f11-9cfb-f084ded069af","type":"Feature","geometry":{"type":"LineString","coordinates":[[80.9404926,26.849986],[80.9410814,26.8495608]]},"properties":{"subtype":"road","class":"residential","connectors":[{"connector_id":"ebf31bc4-d927-4373-99ec-2f9ac01e92a0","at":0.0},{"connector_id":"72716bc0-ccb8-40d1-a46f-b9d58c8c098c","at":1.0}],"sources":[{"property":"","dataset":"OpenStreetMap","license":"ODbL-1.0","record_id":"w1135123904@2","update_time":"2025-05-15T06:18:50Z","confidence":null,"between":null}],"version":1}},
{"id":"a42d7c7a-96b6-4057-929f-db8ebf66d773","type":"Feature","geometry":{"type":"LineString","coordinates":[[80.9410814,26.8495608],[80.9412428,26.8497522]]},"properties":{"subtype":"road","class":"residential","connectors":[{"connector_id":"72716bc0-ccb8-40d1-a46f-b9d58c8c098c","at":0.0},{"connector_id":"905f892a-5efa-4957-ab48-77f9ece15126","at":1.0}],"road_surface":[{"value":"paved","between":null}],"sources":[{"property":"","dataset":"OpenStreetMap","license":"ODbL-1.0","record_id":"w210670105@2","update_time":"2025-12-25T09:50:46Z","confidence":null,"between":null}],"version":1}},
{"id":"59b9619e-bffa-44c1-91f0-de5365580d8a","type":"Feature","geometry":{"type":"LineString","coordinates":[[80.9412428,26.8497522],[80.9415508,26.8495398]]},"properties":{"subtype":"road","class":"residential","connectors":[{"connector_id":"905f892a-5efa-4957-ab48-77f9ece15126","at":0.0},{"connector_id":"795a86b3-cc8e-4f4e-867f-ba63983e8c8d","at":1.0}],"road_surface":[{"value":"paved","between":null}],"sources":[{"property":"","dataset":"OpenStreetMap","license":"ODbL-1.0","record_id":"w210670022@2","update_time":"2019-10-10T00:58:53Z","confidence":null,"between":null}],"version":1}},
{"id":"061cf151-142f-436c-8ee9-d86a941975fc","type":"Feature","geometry":{"type":"LineString","coordinates":[[80.9415508,26.8495398],[80.9417111,26.8497176],[80.9417218,26.8497305],[80.9417903,26.8498132]]},"properties":{"names":{"primary":"Nawal Kishore Halwasiya Road","common":[["hi","नवल किशोर हलवासिया रोड"]],"rules":[{"variant":"common","language":null,"perspectives":null,"value":"Nawal Kishore Halwasiya Road","between":null,"side":null}]},"subtype":"road","class":"residential","connectors":[{"connector_id":"795a86b3-cc8e-4f4e-867f-ba63983e8c8d","at":0.0},{"connector_id":"bc66487f-81cc-4aed-a3db-0240ace9e27e","at":0.703749613},{"connector_id":"a49ee8a9-9955-4713-8107-bc1dd713e097","at":1.0}],"road_surface":[{"value":"paved","between":null}],"sources":[{"property":"","dataset":"OpenStreetMap","license":"ODbL-1.0","record_id":"w210670142@5","update_time":"2026-01-02T14:35:40Z","confidence":null,"between":null}],"version":2}},
{"id":"2fce50a2-e063-485f-b886-538ec0813db1","type":"Feature","geometry":{"type":"LineString","coordinates":[[80.9418865,26.8499306],[80.9425736,26.8493629]]},"properties":{"names":{"primary":"Mahatma Gandhi Road","common":null,"rules":[{"variant":"common","language":null,"perspectives":null,"value":"Mahatma Gandhi Road","between":null,"side":null}]},"subtype":"road","class":"primary","connectors":[{"connector_id":"e18e21c9-efc4-4505-b76c-81533f2e29d3","at":0.0},{"connector_id":"526c3e75-e926-4558-af1a-edc14c857b3d","at":1.0}],"road_surface":[{"value":"paved","between":null}],"access_restrictions":[{"access_type":"denied","when":{"during":null,"heading":"backward","using":null,"recognized":null,"mode":null,"vehicle":null},"between":null}],"sources":[{"property":"","dataset":"OpenStreetMap","license":"ODbL-1.0","record_id":"w210669987@22","update_time":"2026-06-10T08:43:20Z","confidence":null,"between":null}],"version":4}},
{"id":"4f57d44a-b163-4e79-bc39-b8f17852dcfc","type":"Feature","geometry":{"type":"LineString","coordinates":[[80.9425,26.8492859],[80.9417903,26.8498132]]},"properties":{"names":{"primary":"Mahatma Gandhi Road","common":null,"rules":[{"variant":"common","language":null,"perspectives":null,"value":"Mahatma Gandhi Road","between":null,"side":null}]},"subtype":"road","class":"primary","connectors":[{"connector_id":"6b1d9e1a-30d0-4df8-b3a2-bed8fcc99707","at":0.0},{"connector_id":"a49ee8a9-9955-4713-8107-bc1dd713e097","at":1.0}],"road_surface":[{"value":"paved","between":null}],"access_restrictions":[{"access_type":"denied","when":{"during":null,"heading":"backward","using":null,"recognized":null,"mode":null,"vehicle":null},"between":null}],"routes":[{"name":"National Highway 24B","network":"IN:NH","ref":null,"symbol":null,"wikidata":null,"between":null}],"sources":[{"property":"/routes","dataset":"OpenStreetMap","license":"ODbL-1.0","record_id":"r1425755@88","update_time":null,"confidence":null,"between":null},{"property":"","dataset":"OpenStreetMap","license":"ODbL-1.0","record_id":"w210669986@25","update_time":"2026-04-06T10:29:50Z","confidence":null,"between":null}],"version":3}},
{"id":"ee037e1f-032d-44fe-a1cf-e90351a3710f","type":"Feature","geometry":{"type":"LineString","coordinates":[[80.9442734,26.8495496],[80.9441325,26.8496202],[80.9440479,26.8496626],[80.9432941,26.8500311],[80.9432393,26.8500766]]},"properties":{"subtype":"road","class":"residential","connectors":[{"connector_id":"4fa751af-da73-4c02-92d9-333299ebef59","at":0.0},{"connector_id":"9778d9f9-d8b9-4f4e-b3cb-42c5f8e5ed0b","at":0.135458933},{"connector_id":"f8d75941-325b-4d3a-9285-636543687b97","at":0.21679648},{"connector_id":"18bed317-0e4a-4985-a698-03fd488c015a","at":1.0}],"road_surface":[{"value":"paved","between":null}],"access_restrictions":[{"access_type":"denied","when":{"during":null,"heading":"backward","using":null,"recognized":null,"mode":null,"vehicle":null},"between":null}],"sources":[{"property":"","dataset":"OpenStreetMap","license":"ODbL-1.0","record_id":"w1419666788@2","update_time":"2025-08-03T23:06:46Z","confidence":null,"between":null}],"version":2}},
{"id":"8da6f264-5eb4-4a23-8baf-b3f6339ffdca","type":"Feature","geometry":{"type":"LineString","coordinates":[[80.9425736,26.8493629],[80.9427537,26.8495452],[80.9431677,26.8500864]]},"properties":{"subtype":"road","class":"secondary","connectors":[{"connector_id":"526c3e75-e926-4558-af1a-edc14c857b3d","at":0.0},{"connector_id":"e773780e-07a3-404c-a18c-3f9721c3f109","at":1.0}],"access_restrictions":[{"access_type":"denied","when":{"during":null,"heading":"backward","using":null,"recognized":null,"mode":null,"vehicle":null},"between":null}],"sources":[{"property":"","dataset":"OpenStreetMap","license":"ODbL-1.0","record_id":"w1278477389@1","update_time":"2024-04-30T11:49:18Z","confidence":null,"between":null}],"version":1}},
{"id":"b32e467e-e7c3-4070-9268-060beb0fe3f4","type":"Feature","geometry":{"type":"LineString","coordinates":[[80.9432393,26.8500766],[80.9426498,26.8492999]]},"properties":{"names":{"primary":"Shahnajaf Road","common":null,"rules":[{"variant":"common","language":null,"perspectives":null,"value":"Shahnajaf Road","between":null,"side":null}]},"subtype":"road","class":"secondary","connectors":[{"connector_id":"18bed317-0e4a-4985-a698-03fd488c015a","at":0.0},{"connector_id":"5c34593e-5579-4b9f-b66f-6d2d125407cc","at":1.0}],"road_surface":[{"value":"paved","between":null}],"access_restrictions":[{"access_type":"denied","when":{"during":null,"heading":"backward","using":null,"recognized":null,"mode":null,"vehicle":null},"between":null}],"sources":[{"property":"","dataset":"OpenStreetMap","license":"ODbL-1.0","record_id":"w210669898@7","update_time":"2025-08-03T16:07:16Z","confidence":null,"between":null}],"version":2}},
{"id":"53c071a4-5920-4110-8cf4-bc1d9b6822d3","type":"Feature","geometry":{"type":"LineString","coordinates":[[80.9431677,26.8500864],[80.9432393,26.8500766]]},"properties":{"subtype":"road","class":"residential","connectors":[{"connector_id":"e773780e-07a3-404c-a18c-3f9721c3f109","at":0.0},{"connector_id":"18bed317-0e4a-4985-a698-03fd488c015a","at":1.0}],"road_surface":[{"value":"paved","between":null}],"sources":[{"property":"","dataset":"OpenStreetMap","license":"ODbL-1.0","record_id":"w210670153@8","update_time":"2025-08-03T16:07:16Z","confidence":null,"between":null}],"version":2}},
{"id":"c61b82b5-97a2-497f-8634-cf33f9e1c587","type":"Feature","geometry":{"type":"LineString","coordinates":[[80.9432393,26.8500766],[80.9433015,26.8500786],[80.9440399,26.8497031],[80.9440631,26.8496913],[80.9443017,26.8495872]]},"properties":{"subtype":"road","class":"residential","connectors":[{"connector_id":"18bed317-0e4a-4985-a698-03fd488c015a","at":0.0},{"connector_id":"494975d0-012f-4733-85c3-3904d9537b77","at":0.757284864},{"connector_id":"4f130067-ee42-49d1-9796-27a9eb3b238d","at":0.779453706},{"connector_id":"1ea06bd3-b86c-4e26-8d6e-c4c024b406f9","at":1.0}],"road_surface":[{"value":"paved","between":null}],"access_restrictions":[{"access_type":"denied","when":{"during":null,"heading":"backward","using":null,"recognized":null,"mode":null,"vehicle":null},"between":null}],"sources":[{"property":"","dataset":"OpenStreetMap","license":"ODbL-1.0","record_id":"w1419666788@2","update_time":"2025-08-03T23:06:46Z","confidence":null,"between":null}],"version":1}},
{"id":"eaa5039f-184e-407b-a992-eb5750a1f21a","type":"Feature","geometry":{"type":"LineString","coordinates":[[80.9447874,26.8496787],[80.9447679,26.8499585],[80.9447692,26.8500076],[80.9447585,26.8500339],[80.9447318,26.850071],[80.9446982,26.8500973]]},"properties":{"subtype":"road","class":"unknown","connectors":[{"connector_id":"f027181f-dc13-441a-9d43-f059726abfe3","at":0.0},{"connector_id":"e0abf194-e203-48f1-ab5b-c8fcf4d64ebb","at":1.0}],"sources":[{"property":"","dataset":"TomTom","license":"ODbL-1.0","record_id":null,"update_time":null,"confidence":null,"between":null}],"version":1}},
{"id":"25ce7627-9914-4a82-bd3d-9cff2a12995d","type":"Feature","geometry":{"type":"LineString","coordinates":[[80.9449077,26.8496973],[80.9451433,26.850506]]},"properties":{"subtype":"road","class":"residential","connectors":[{"connector_id":"f2c27eec-a70a-44cd-8e76-0686325d3fc4","at":0.0},{"connector_id":"c801ca28-ed4f-4c00-a04a-146ef60695a7","at":1.0}],"sources":[{"property":"","dataset":"OpenStreetMap","license":"ODbL-1.0","record_id":"w737740369@2","update_time":"2025-08-03T16:07:16Z","confidence":null,"between":null}],"version":2}},
{"id":"db2ff085-86a9-4165-82de-8998a9917283","type":"Feature","geometry":{"type":"LineString","coordinates":[[80.9458761,26.8497598],[80.9457623,26.8497723],[80.9452339,26.8498488]]},"properties":{"subtype":"road","class":"unknown","connectors":[{"connector_id":"e6cb7aa8-e229-48a0-b195-78565e8d8523","at":0.0},{"connector_id":"23b80c7c-deb4-428b-b061-0b631cefbfe8","at":1.0}],"sources":[{"property":"","dataset":"TomTom","license":"ODbL-1.0","record_id":null,"update_time":null,"confidence":null,"between":null}],"version":1}},
{"id":"03e3df9e-bafc-4b32-af11-6f2e02bac829","type":"Feature","geometry":{"type":"LineString","coordinates":[[80.9440479,26.8496626],[80.9440631,26.8496913]]},"properties":{"subtype":"road","class":"service","connectors":[{"connector_id":"f8d75941-325b-4d3a-9285-636543687b97","at":0.0},{"connector_id":"4f130067-ee42-49d1-9796-27a9eb3b238d","at":1.0}],"road_surface":[{"value":"paving_stones","between":null}],"sources":[{"property":"","dataset":"OpenStreetMap","license":"ODbL-1.0","record_id":"w1109204165@2","update_time":"2025-08-03T16:07:16Z","confidence":null,"between":null}],"version":1}},
{"id":"c01cea64-48bf-4516-a884-ad1479743f56","type":"Feature","geometry":{"type":"LineString","coordinates":[[80.9443017,26.8495872],[80.9445939,26.8496488],[80.9447874,26.8496787],[80.9449077,26.8496973]]},"properties":{"subtype":"road","class":"residential","connectors":[{"connector_id":"1ea06bd3-b86c-4e26-8d6e-c4c024b406f9","at":0.0},{"connector_id":"f027181f-dc13-441a-9d43-f059726abfe3","at":0.802656332},{"connector_id":"f2c27eec-a70a-44cd-8e76-0686325d3fc4","at":1.0}],"road_surface":[{"value":"paved","between":null}],"sources":[{"property":"","dataset":"OpenStreetMap","license":"ODbL-1.0","record_id":"w210670155@4","update_time":"2025-08-03T23:06:46Z","confidence":null,"between":null}],"version":2}},
{"id":"626704a2-888e-425e-9d49-969bbc3745a9","type":"Feature","geometry":{"type":"LineString","coordinates":[[80.9443017,26.8495872],[80.9443225,26.849544]]},"properties":{"subtype":"road","class":"residential","connectors":[{"connector_id":"1ea06bd3-b86c-4e26-8d6e-c4c024b406f9","at":0.0},{"connector_id":"29b4eb7e-fcda-470f-8032-3ca39d02b369","at":1.0}],"road_surface":[{"value":"paved","between":null}],"access_restrictions":[{"access_type":"denied","when":{"during":null,"heading":"backward","using":null,"recognized":null,"mode":null,"vehicle":null},"between":null}],"sources":[{"property":"","dataset":"OpenStreetMap","license":"ODbL-1.0","record_id":"w1419666788@2","update_time":"2025-08-03T23:06:46Z","confidence":null,"between":null}],"version":1}},
{"id":"98346c59-383f-42ca-916b-3ea9def08b46","type":"Feature","geometry":{"type":"LineString","coordinates":[[80.9442734,26.8495496],[80.9443017,26.8495872]]},"properties":{"subtype":"road","class":"residential","connectors":[{"connector_id":"4fa751af-da73-4c02-92d9-333299ebef59","at":0.0},{"connector_id":"1ea06bd3-b86c-4e26-8d6e-c4c024b406f9","at":1.0}],"road_surface":[{"value":"paved","between":null}],"sources":[{"property":"","dataset":"OpenStreetMap","license":"ODbL-1.0","record_id":"w210670155@4","update_time":"2025-08-03T23:06:46Z","confidence":null,"between":null}],"version":1}},
{"id":"c403870e-b6b3-4c70-814f-91c309096f75","type":"Feature","geometry":{"type":"LineString","coordinates":[[80.9443225,26.849544],[80.9442734,26.8495496]]},"properties":{"subtype":"road","class":"residential","connectors":[{"connector_id":"29b4eb7e-fcda-470f-8032-3ca39d02b369","at":0.0},{"connector_id":"4fa751af-da73-4c02-92d9-333299ebef59","at":1.0}],"road_surface":[{"value":"paved","between":null}],"access_restrictions":[{"access_type":"denied","when":{"during":null,"heading":"backward","using":null,"recognized":null,"mode":null,"vehicle":null},"between":null}],"sources":[{"property":"","dataset":"OpenStreetMap","license":"ODbL-1.0","record_id":"w1419666788@2","update_time":"2025-08-03T23:06:46Z","confidence":null,"between":null}],"version":1}},
{"id":"972840f2-7050-4f62-877f-8c2354c84d8c","type":"Feature","geometry":{"type":"LineString","coordinates":[[80.9443225,26.849544],[80.9444675,26.8494399]]},"properties":{"subtype":"road","class":"residential","connectors":[{"connector_id":"29b4eb7e-fcda-470f-8032-3ca39d02b369","at":0.0},{"connector_id":"e9e70738-7b38-4e1f-8627-39698b4bcf0d","at":1.0}],"road_surface":[{"value":"paved","between":null}],"sources":[{"property":"","dataset":"OpenStreetMap","license":"ODbL-1.0","record_id":"w1419733369@1","update_time":"2026-03-28T11:49:14Z","confidence":null,"between":null}],"version":1}},
{"id":"1797c596-6ad5-4567-b554-281cb724269a","type":"Feature","geometry":{"type":"LineString","coordinates":[[80.9449077,26.8496973],[80.9450833,26.8497283],[80.9452299,26.8496867],[80.9459189,26.8493011]]},"properties":{"subtype":"road","class":"residential","connectors":[{"connector_id":"f2c27eec-a70a-44cd-8e76-0686325d3fc4","at":0.0},{"connector_id":"952ec043-5718-4708-a8c7-1969765e1df6","at":1.0}],"road_surface":[{"value":"paved","between":null}],"sources":[{"property":"","dataset":"OpenStreetMap","license":"ODbL-1.0","record_id":"w210670155@4","update_time":"2025-08-03T23:06:46Z","confidence":null,"between":null}],"version":2}},
{"id":"f7861d10-f0e6-41cf-b116-6cd09447e04a","type":"Feature","geometry":{"type":"LineString","coordinates":[[80.9444675,26.8494399],[80.9437334,26.8485339]]},"properties":{"subtype":"road","class":"residential","connectors":[{"connector_id":"e9e70738-7b38-4e1f-8627-39698b4bcf0d","at":0.0},{"connector_id":"b1c744d4-34db-48c3-8f50-b30cb29eb1f3","at":1.0}],"road_surface":[{"value":"paved","between":null}],"sources":[{"property":"","dataset":"OpenStreetMap","license":"ODbL-1.0","record_id":"w210669957@1","update_time":"2025-08-03T23:06:46Z","confidence":null,"between":null}],"version":2}},
{"id":"336389d2-2414-4a5d-9c08-632ac12c238c","type":"Feature","geometry":{"type":"LineString","coordinates":[[80.9444675,26.8494399],[80.9446738,26.8493053],[80.9451957,26.8489789],[80.9456926,26.8486866],[80.9457089,26.848676]]},"properties":{"subtype":"road","class":"residential","connectors":[{"connector_id":"e9e70738-7b38-4e1f-8627-39698b4bcf0d","at":0.0},{"connector_id":"2cf4d98d-ad10-4fd0-8420-91b6fe9284f9","at":0.591977016},{"connector_id":"4a722c69-a699-4c3c-8ff3-ce32533d6440","at":1.0}],"road_surface":[{"value":"paved","between":null}],"sources":[{"property":"","dataset":"OpenStreetMap","license":"ODbL-1.0","record_id":"w1419733369@1","update_time":"2026-03-28T11:49:14Z","confidence":null,"between":null}],"version":3}},
{"id":"e1597967-7a5f-45c3-bc84-97e7b70a8394","type":"Feature","geometry":{"type":"LineString","coordinates":[[80.9451957,26.8489789],[80.9445763,26.8482001]]},"properties":{"subtype":"road","class":"service","connectors":[{"connector_id":"2cf4d98d-ad10-4fd0-8420-91b6fe9284f9","at":0.0},{"connector_id":"f85c7e16-6dd0-4ab9-a8ca-38b9d389d030","at":1.0}],"sources":[{"property":"","dataset":"OpenStreetMap","license":"ODbL-1.0","record_id":"w1133109531@1","update_time":"2026-03-28T11:49:14Z","confidence":null,"between":null}],"version":2}},
{"id":"6af52efb-d6c2-4c2d-9988-a90da4ba960f","type":"Feature","geometry":{"type":"LineString","coordinates":[[80.9426498,26.8492999],[80.9430146,26.8490208],[80.9437334,26.8485339]]},"properties":{"names":{"primary":"Mahatma Gandhi Road","common":null,"rules":[{"variant":"common","language":null,"perspectives":null,"value":"Mahatma Gandhi Road","between":null,"side":null}]},"subtype":"road","class":"primary","connectors":[{"connector_id":"5c34593e-5579-4b9f-b66f-6d2d125407cc","at":0.0},{"connector_id":"b1c744d4-34db-48c3-8f50-b30cb29eb1f3","at":1.0}],"road_surface":[{"value":"paved","between":null}],"access_restrictions":[{"access_type":"denied","when":{"during":null,"heading":"backward","using":null,"recognized":null,"mode":null,"vehicle":null},"between":null}],"sources":[{"property":"","dataset":"OpenStreetMap","license":"ODbL-1.0","record_id":"w210669987@22","update_time":"2026-06-10T08:43:20Z","confidence":null,"between":null}],"version":3}},
{"id":"3b6ca3e9-add7-4723-9694-3de42fc57837","type":"Feature","geometry":{"type":"LineString","coordinates":[[80.9434384,26.8485518],[80.9434307,26.8485432],[80.9434147,26.8485536]]},"properties":{"subtype":"road","class":"footway","connectors":[{"connector_id":"0dbf18e6-8c8d-438d-8c0b-1fca0cc77b9f","at":0.0},{"connector_id":"fbc9044d-489d-4bf9-9129-7d78fb2a02e1","at":1.0}],"sources":[{"property":"","dataset":"OpenStreetMap","license":"ODbL-1.0","record_id":"w1463707548@1","update_time":"2026-01-02T14:35:40Z","confidence":null,"between":null}],"version":1}},
{"id":"f41c9efb-b391-4178-93dc-db2a552f797c","type":"Feature","geometry":{"type":"LineString","coordinates":[[80.9429516,26.8489639],[80.9429168,26.84891],[80.942906,26.8488933],[80.9428066,26.8487597],[80.9427522,26.8486834],[80.9427447,26.8486227],[80.9427536,26.8485832],[80.9427607,26.8485363],[80.9427409,26.848497],[80.9425689,26.8482776]]},"properties":{"subtype":"road","class":"service","connectors":[{"connector_id":"b6c979b9-912c-4b48-bec1-b7311912ebab","at":0.0},{"connector_id":"7b5401eb-d9a8-4356-bad6-9e0ae8fcfcd7","at":0.0785627},{"connector_id":"06ffaf73-57e0-4fdc-bb8e-b4d782947fc6","at":1.0}],"access_restrictions":[{"access_type":"allowed","when":{"during":null,"heading":null,"using":null,"recognized":["as_private"],"mode":null,"vehicle":null},"between":null}],"sources":[{"property":"","dataset":"OpenStreetMap","license":"ODbL-1.0","record_id":"w1354129785@2","update_time":"2026-01-02T14:35:40Z","confidence":null,"between":null}],"version":2}},
{"id":"76770551-8fec-4f69-bc71-ce56d1c7fee3","type":"Feature","geometry":{"type":"LineString","coordinates":[[80.94278,26.8490856],[80.9427349,26.8490348],[80.9426957,26.8489907],[80.9426575,26.8489444],[80.9422521,26.848453],[80.9422062,26.8484436],[80.9421616,26.8484482],[80.9421066,26.8484951],[80.9421098,26.8485251],[80.9421452,26.848585],[80.9424971,26.849045],[80.9425358,26.8490956],[80.942579,26.8491419],[80.9426273,26.8491938]]},"properties":{"subtype":"road","class":"service","connectors":[{"connector_id":"c61fafc6-5f2e-445c-9e8e-621118c497dc","at":0.0},{"connector_id":"a43058c7-242a-49f3-a3cb-1abb09b23c96","at":0.036360639},{"connector_id":"64a41ec9-c433-48b6-af99-6d4818fb7341","at":0.100191857},{"connector_id":"d355d569-76bc-48b6-8f1c-89d22f7448b9","at":0.893983333},{"connector_id":"cdafed86-68f6-49c3-b354-c0106a737020","at":0.962146324},{"connector_id":"7e80f310-bc06-401e-9c6c-e71e1f3a4709","at":1.0}],"access_restrictions":[{"access_type":"denied","when":{"during":null,"heading":"backward","using":null,"recognized":null,"mode":null,"vehicle":null},"between":null},{"access_type":"allowed","when":{"during":null,"heading":null,"using":null,"recognized":["as_private"],"mode":null,"vehicle":null},"between":null}],"sources":[{"property":"","dataset":"OpenStreetMap","license":"ODbL-1.0","record_id":"w1363532258@2","update_time":"2026-01-02T14:35:40Z","confidence":null,"between":null}],"version":2}},
{"id":"ea673993-6289-4ce3-9770-dd00390d4094","type":"Feature","geometry":{"type":"LineString","coordinates":[[80.9417218,26.8497305],[80.942579,26.8491419],[80.9427349,26.8490348],[80.9429168,26.84891],[80.9434384,26.8485518],[80.9437528,26.8483359],[80.9440981,26.8480988]]},"properties":{"subtype":"road","class":"footway","connectors":[{"connector_id":"bc66487f-81cc-4aed-a3db-0240ace9e27e","at":0.0},{"connector_id":"cdafed86-68f6-49c3-b354-c0106a737020","at":0.360727537},{"connector_id":"a43058c7-242a-49f3-a3cb-1abb09b23c96","at":0.426345077},{"connector_id":"7b5401eb-d9a8-4356-bad6-9e0ae8fcfcd7","at":0.502869381},{"connector_id":"0dbf18e6-8c8d-438d-8c0b-1fca0cc77b9f","at":0.722379648},{"connector_id":"a882064c-d6fb-4074-9511-206adb9a6de9","at":0.854690013},{"connector_id":"97155378-be79-4130-944b-542eeee51acd","at":1.0}],"sources":[{"property":"","dataset":"OpenStreetMap","license":"ODbL-1.0","record_id":"w1463707545@1","update_time":"2026-01-02T14:35:40Z","confidence":null,"between":null}],"version":1}},
{"id":"1858fb54-54ba-4780-a51a-cade50942e63","type":"Feature","geometry":{"type":"LineString","coordinates":[[80.9426575,26.8489444],[80.9424971,26.849045]]},"properties":{"subtype":"road","class":"service","connectors":[{"connector_id":"64a41ec9-c433-48b6-af99-6d4818fb7341","at":0.0},{"connector_id":"d355d569-76bc-48b6-8f1c-89d22f7448b9","at":1.0}],"access_restrictions":[{"access_type":"allowed","when":{"during":null,"heading":null,"using":null,"recognized":["as_private"],"mode":null,"vehicle":null},"between":null}],"sources":[{"property":"","dataset":"OpenStreetMap","license":"ODbL-1.0","record_id":"w1363532259@1","update_time":"2025-02-28T09:13:06Z","confidence":null,"between":null}],"version":1}},
{"id":"47e9bee1-49ee-49fc-aa37-e0a02dd520b5","type":"Feature","geometry":{"type":"LineString","coordinates":[[80.943622,26.8488046],[80.943669,26.848874],[80.9436717,26.8489063],[80.9436605,26.8489858],[80.9436711,26.8490414],[80.9437055,26.849089],[80.9441325,26.8496202]]},"properties":{"subtype":"road","class":"unknown","connectors":[{"connector_id":"8be6a15d-effa-40b0-af15-be0846188353","at":0.0},{"connector_id":"9778d9f9-d8b9-4f4e-b3cb-42c5f8e5ed0b","at":1.0}],"sources":[{"property":"","dataset":"TomTom","license":"ODbL-1.0","record_id":null,"update_time":null,"confidence":null,"between":null}],"version":1}},
{"id":"290a812f-55e5-4b66-9d41-89ae1b93ae78","type":"Feature","geometry":{"type":"LineString","coordinates":[[80.9426498,26.8492999],[80.9425888,26.8492211]]},"properties":{"names":{"primary":"Shahnajaf Road","common":null,"rules":[{"variant":"common","language":null,"perspectives":null,"value":"Shahnajaf Road","between":null,"side":null}]},"subtype":"road","class":"secondary","connectors":[{"connector_id":"5c34593e-5579-4b9f-b66f-6d2d125407cc","at":0.0},{"connector_id":"a1632e35-6a27-471a-a5e7-4ad732d47565","at":1.0}],"road_surface":[{"value":"paved","between":null}],"access_restrictions":[{"access_type":"denied","when":{"during":null,"heading":"backward","using":null,"recognized":null,"mode":null,"vehicle":null},"between":null}],"sources":[{"property":"","dataset":"OpenStreetMap","license":"ODbL-1.0","record_id":"w210669898@7","update_time":"2025-08-03T16:07:16Z","confidence":null,"between":null}],"version":1}},
{"id":"a98291a8-0296-4e8d-b664-73522a1e3c46","type":"Feature","geometry":{"type":"LineString","coordinates":[[80.9425888,26.8492211],[80.9425767,26.84923],[80.9425,26.8492859]]},"properties":{"names":{"primary":"Mahatma Gandhi Road","common":null,"rules":[{"variant":"common","language":null,"perspectives":null,"value":"Mahatma Gandhi Road","between":null,"side":null}]},"subtype":"road","class":"primary","connectors":[{"connector_id":"a1632e35-6a27-471a-a5e7-4ad732d47565","at":0.0},{"connector_id":"6b1d9e1a-30d0-4df8-b3a2-bed8fcc99707","at":1.0}],"road_surface":[{"value":"paved","between":null}],"access_restrictions":[{"access_type":"denied","when":{"during":null,"heading":"backward","using":null,"recognized":null,"mode":null,"vehicle":null},"between":null}],"routes":[{"name":"National Highway 24B","network":"IN:NH","ref":null,"symbol":null,"wikidata":null,"between":null}],"sources":[{"property":"/routes","dataset":"OpenStreetMap","license":"ODbL-1.0","record_id":"r1425755@88","update_time":null,"confidence":null,"between":null},{"property":"","dataset":"OpenStreetMap","license":"ODbL-1.0","record_id":"w210669986@25","update_time":"2026-04-06T10:29:50Z","confidence":null,"between":null}],"version":2}},
{"id":"2523ddbc-9fa3-42f6-ae98-3344a773c8fe","type":"Feature","geometry":{"type":"LineString","coordinates":[[80.9425,26.8492859],[80.9425736,26.8493629]]},"properties":{"subtype":"road","class":"secondary","connectors":[{"connector_id":"6b1d9e1a-30d0-4df8-b3a2-bed8fcc99707","at":0.0},{"connector_id":"526c3e75-e926-4558-af1a-edc14c857b3d","at":1.0}],"access_restrictions":[{"access_type":"denied","when":{"during":null,"heading":"backward","using":null,"recognized":null,"mode":null,"vehicle":null},"between":null}],"sources":[{"property":"","dataset":"OpenStreetMap","license":"ODbL-1.0","record_id":"w1278477389@1","update_time":"2024-04-30T11:49:18Z","confidence":null,"between":null}],"version":1}},
{"id":"4dadffda-e8a4-4566-81b9-59600e45e027","type":"Feature","geometry":{"type":"LineString","coordinates":[[80.9425736,26.8493629],[80.9426498,26.8492999]]},"properties":{"names":{"primary":"Mahatma Gandhi Road","common":null,"rules":[{"variant":"common","language":null,"perspectives":null,"value":"Mahatma Gandhi Road","between":null,"side":null}]},"subtype":"road","class":"primary","connectors":[{"connector_id":"526c3e75-e926-4558-af1a-edc14c857b3d","at":0.0},{"connector_id":"5c34593e-5579-4b9f-b66f-6d2d125407cc","at":1.0}],"road_surface":[{"value":"paved","between":null}],"access_restrictions":[{"access_type":"denied","when":{"during":null,"heading":"backward","using":null,"recognized":null,"mode":null,"vehicle":null},"between":null}],"sources":[{"property":"","dataset":"OpenStreetMap","license":"ODbL-1.0","record_id":"w210669987@22","update_time":"2026-06-10T08:43:20Z","confidence":null,"between":null}],"version":2}},
{"id":"87506c1a-f331-4cb8-a2f0-b90111d2f8cd","type":"Feature","geometry":{"type":"LineString","coordinates":[[80.9411956,26.8491511],[80.9413783,26.849351]]},"properties":{"names":{"primary":"Nawal Kishore Halwasiya Road","common":[["hi","नवल किशोर हलवासिया रोड"]],"rules":[{"variant":"common","language":null,"perspectives":null,"value":"Nawal Kishore Halwasiya Road","between":null,"side":null}]},"subtype":"road","class":"residential","connectors":[{"connector_id":"6fd9e253-294f-4378-802f-b15df567dc75","at":0.0},{"connector_id":"7219d7b2-795c-4bb5-96f3-a7077096493c","at":1.0}],"road_surface":[{"value":"paved","between":null}],"sources":[{"property":"","dataset":"OpenStreetMap","license":"ODbL-1.0","record_id":"w210670142@5","update_time":"2026-01-02T14:35:40Z","confidence":null,"between":null}],"version":1}},
{"id":"17fbbdaa-6f93-486d-a182-ca7fd43cfbcc","type":"Feature","geometry":{"type":"LineString","coordinates":[[80.9394427,26.8492558],[80.9394905,26.8493102],[80.9395253,26.8493535],[80.9396106,26.84944],[80.9400231,26.8491795]]},"properties":{"subtype":"road","class":"unknown","connectors":[{"connector_id":"d025a482-6390-41c3-95b0-e0a4f8969f63","at":0.0},{"connector_id":"02d08e31-e33a-4719-a0c6-b35a9ef8259d","at":0.34479411},{"connector_id":"2cc89967-dadc-4410-bc21-6171c8834ee2","at":1.0}],"sources":[{"property":"","dataset":"TomTom","license":"ODbL-1.0","record_id":null,"update_time":null,"confidence":null,"between":null}],"version":1}},
{"id":"2c2e9be6-05ad-40b0-91a9-9de41c29e764","type":"Feature","geometry":{"type":"LineString","coordinates":[[80.940122,26.8484274],[80.9410814,26.8495608]]},"properties":{"subtype":"road","class":"residential","connectors":[{"connector_id":"6390df48-51a5-4982-8b0d-0e7158d27394","at":0.0},{"connector_id":"72716bc0-ccb8-40d1-a46f-b9d58c8c098c","at":1.0}],"road_surface":[{"value":"paved","between":null}],"sources":[{"property":"","dataset":"OpenStreetMap","license":"ODbL-1.0","record_id":"w210670105@2","update_time":"2025-12-25T09:50:46Z","confidence":null,"between":null}],"version":2}},
{"id":"5e54ecb0-2369-47ab-80f3-9db463e73b78","type":"Feature","geometry":{"type":"LineString","coordinates":[[80.940122,26.8484274],[80.9390273,26.8491935]]},"properties":{"subtype":"road","class":"residential","connectors":[{"connector_id":"6390df48-51a5-4982-8b0d-0e7158d27394","at":0.0},{"connector_id":"9827a01d-cb34-4675-9c7b-0a1067715790","at":1.0}],"road_surface":[{"value":"paved","between":null}],"sources":[{"property":"","dataset":"OpenStreetMap","license":"ODbL-1.0","record_id":"w210669990@2","update_time":"2025-12-26T15:19:01Z","confidence":null,"between":null}],"version":2}},
{"id":"dec4dd0f-653b-47c0-b5c0-f79e49f2825a","type":"Feature","geometry":{"type":"LineString","coordinates":[[80.9396802,26.8481052],[80.9393839,26.8484234],[80.938897,26.8489464],[80.9388682,26.8489894]]},"properties":{"names":{"primary":"Capper Road","common":null,"rules":[{"variant":"common","language":null,"perspectives":null,"value":"Capper Road","between":null,"side":null}]},"subtype":"road","class":"residential","connectors":[{"connector_id":"5c6ccc27-fa7e-4875-8d38-250e90243ed3","at":0.0},{"connector_id":"457b56d9-ecff-4165-86ef-da8851357a3f","at":0.361733519},{"connector_id":"fe277df2-deab-4a90-85b0-03e2ed303757","at":1.0}],"road_surface":[{"value":"paved","between":null}],"sources":[{"property":"","dataset":"OpenStreetMap","license":"ODbL-1.0","record_id":"w210669985@6","update_time":"2023-08-03T04:26:22Z","confidence":null,"between":null}],"version":2}},
{"id":"55ddaf76-a789-490f-afdf-986eb9755287","type":"Feature","geometry":{"type":"LineString","coordinates":[[80.9405591,26.8484397],[80.940766,26.8486692]]},"properties":{"names":{"primary":"Nawal Kishore Halwasiya Road","common":[["hi","नवल किशोर हलवासिया रोड"]],"rules":[{"variant":"common","language":null,"perspectives":null,"value":"Nawal Kishore Halwasiya Road","between":null,"side":null}]},"subtype":"road","class":"residential","connectors":[{"connector_id":"f36cb42a-620b-480c-9ca0-b74202682ece","at":0.0},{"connector_id":"219a0f19-5067-40a8-88a0-e9fb29458db7","at":1.0}],"road_surface":[{"value":"paved","between":null}],"sources":[{"property":"","dataset":"OpenStreetMap","license":"ODbL-1.0","record_id":"w210670142@5","update_time":"2026-01-02T14:35:40Z","confidence":null,"between":null}],"version":1}},
{"id":"f267ae66-0be1-462c-b44a-e82e2e6659e2","type":"Feature","geometry":{"type":"LineString","coordinates":[[80.940766,26.8486692],[80.9411956,26.8491511]]},"properties":{"names":{"primary":"Nawal Kishore Halwasiya Road","common":[["hi","नवल किशोर हलवासिया रोड"]],"rules":[{"variant":"common","language":null,"perspectives":null,"value":"Nawal Kishore Halwasiya Road","between":null,"side":null}]},"subtype":"road","class":"residential","connectors":[{"connector_id":"219a0f19-5067-40a8-88a0-e9fb29458db7","at":0.0},{"connector_id":"6fd9e253-294f-4378-802f-b15df567dc75","at":1.0}],"road_surface":[{"value":"paved","between":null}],"sources":[{"property":"","dataset":"OpenStreetMap","license":"ODbL-1.0","record_id":"w210670142@5","update_time":"2026-01-02T14:35:40Z","confidence":null,"between":null}],"version":1}},
{"id":"7add2cf6-33c9-455c-9560-012c66f67ed6","type":"Feature","geometry":{"type":"LineString","coordinates":[[80.9411956,26.8491511],[80.9415713,26.8488824],[80.9416492,26.848798],[80.9417565,26.8487214]]},"properties":{"subtype":"road","class":"residential","connectors":[{"connector_id":"6fd9e253-294f-4378-802f-b15df567dc75","at":0.0},{"connector_id":"0cf3af0e-fcab-45ca-bec3-9f83612dcc47","at":1.0}],"sources":[{"property":"","dataset":"OpenStreetMap","license":"ODbL-1.0","record_id":"w734398816@2","update_time":"2023-08-03T04:52:58Z","confidence":null,"between":null}],"version":1}},
{"id":"99b8777a-573c-4d63-b906-65aa9bd26ea9","type":"Feature","geometry":{"type":"LineString","coordinates":[[80.9412785,26.8478507],[80.9411391,26.8480182],[80.9410855,26.8482096],[80.9411069,26.8483532]]},"properties":{"subtype":"road","class":"residential","connectors":[{"connector_id":"ee723e42-ee9c-44ca-9919-cf60d9d27e27","at":0.0},{"connector_id":"8884dd17-a467-4b8b-97db-4c58f472d3f1","at":1.0}],"sources":[{"property":"","dataset":"OpenStreetMap","license":"ODbL-1.0","record_id":"w994845767@1","update_time":"2021-10-20T08:24:55Z","confidence":null,"between":null}],"version":1}},
{"id":"52d2e8fd-e698-42a6-81b0-05b95e77623d","type":"Feature","geometry":{"type":"LineString","coordinates":[[80.940766,26.8486692],[80.9408607,26.8486205],[80.9408136,26.8485381],[80.9407989,26.848382],[80.9408805,26.8479074],[80.9409827,26.8475837]]},"properties":{"names":{"primary":"Maharshi Supanch Sudarshan Marg","common":[["hi","महर्षि सुपंच सुदर्शन मार्ग"]],"rules":[{"variant":"common","language":null,"perspectives":null,"value":"Maharshi Supanch Sudarshan Marg","between":null,"side":null}]},"subtype":"road","class":"residential","connectors":[{"connector_id":"219a0f19-5067-40a8-88a0-e9fb29458db7","at":0.0},{"connector_id":"9d4eb49d-9e38-4195-85c2-d6890c8365f7","at":1.0}],"road_surface":[{"value":"paving_stones","between":null}],"sources":[{"property":"","dataset":"OpenStreetMap","license":"ODbL-1.0","record_id":"w210670124@2","update_time":"2019-10-10T01:13:30Z","confidence":null,"between":null}],"version":1}},
{"id":"1b8327f0-4c95-451b-afa0-6e4bf88cd038","type":"Feature","geometry":{"type":"LineString","coordinates":[[80.9403837,26.8482387],[80.9405591,26.8484397]]},"properties":{"names":{"primary":"Nawal Kishore Halwasiya Road","common":[["hi","नवल किशोर हलवासिया रोड"]],"rules":[{"variant":"common","language":null,"perspectives":null,"value":"Nawal Kishore Halwasiya Road","between":null,"side":null}]},"subtype":"road","class":"residential","connectors":[{"connector_id":"324d1022-3adf-46eb-8ee3-768c531c8a78","at":0.0},{"connector_id":"f36cb42a-620b-480c-9ca0-b74202682ece","at":1.0}],"road_surface":[{"value":"paved","between":null}],"sources":[{"property":"","dataset":"OpenStreetMap","license":"ODbL-1.0","record_id":"w210670142@5","update_time":"2026-01-02T14:35:40Z","confidence":null,"between":null}],"version":2}},
{"id":"4aad69f8-28aa-49c8-bd6f-59fb2708f36a","type":"Feature","geometry":{"type":"LineString","coordinates":[[80.9403837,26.8482387],[80.9403107,26.8482913],[80.940122,26.8484274]]},"properties":{"subtype":"road","class":"residential","connectors":[{"connector_id":"324d1022-3adf-46eb-8ee3-768c531c8a78","at":0.0},{"connector_id":"6390df48-51a5-4982-8b0d-0e7158d27394","at":1.0}],"road_surface":[{"value":"paved","between":null}],"sources":[{"property":"","dataset":"OpenStreetMap","license":"ODbL-1.0","record_id":"w210669990@2","update_time":"2025-12-26T15:19:01Z","confidence":null,"between":null}],"version":2}},
{"id":"e1d1dd2f-bc0b-4d4e-bf1d-e977044381ba","type":"Feature","geometry":{"type":"LineString","coordinates":[[80.9396802,26.8481052],[80.9398563,26.8482487],[80.9400297,26.848316],[80.940122,26.8484274]]},"properties":{"subtype":"road","class":"residential","connectors":[{"connector_id":"5c6ccc27-fa7e-4875-8d38-250e90243ed3","at":0.0},{"connector_id":"6390df48-51a5-4982-8b0d-0e7158d27394","at":1.0}],"road_surface":[{"value":"paved","between":null}],"sources":[{"property":"","dataset":"OpenStreetMap","license":"ODbL-1.0","record_id":"w210670105@2","update_time":"2025-12-25T09:50:46Z","confidence":null,"between":null}],"version":2}},
{"id":"5eb79954-c447-4b18-8a07-e319b6fcbbdb","type":"Feature","geometry":{"type":"LineString","coordinates":[[80.9401772,26.848016],[80.9403837,26.8482387]]},"properties":{"names":{"primary":"Nawal Kishore Halwasiya Road","common":[["hi","नवल किशोर हलवासिया रोड"]],"rules":[{"variant":"common","language":null,"perspectives":null,"value":"Nawal Kishore Halwasiya Road","between":null,"side":null}]},"subtype":"road","class":"residential","connectors":[{"connector_id":"fc7c50b2-64b5-452e-b125-b8f139a504fb","at":0.0},{"connector_id":"324d1022-3adf-46eb-8ee3-768c531c8a78","at":1.0}],"road_surface":[{"value":"paved","between":null}],"sources":[{"property":"","dataset":"OpenStreetMap","license":"ODbL-1.0","record_id":"w210670142@5","update_time":"2026-01-02T14:35:40Z","confidence":null,"between":null}],"version":2}},
{"id":"7eba0572-6404-444c-b5cb-974012eba854","type":"Feature","geometry":{"type":"LineString","coordinates":[[80.9401772,26.848016],[80.9402311,26.8479506],[80.9402446,26.8478898],[80.9402306,26.8478257]]},"properties":{"subtype":"road","class":"residential","connectors":[{"connector_id":"fc7c50b2-64b5-452e-b125-b8f139a504fb","at":0.0},{"connector_id":"a652a203-029b-46ac-9a11-957e45c1669f","at":1.0}],"road_surface":[{"value":"paved","between":null}],"sources":[{"property":"","dataset":"OpenStreetMap","license":"ODbL-1.0","record_id":"w210669925@1","update_time":"2019-07-21T12:59:51Z","confidence":null,"between":null}],"version":1}},
{"id":"062355be-1b37-4242-b1cc-41e9f793e169","type":"Feature","geometry":{"type":"LineString","coordinates":[[80.939893,26.8478184],[80.9398754,26.8478878],[80.9398867,26.8479454]]},"properties":{"subtype":"road","class":"residential","connectors":[{"connector_id":"2f53e6b4-4061-4be1-8f1e-b8ab1eb616a5","at":0.0},{"connector_id":"ed1c7a5e-e476-435c-89af-c1363d8b0a38","at":1.0}],"road_surface":[{"value":"paved","between":null}],"sources":[{"property":"","dataset":"OpenStreetMap","license":"ODbL-1.0","record_id":"w210669925@1","update_time":"2019-07-21T12:59:51Z","confidence":null,"between":null}],"version":1}},
{"id":"8d944b6b-944e-4a17-bd13-b08538fe496f","type":"Feature","geometry":{"type":"LineString","coordinates":[[80.9398867,26.8479454],[80.9399227,26.8479988],[80.9399857,26.8480395],[80.9400627,26.8480534],[80.9401304,26.848041],[80.9401772,26.848016]]},"properties":{"subtype":"road","class":"residential","connectors":[{"connector_id":"ed1c7a5e-e476-435c-89af-c1363d8b0a38","at":0.0},{"connector_id":"fc7c50b2-64b5-452e-b125-b8f139a504fb","at":1.0}],"road_surface":[{"value":"paved","between":null}],"sources":[{"property":"","dataset":"OpenStreetMap","license":"ODbL-1.0","record_id":"w210669925@1","update_time":"2019-07-21T12:59:51Z","confidence":null,"between":null}],"version":1}},
{"id":"0f6aa5d2-7e98-4c64-9140-75928692b13b","type":"Feature","geometry":{"type":"LineString","coordinates":[[80.9398867,26.8479454],[80.939747,26.8480334],[80.9396802,26.8481052]]},"properties":{"names":{"primary":"Capper Road","common":null,"rules":[{"variant":"common","language":null,"perspectives":null,"value":"Capper Road","between":null,"side":null}]},"subtype":"road","class":"residential","connectors":[{"connector_id":"ed1c7a5e-e476-435c-89af-c1363d8b0a38","at":0.0},{"connector_id":"5c6ccc27-fa7e-4875-8d38-250e90243ed3","at":1.0}],"road_surface":[{"value":"paved","between":null}],"sources":[{"property":"","dataset":"OpenStreetMap","license":"ODbL-1.0","record_id":"w210669985@6","update_time":"2023-08-03T04:26:22Z","confidence":null,"between":null}],"version":1}},
{"id":"56acca7c-82ce-4a24-8134-6a636523e494","type":"Feature","geometry":{"type":"LineString","coordinates":[[80.9394651,26.8476384],[80.9390754,26.8480729],[80.9390725,26.8480974],[80.939086,26.8481174],[80.9393839,26.8484234]]},"properties":{"subtype":"road","class":"unknown","connectors":[{"connector_id":"3ede93f5-548d-4d8d-a787-8435001c4a91","at":0.0},{"connector_id":"457b56d9-ecff-4165-86ef-da8851357a3f","at":1.0}],"sources":[{"property":"","dataset":"TomTom","license":"ODbL-1.0","record_id":null,"update_time":null,"confidence":null,"between":null}],"version":1}},
{"id":"d9486776-5b13-4531-aa20-cde1adb4f9dc","type":"Feature","geometry":{"type":"LineString","coordinates":[[80.9391656,26.8475645],[80.9390298,26.8477047],[80.9389911,26.8477372],[80.9389359,26.847779],[80.9388436,26.8478478]]},"properties":{"subtype":"road","class":"unknown","connectors":[{"connector_id":"2f8e7118-5643-4baf-bdfe-69a6e465e265","at":0.0},{"connector_id":"48b53f2e-63ae-4f44-94e8-561a0efbbbed","at":1.0}],"sources":[{"property":"","dataset":"TomTom","license":"ODbL-1.0","record_id":null,"update_time":null,"confidence":null,"between":null}],"version":1}},
{"id":"c513fbe9-86df-49ea-9a28-56ed0d3fdf94","type":"Feature","geometry":{"type":"LineString","coordinates":[[80.9400271,26.8477266],[80.939996,26.8477342],[80.9399365,26.8477663]]},"properties":{"subtype":"road","class":"residential","connectors":[{"connector_id":"8eabe2c3-670d-490e-ae84-dc8dbbafe313","at":0.0},{"connector_id":"5f568391-8ad1-4636-9560-973568f76258","at":1.0}],"road_surface":[{"value":"paved","between":null}],"sources":[{"property":"","dataset":"OpenStreetMap","license":"ODbL-1.0","record_id":"w210669925@1","update_time":"2019-07-21T12:59:51Z","confidence":null,"between":null}],"version":1}},
{"id":"cf34b1ab-81c0-4166-b643-f83b56a5223a","type":"Feature","geometry":{"type":"LineString","coordinates":[[80.9399365,26.8477663],[80.939893,26.8478184]]},"properties":{"subtype":"road","class":"residential","connectors":[{"connector_id":"5f568391-8ad1-4636-9560-973568f76258","at":0.0},{"connector_id":"2f53e6b4-4061-4be1-8f1e-b8ab1eb616a5","at":1.0}],"road_surface":[{"value":"paved","between":null}],"sources":[{"property":"","dataset":"OpenStreetMap","license":"ODbL-1.0","record_id":"w210669925@1","update_time":"2019-07-21T12:59:51Z","confidence":null,"between":null}],"version":1}},
{"id":"7d4f6a86-dfcd-4851-8d86-68dfbd6e0126","type":"Feature","geometry":{"type":"LineString","coordinates":[[80.9402306,26.8478257],[80.9401941,26.8477754],[80.9401468,26.8477433],[80.9400918,26.8477264],[80.9400271,26.8477266]]},"properties":{"subtype":"road","class":"residential","connectors":[{"connector_id":"a652a203-029b-46ac-9a11-957e45c1669f","at":0.0},{"connector_id":"8eabe2c3-670d-490e-ae84-dc8dbbafe313","at":1.0}],"road_surface":[{"value":"paved","between":null}],"sources":[{"property":"","dataset":"OpenStreetMap","license":"ODbL-1.0","record_id":"w210669925@1","update_time":"2019-07-21T12:59:51Z","confidence":null,"between":null}],"version":1}},
{"id":"99c067fa-a1e0-4770-9cc4-bb832d778810","type":"Feature","geometry":{"type":"LineString","coordinates":[[80.9402306,26.8478257],[80.9406851,26.8476793]]},"properties":{"subtype":"road","class":"residential","connectors":[{"connector_id":"a652a203-029b-46ac-9a11-957e45c1669f","at":0.0},{"connector_id":"304c58a2-5aca-4f71-b58e-2e3145968772","at":1.0}],"road_surface":[{"value":"paved","between":null}],"sources":[{"property":"","dataset":"OpenStreetMap","license":"ODbL-1.0","record_id":"w210670154@6","update_time":"2025-08-03T01:49:15Z","confidence":null,"between":null}],"version":1}},
{"id":"e9141722-a510-468c-a627-56027c4597d1","type":"Feature","geometry":{"type":"LineString","coordinates":[[80.9406851,26.8476793],[80.9408188,26.8476418]]},"properties":{"subtype":"road","class":"residential","connectors":[{"connector_id":"304c58a2-5aca-4f71-b58e-2e3145968772","at":0.0},{"connector_id":"a591cda3-c5db-4b97-ba99-991e3ae8c443","at":1.0}],"road_surface":[{"value":"paved","between":null}],"sources":[{"property":"","dataset":"OpenStreetMap","license":"ODbL-1.0","record_id":"w210670154@6","update_time":"2025-08-03T01:49:15Z","confidence":null,"between":null}],"version":1}},
{"id":"88fb8b8d-d377-44a9-969a-50643ecc5597","type":"Feature","geometry":{"type":"LineString","coordinates":[[80.9412785,26.8478507],[80.941182,26.8476354],[80.9410935,26.8475481]]},"properties":{"subtype":"road","class":"residential","connectors":[{"connector_id":"ee723e42-ee9c-44ca-9919-cf60d9d27e27","at":0.0},{"connector_id":"fa94ac82-52ef-4031-b834-73f30cb87407","at":1.0}],"sources":[{"property":"","dataset":"OpenStreetMap","license":"ODbL-1.0","record_id":"w994845766@1","update_time":"2021-10-20T08:24:55Z","confidence":null,"between":null}],"version":1}},
{"id":"f546dccd-c72c-4d85-8eff-6bec7d5d8fcc","type":"Feature","geometry":{"type":"LineString","coordinates":[[80.9408188,26.8476418],[80.9407596,26.8478764],[80.9406136,26.8483856],[80.9405591,26.8484397]]},"properties":{"subtype":"road","class":"residential","connectors":[{"connector_id":"a591cda3-c5db-4b97-ba99-991e3ae8c443","at":0.0},{"connector_id":"f36cb42a-620b-480c-9ca0-b74202682ece","at":1.0}],"road_surface":[{"value":"paved","between":null}],"sources":[{"property":"","dataset":"OpenStreetMap","license":"ODbL-1.0","record_id":"w210670037@2","update_time":"2019-10-10T01:13:30Z","confidence":null,"between":null}],"version":1}},
{"id":"f71e2981-6148-41a6-a059-164f86277003","type":"Feature","geometry":{"type":"LineString","coordinates":[[80.9412785,26.8478507],[80.9414824,26.8480948]]},"properties":{"subtype":"road","class":"residential","connectors":[{"connector_id":"ee723e42-ee9c-44ca-9919-cf60d9d27e27","at":0.0},{"connector_id":"0b48e637-7b8e-4f7c-9fb9-26a6b12bfc2c","at":1.0}],"sources":[{"property":"","dataset":"OpenStreetMap","license":"ODbL-1.0","record_id":"w994845768@1","update_time":"2021-10-20T08:24:55Z","confidence":null,"between":null}],"version":1}},
{"id":"2f9c7c8e-89fb-4391-a249-bb3220ed1d59","type":"Feature","geometry":{"type":"LineString","coordinates":[[80.9414623,26.8474233],[80.9419978,26.8481047]]},"properties":{"subtype":"road","class":"service","connectors":[{"connector_id":"cf000456-e13f-431c-9f2b-cfebe5dfb0a1","at":0.0},{"connector_id":"67599b1b-51dc-4271-b6a1-5e7ef367509f","at":1.0}],"sources":[{"property":"","dataset":"OpenStreetMap","license":"ODbL-1.0","record_id":"w733126159@1","update_time":"2019-10-10T01:10:27Z","confidence":null,"between":null}],"version":1}},
{"id":"f976b4e9-4f4a-4985-8d30-b4587b0eed40","type":"Feature","geometry":{"type":"LineString","coordinates":[[80.9437182,26.848329],[80.9436142,26.8483952]]},"properties":{"subtype":"road","class":"steps","connectors":[{"connector_id":"3e01cb52-bb0d-4ed9-8e8a-1b169dd49dae","at":0.0},{"connector_id":"e323d139-39c5-49ff-aae9-c36d64e31edd","at":1.0}],"sources":[{"property":"","dataset":"OpenStreetMap","license":"ODbL-1.0","record_id":"w1463707542@1","update_time":"2026-01-02T14:35:40Z","confidence":null,"between":null}],"version":1}},
{"id":"2717e1e8-7d48-40a5-b7a8-f04d44bca7b6","type":"Feature","geometry":{"type":"LineString","coordinates":[[80.9437182,26.848329],[80.9436186,26.8483998]]},"properties":{"subtype":"road","class":"steps","connectors":[{"connector_id":"3e01cb52-bb0d-4ed9-8e8a-1b169dd49dae","at":0.0},{"connector_id":"200c897a-17b7-4b57-818b-81e9cb4363ff","at":1.0}],"sources":[{"property":"","dataset":"OpenStreetMap","license":"ODbL-1.0","record_id":"w1463707543@1","update_time":"2026-01-02T14:35:40Z","confidence":null,"between":null}],"version":1}},
{"id":"41754a45-19ba-4283-9748-c27f0ad58f0c","type":"Feature","geometry":{"type":"LineString","coordinates":[[80.9437352,26.8483165],[80.9437528,26.8483359]]},"properties":{"subtype":"road","class":"footway","connectors":[{"connector_id":"4d83a8df-1158-4f02-8784-735f0044dae0","at":0.0},{"connector_id":"a882064c-d6fb-4074-9511-206adb9a6de9","at":1.0}],"sources":[{"property":"","dataset":"OpenStreetMap","license":"ODbL-1.0","record_id":"w1463707547@1","update_time":"2026-01-02T14:35:40Z","confidence":null,"between":null}],"version":1}},
{"id":"b5116c55-d473-4d6a-82f2-d0e0222d4535","type":"Feature","geometry":{"type":"LineString","coordinates":[[80.9437352,26.8483165],[80.9437298,26.8483203],[80.9437275,26.8483219]]},"properties":{"subtype":"road","class":"steps","connectors":[{"connector_id":"4d83a8df-1158-4f02-8784-735f0044dae0","at":0.0},{"connector_id":"3ba6beda-bd92-481d-ac33-648a1009d565","at":1.0}],"sources":[{"property":"","dataset":"OpenStreetMap","license":"ODbL-1.0","record_id":"w1463707541@1","update_time":"2026-01-02T14:35:40Z","confidence":null,"between":null}],"version":1}},
{"id":"7e093c65-993f-4f2a-8f0c-d0612f3c6a62","type":"Feature","geometry":{"type":"LineString","coordinates":[[80.9437275,26.8483219],[80.9437182,26.848329]]},"properties":{"subtype":"road","class":"footway","connectors":[{"connector_id":"3ba6beda-bd92-481d-ac33-648a1009d565","at":0.0},{"connector_id":"3e01cb52-bb0d-4ed9-8e8a-1b169dd49dae","at":1.0}],"sources":[{"property":"","dataset":"OpenStreetMap","license":"ODbL-1.0","record_id":"w1463707544@1","update_time":"2026-01-02T14:35:40Z","confidence":null,"between":null}],"version":1}},
{"id":"eaa76c67-749f-49fc-8970-d56a223b2ca9","type":"Feature","geometry":{"type":"LineString","coordinates":[[80.9452131,26.8474157],[80.9447188,26.8477474],[80.9444581,26.8479224],[80.9441372,26.8481392],[80.9436684,26.8484559],[80.9429516,26.8489639],[80.94278,26.8490856],[80.9426273,26.8491938],[80.9425977,26.8492148],[80.9425888,26.8492211]]},"properties":{"names":{"primary":"Mahatma Gandhi Road","common":null,"rules":[{"variant":"common","language":null,"perspectives":null,"value":"Mahatma Gandhi Road","between":null,"side":null}]},"subtype":"road","class":"primary","connectors":[{"connector_id":"685d4f53-49fd-4ab5-90e0-8adbf458528f","at":0.0},{"connector_id":"9a06d540-7196-40ea-b071-efcc655035ce","at":0.186640894},{"connector_id":"595d732d-926a-41f9-868e-c5b3bfc36db4","at":0.285089061},{"connector_id":"b9c643c0-8c46-4a5e-8fdc-bb4058992d8d","at":0.406551633},{"connector_id":"b6c979b9-912c-4b48-bec1-b7311912ebab","at":0.860188756},{"connector_id":"c61fafc6-5f2e-445c-9e8e-621118c497dc","at":0.926327733},{"connector_id":"7e80f310-bc06-401e-9c6c-e71e1f3a4709","at":0.985162078},{"connector_id":"a1632e35-6a27-471a-a5e7-4ad732d47565","at":1.0}],"road_surface":[{"value":"paved","between":null}],"access_restrictions":[{"access_type":"denied","when":{"during":null,"heading":"backward","using":null,"recognized":null,"mode":null,"vehicle":null},"between":null}],"routes":[{"name":"National Highway 24B","network":"IN:NH","ref":null,"symbol":null,"wikidata":null,"between":null}],"sources":[{"property":"/routes","dataset":"OpenStreetMap","license":"ODbL-1.0","record_id":"r1425755@88","update_time":null,"confidence":null,"between":null},{"property":"","dataset":"OpenStreetMap","license":"ODbL-1.0","record_id":"w210669986@25","update_time":"2026-04-06T10:29:50Z","confidence":null,"between":null}],"version":4}},
{"id":"092db499-7c1f-43ae-a799-cb09c63e41df","type":"Feature","geometry":{"type":"LineString","coordinates":[[80.9441372,26.8481392],[80.9440981,26.8480988]]},"properties":{"subtype":"road","class":"footway","connectors":[{"connector_id":"b9c643c0-8c46-4a5e-8fdc-bb4058992d8d","at":0.0},{"connector_id":"97155378-be79-4130-944b-542eeee51acd","at":1.0}],"sources":[{"property":"","dataset":"OpenStreetMap","license":"ODbL-1.0","record_id":"w1463707546@1","update_time":"2026-01-02T14:35:40Z","confidence":null,"between":null}],"version":1}},
{"id":"97682385-5571-4955-9572-496899b9da7b","type":"Feature","geometry":{"type":"LineString","coordinates":[[80.9444365,26.8478976],[80.9444581,26.8479224],[80.9445358,26.8480122],[80.9445492,26.8480278]]},"properties":{"subtype":"road","class":"footway","subclass":"crosswalk","subclass_rules":[{"value":"crosswalk","between":null}],"connectors":[{"connector_id":"874992c0-2d6e-4974-919b-44ef502555eb","at":0.0},{"connector_id":"595d732d-926a-41f9-868e-c5b3bfc36db4","at":0.190921727},{"connector_id":"b96cd987-7e7e-4226-80b8-bb38a0b81504","at":0.880528224},{"connector_id":"fc71c1f2-958c-44e6-829c-32110503ca77","at":1.0}],"road_surface":[{"value":"paved","between":null}],"sources":[{"property":"","dataset":"OpenStreetMap","license":"ODbL-1.0","record_id":"w1419610458@1","update_time":"2025-08-03T10:54:41Z","confidence":null,"between":null}],"version":1}},
{"id":"be31e42f-5ed1-4913-b09c-beeb6fa6b249","type":"Feature","geometry":{"type":"LineString","coordinates":[[80.9447775,26.847841],[80.9447188,26.8477474]]},"properties":{"subtype":"road","class":"unknown","connectors":[{"connector_id":"89d49e77-8b3e-4391-8d1f-2fbc46463a64","at":0.0},{"connector_id":"9a06d540-7196-40ea-b071-efcc655035ce","at":1.0}],"sources":[{"property":"","dataset":"TomTom","license":"ODbL-1.0","record_id":null,"update_time":null,"confidence":null,"between":null}],"version":1}},
{"id":"c219495d-8591-4d38-9c8c-0d8ceffe69ad","type":"Feature","geometry":{"type":"LineString","coordinates":[[80.9442593,26.8476795],[80.9444365,26.8478976]]},"properties":{"subtype":"road","class":"service","connectors":[{"connector_id":"8baf4c71-979c-4d03-8b08-0f605202c280","at":0.0},{"connector_id":"874992c0-2d6e-4974-919b-44ef502555eb","at":1.0}],"road_surface":[{"value":"paved","between":null}],"sources":[{"property":"","dataset":"OpenStreetMap","license":"ODbL-1.0","record_id":"w1419507093@2","update_time":"2025-08-03T10:54:41Z","confidence":null,"between":null}],"version":1}},
{"id":"d97e31c6-7b39-456f-b310-f45baa82f692","type":"Feature","geometry":{"type":"LineString","coordinates":[[80.9437334,26.8485339],[80.9445358,26.8480122],[80.9447775,26.847841],[80.9452044,26.8475512],[80.945251,26.8475196],[80.9453598,26.8474458],[80.9455193,26.8473285],[80.9457811,26.8471407],[80.9459493,26.84702],[80.9460573,26.846947],[80.946097,26.846914],[80.9461852,26.8469017],[80.9462131,26.8469111],[80.9462202,26.8469175],[80.9462693,26.8469617]]},"properties":{"names":{"primary":"Mahatma Gandhi Road","common":null,"rules":[{"variant":"common","language":null,"perspectives":null,"value":"Mahatma Gandhi Road","between":null,"side":null}]},"subtype":"road","class":"primary","connectors":[{"connector_id":"b1c744d4-34db-48c3-8f50-b30cb29eb1f3","at":0.0},{"connector_id":"b96cd987-7e7e-4226-80b8-bb38a0b81504","at":0.312218044},{"connector_id":"89d49e77-8b3e-4391-8d1f-2fbc46463a64","at":0.409243988},{"connector_id":"c74d0cdc-9044-490c-bca0-21f1e8b94f31","at":0.577912598},{"connector_id":"dbf4a824-0e67-427e-bbd0-a228def228ea","at":0.596317054},{"connector_id":"e638f393-5349-4963-bfbd-6f27354e4bb7","at":0.639291673},{"connector_id":"89c3a341-7ea1-4910-8608-68f418cd9f4d","at":0.809883598},{"connector_id":"8a1a4043-b44b-4a2a-984f-5f9336e560de","at":0.877745839},{"connector_id":"3eb4e735-2ea5-41d9-9565-c427a8998a9f","at":0.920350128},{"connector_id":"267172bb-bb13-4fd3-b4b0-0e24dea986ae","at":0.978084422},{"connector_id":"ccb55833-1f6b-4b5d-9f87-c3fa7568c80b","at":1.0}],"road_surface":[{"value":"paved","between":null}],"access_restrictions":[{"access_type":"denied","when":{"during":null,"heading":"backward","using":null,"recognized":null,"mode":null,"vehicle":null},"between":null}],"sources":[{"property":"","dataset":"OpenStreetMap","license":"ODbL-1.0","record_id":"w210669987@22","update_time":"2026-06-10T08:43:20Z","confidence":null,"between":null}],"version":1}},
{"id":"318436a9-b47f-4191-a372-c29fb9042138","type":"Feature","geometry":{"type":"LineString","coordinates":[[80.9451371,26.8478409],[80.9452689,26.847747]]},"properties":{"subtype":"road","class":"footway","connectors":[{"connector_id":"3207f630-6c9e-4128-aeea-aa9088e03fe3","at":0.0},{"connector_id":"79266e4b-6408-4313-ad4d-545b3d4c7cb0","at":1.0}],"sources":[{"property":"","dataset":"OpenStreetMap","license":"ODbL-1.0","record_id":"w1419666786@1","update_time":"2025-08-03T16:07:16Z","confidence":null,"between":null}],"version":1}},
{"id":"c15aee2e-8c64-4d93-b48d-b61f14599b19","type":"Feature","geometry":{"type":"LineString","coordinates":[[80.9460891,26.8474802],[80.9456545,26.8477748],[80.945529,26.8478594],[80.9454861,26.8478883],[80.9450746,26.8481658]]},"properties":{"subtype":"road","class":"service","connectors":[{"connector_id":"96a86370-2d98-46d8-ad4a-cc7b05e89300","at":0.0},{"connector_id":"797ddeaa-7739-4b7b-91c4-06d1b421ec0b","at":0.42886265},{"connector_id":"3a16bff6-8b6d-4c23-b369-24093bc83e91","at":0.552456405},{"connector_id":"f7992e8b-adc4-490b-9d56-7b1e22632e24","at":0.594694735},{"connector_id":"2e4e1080-1df9-437d-b380-94c6a3e405da","at":1.0}],"sources":[{"property":"","dataset":"OpenStreetMap","license":"ODbL-1.0","record_id":"w1419733367@2","update_time":"2026-04-05T13:06:26Z","confidence":null,"between":null}],"version":2}},
{"id":"52f1695f-a244-440f-9ebf-f956e5d3c2e6","type":"Feature","geometry":{"type":"LineString","coordinates":[[80.9452044,26.8475512],[80.9454861,26.8478883]]},"properties":{"subtype":"road","class":"service","connectors":[{"connector_id":"c74d0cdc-9044-490c-bca0-21f1e8b94f31","at":0.0},{"connector_id":"f7992e8b-adc4-490b-9d56-7b1e22632e24","at":1.0}],"sources":[{"property":"","dataset":"OpenStreetMap","license":"ODbL-1.0","record_id":"w1419733370@1","update_time":"2025-08-03T23:06:46Z","confidence":null,"between":null}],"version":1}},
{"id":"58e3e7b1-be0d-447c-8626-4f7a636d2fa1","type":"Feature","geometry":{"type":"LineString","coordinates":[[80.945251,26.8475196],[80.945529,26.8478594]]},"properties":{"subtype":"road","class":"service","connectors":[{"connector_id":"dbf4a824-0e67-427e-bbd0-a228def228ea","at":0.0},{"connector_id":"3a16bff6-8b6d-4c23-b369-24093bc83e91","at":1.0}],"sources":[{"property":"","dataset":"OpenStreetMap","license":"ODbL-1.0","record_id":"w1496526468@1","update_time":"2026-04-05T13:06:26Z","confidence":null,"between":null}],"version":1}},
{"id":"cbfa7493-430e-4c59-bcfe-09cf4c89719f","type":"Feature","geometry":{"type":"LineString","coordinates":[[80.9447775,26.847841],[80.9450746,26.8481658],[80.9453613,26.8484792],[80.9454317,26.8485498],[80.9459357,26.8482431],[80.9459567,26.8482303],[80.946469,26.8478965],[80.9460891,26.8474802],[80.9460382,26.8474244],[80.9459859,26.8473671],[80.9458227,26.8471882],[80.9458131,26.8471777],[80.9457811,26.8471407]]},"properties":{"subtype":"road","class":"service","connectors":[{"connector_id":"89d49e77-8b3e-4391-8d1f-2fbc46463a64","at":0.0},{"connector_id":"2e4e1080-1df9-437d-b380-94c6a3e405da","at":0.138521268},{"connector_id":"f35aa7f6-8236-4e48-9b3a-4e7418663ced","at":0.483533367},{"connector_id":"96a86370-2d98-46d8-ad4a-cc7b05e89300","at":0.85568092},{"connector_id":"e65381ea-05f3-4bba-961a-ac8afe2cb3b4","at":0.980083169},{"connector_id":"14b4d30c-15ad-40a7-a8f7-29eb51dc5432","at":0.984560391},{"connector_id":"89c3a341-7ea1-4910-8608-68f418cd9f4d","at":1.0}],"sources":[{"property":"","dataset":"OpenStreetMap","license":"ODbL-1.0","record_id":"w756177960@4","update_time":"2026-04-05T12:36:17Z","confidence":null,"between":[0.0,0.879450798]},{"property":"","dataset":"OpenStreetMap","license":"ODbL-1.0","record_id":"w1496518843@1","update_time":"2026-04-05T12:36:17Z","confidence":null,"between":[0.879450798,0.903880814]},{"property":"","dataset":"OpenStreetMap","license":"ODbL-1.0","record_id":"w1496518844@1","update_time":"2026-04-05T12:36:17Z","confidence":null,"between":[0.903880814,1.0]}],"version":3}},
{"id":"8f509b75-5ca1-4873-9654-581559a492f4","type":"Feature","geometry":{"type":"LineString","coordinates":[[80.9463932,26.848231],[80.9469475,26.8478654]]},"properties":{"subtype":"road","class":"residential","connectors":[{"connector_id":"8e874991-8923-4d67-996b-9ad23aa49638","at":0.0},{"connector_id":"42a24c2b-109a-4220-9c13-731a29d05636","at":1.0}],"road_surface":[{"value":"paved","between":null}],"sources":[{"property":"","dataset":"OpenStreetMap","license":"ODbL-1.0","record_id":"w1419733369@1","update_time":"2026-03-28T11:49:14Z","confidence":null,"between":null}],"version":1}},
{"id":"592aaae2-ffa1-4921-95ae-c50062be7ff3","type":"Feature","geometry":{"type":"LineString","coordinates":[[80.94826,26.8474599],[80.9486213,26.8478679]]},"properties":{"subtype":"road","class":"service","connectors":[{"connector_id":"64a02ad7-6aa6-4118-9f16-a32a2162cdc8","at":0.0},{"connector_id":"9a465a2a-0a7c-4a05-9520-13ef6572c99a","at":1.0}],"road_surface":[{"value":"paved","between":null}],"sources":[{"property":"","dataset":"OpenStreetMap","license":"ODbL-1.0","record_id":"w210669945@1","update_time":"2013-03-17T23:31:50Z","confidence":null,"between":null}],"version":1}},
{"id":"8c7727ed-5e56-4bac-8e15-6674b69c605b","type":"Feature","geometry":{"type":"LineString","coordinates":[[80.9471633,26.8474548],[80.9474818,26.8475762],[80.9477385,26.8477202],[80.9479948,26.8478639],[80.9485317,26.8482609],[80.948633,26.8483453]]},"properties":{"subtype":"road","class":"residential","connectors":[{"connector_id":"74f17220-cfbd-48d5-86b8-1574d234b59a","at":0.0},{"connector_id":"c68dcffe-f076-4f4a-a14a-9b4ef17f064b","at":0.363461157},{"connector_id":"b46e1b6a-1c05-4429-b1d8-d417ab7c03f6","at":1.0}],"road_surface":[{"value":"paved","between":null}],"sources":[{"property":"","dataset":"OpenStreetMap","license":"ODbL-1.0","record_id":"w210669919@5","update_time":"2022-10-18T07:06:04Z","confidence":null,"between":null}],"version":1}},
{"id":"1b9e1366-4137-4cb5-a0e1-2de14fc0095b","type":"Feature","geometry":{"type":"LineString","coordinates":[[80.9472136,26.8481846],[80.9474854,26.8479495],[80.9475069,26.8479301],[80.9477385,26.8477202]]},"properties":{"subtype":"road","class":"service","connectors":[{"connector_id":"d83ad10f-ab66-4970-86b2-33071322cae7","at":0.0},{"connector_id":"572cbe7f-0c20-41c0-a2a4-19e8024f0406","at":0.5534673},{"connector_id":"c68dcffe-f076-4f4a-a14a-9b4ef17f064b","at":1.0}],"sources":[{"property":"","dataset":"OpenStreetMap","license":"ODbL-1.0","record_id":"w1104877564@2","update_time":"2022-11-04T12:16:10Z","confidence":null,"between":null}],"version":2}},
{"id":"1dbec63f-ac8b-4e08-8050-dd0b3c51fcd9","type":"Feature","geometry":{"type":"LineString","coordinates":[[80.948633,26.8483453],[80.9490456,26.8484606]]},"properties":{"subtype":"road","class":"residential","connectors":[{"connector_id":"b46e1b6a-1c05-4429-b1d8-d417ab7c03f6","at":0.0},{"connector_id":"4b8f3ad4-7a7a-4461-9049-b134fffa4430","at":1.0}],"road_surface":[{"value":"paved","between":null}],"sources":[{"property":"","dataset":"OpenStreetMap","license":"ODbL-1.0","record_id":"w210669919@5","update_time":"2022-10-18T07:06:04Z","confidence":null,"between":null}],"version":1}},
{"id":"d4f951d8-c77d-4d5e-b4cc-aa2cf8f25646","type":"Feature","geometry":{"type":"LineString","coordinates":[[80.9469475,26.8478654],[80.9470145,26.848024],[80.9472361,26.8485494]]},"properties":{"names":{"primary":"Ashok Marg","common":null,"rules":[{"variant":"common","language":null,"perspectives":null,"value":"Ashok Marg","between":null,"side":null}]},"subtype":"road","class":"primary","connectors":[{"connector_id":"42a24c2b-109a-4220-9c13-731a29d05636","at":0.0},{"connector_id":"3405d01f-6af8-4b3f-a62d-203c170c22ae","at":1.0}],"road_surface":[{"value":"paved","between":null}],"access_restrictions":[{"access_type":"denied","when":{"during":null,"heading":"backward","using":null,"recognized":null,"mode":null,"vehicle":null},"between":null}],"sources":[{"property":"","dataset":"OpenStreetMap","license":"ODbL-1.0","record_id":"w209442104@10","update_time":"2026-04-05T13:20:35Z","confidence":null,"between":null}],"version":1}},
{"id":"2de40f26-8a56-4bcf-840d-6871f10f624c","type":"Feature","geometry":{"type":"LineString","coordinates":[[80.9459357,26.8482431],[80.9460888,26.8484289]]},"properties":{"subtype":"road","class":"service","connectors":[{"connector_id":"f35aa7f6-8236-4e48-9b3a-4e7418663ced","at":0.0},{"connector_id":"b75fbb31-7387-4aeb-bc81-c9b89c0872b1","at":1.0}],"sources":[{"property":"","dataset":"OpenStreetMap","license":"ODbL-1.0","record_id":"w756177959@1","update_time":"2019-12-17T08:43:04Z","confidence":null,"between":null}],"version":1}},
{"id":"9eaecd5f-7a8d-4016-b7bd-2839cc505b1e","type":"Feature","geometry":{"type":"LineString","coordinates":[[80.9457089,26.848676],[80.9460888,26.8484289],[80.9463932,26.848231]]},"properties":{"subtype":"road","class":"residential","connectors":[{"connector_id":"4a722c69-a699-4c3c-8ff3-ce32533d6440","at":0.0},{"connector_id":"b75fbb31-7387-4aeb-bc81-c9b89c0872b1","at":0.55520518},{"connector_id":"8e874991-8923-4d67-996b-9ad23aa49638","at":1.0}],"road_surface":[{"value":"paved","between":null}],"sources":[{"property":"","dataset":"OpenStreetMap","license":"ODbL-1.0","record_id":"w1419733369@1","update_time":"2026-03-28T11:49:14Z","confidence":null,"between":null}],"version":1}},
{"id":"54699d88-0f26-4c7c-98d5-db37264a81c7","type":"Feature","geometry":{"type":"LineString","coordinates":[[80.9466668,26.8488826],[80.9463932,26.848231]]},"properties":{"subtype":"road","class":"residential","connectors":[{"connector_id":"54294c8a-0aca-482c-82f6-04de580f3558","at":0.0},{"connector_id":"8e874991-8923-4d67-996b-9ad23aa49638","at":1.0}],"road_surface":[{"value":"paved","between":null}],"sources":[{"property":"","dataset":"OpenStreetMap","license":"ODbL-1.0","record_id":"w210669971@1","update_time":"2013-03-17T23:31:52Z","confidence":null,"between":null}],"version":1}},
{"id":"cf12e1b2-2e93-4976-8308-d3804cfa7c81","type":"Feature","geometry":{"type":"LineString","coordinates":[[80.9466668,26.8488826],[80.9472361,26.8485494]]},"properties":{"subtype":"road","class":"residential","connectors":[{"connector_id":"54294c8a-0aca-482c-82f6-04de580f3558","at":0.0},{"connector_id":"3405d01f-6af8-4b3f-a62d-203c170c22ae","at":1.0}],"road_surface":[{"value":"paved","between":null}],"sources":[{"property":"","dataset":"OpenStreetMap","license":"ODbL-1.0","record_id":"w210670155@4","update_time":"2025-08-03T23:06:46Z","confidence":null,"between":null}],"version":1}},
{"id":"c6e66502-1267-4d11-b332-95dafe81ea88","type":"Feature","geometry":{"type":"LineString","coordinates":[[80.9465889,26.8489262],[80.9466668,26.8488826]]},"properties":{"subtype":"road","class":"residential","connectors":[{"connector_id":"4adcae34-0977-4fad-95d7-43c65e0196f3","at":0.0},{"connector_id":"54294c8a-0aca-482c-82f6-04de580f3558","at":1.0}],"road_surface":[{"value":"paved","between":null}],"sources":[{"property":"","dataset":"OpenStreetMap","license":"ODbL-1.0","record_id":"w210670155@4","update_time":"2025-08-03T23:06:46Z","confidence":null,"between":null}],"version":1}},
{"id":"e98016dc-7993-45b1-895e-035d0b1d8946","type":"Feature","geometry":{"type":"LineString","coordinates":[[80.9457089,26.848676],[80.9459726,26.8490455]]},"properties":{"subtype":"road","class":"residential","connectors":[{"connector_id":"4a722c69-a699-4c3c-8ff3-ce32533d6440","at":0.0},{"connector_id":"595cddad-c3b7-4e6d-b052-90c9536bb281","at":1.0}],"sources":[{"property":"","dataset":"OpenStreetMap","license":"ODbL-1.0","record_id":"w1192564189@1","update_time":"2023-07-27T05:19:18Z","confidence":null,"between":null}],"version":1}},
{"id":"0467bbfb-fb5a-468d-a618-a25028f5b8b2","type":"Feature","geometry":{"type":"LineString","coordinates":[[80.9459189,26.8493011],[80.9465889,26.8489262]]},"properties":{"subtype":"road","class":"residential","connectors":[{"connector_id":"952ec043-5718-4708-a8c7-1969765e1df6","at":0.0},{"connector_id":"4adcae34-0977-4fad-95d7-43c65e0196f3","at":1.0}],"road_surface":[{"value":"paved","between":null}],"sources":[{"property":"","dataset":"OpenStreetMap","license":"ODbL-1.0","record_id":"w210670155@4","update_time":"2025-08-03T23:06:46Z","confidence":null,"between":null}],"version":1}},
{"id":"ab13a731-a73d-41ed-a50a-1e6f02ac411b","type":"Feature","geometry":{"type":"LineString","coordinates":[[80.9478632,26.8497468],[80.9476149,26.8491497],[80.9475012,26.8488763],[80.9472136,26.8481846],[80.9471238,26.8479687],[80.9470489,26.8478045],[80.9469918,26.8476792],[80.9467658,26.8473883]]},"properties":{"names":{"primary":"Ashok Marg","common":null,"rules":[{"variant":"common","language":null,"perspectives":null,"value":"Ashok Marg","between":null,"side":null}]},"subtype":"road","class":"primary","connectors":[{"connector_id":"e086e7b8-d926-4884-be7f-dbca13b17194","at":0.0},{"connector_id":"d83ad10f-ab66-4970-86b2-33071322cae7","at":0.650002625},{"connector_id":"65a831c2-4974-42f5-b1f7-4fdb12105471","at":1.0}],"road_surface":[{"value":"paved","between":null}],"access_restrictions":[{"access_type":"denied","when":{"during":null,"heading":"backward","using":null,"recognized":null,"mode":null,"vehicle":null},"between":null}],"sources":[{"property":"","dataset":"OpenStreetMap","license":"ODbL-1.0","record_id":"w209643121@15","update_time":"2026-04-06T08:22:24Z","confidence":null,"between":null}],"version":2}},
{"id":"effd7200-0125-4939-95ab-dfe6422efb96","type":"Feature","geometry":{"type":"LineString","coordinates":[[80.9475069,26.8479301],[80.9475189,26.8479405],[80.9477286,26.8480592],[80.947901,26.8481681],[80.9480544,26.8482681],[80.9481784,26.8483787],[80.9482771,26.8484637],[80.948435,26.8486172],[80.9485243,26.8487371],[80.9488339,26.8492709]]},"properties":{"subtype":"road","class":"unknown","connectors":[{"connector_id":"572cbe7f-0c20-41c0-a2a4-19e8024f0406","at":0.0},{"connector_id":"45574627-9687-4224-8386-1bfb9072ac63","at":1.0}],"sources":[{"property":"","dataset":"TomTom","license":"ODbL-1.0","record_id":null,"update_time":null,"confidence":null,"between":null}],"version":1}},
{"id":"f167d1f1-0bc0-470f-a27e-52ee92a958cf","type":"Feature","geometry":{"type":"LineString","coordinates":[[80.9490456,26.8484606],[80.9496203,26.8487495],[80.9501898,26.848966]]},"properties":{"subtype":"road","class":"residential","connectors":[{"connector_id":"4b8f3ad4-7a7a-4461-9049-b134fffa4430","at":0.0},{"connector_id":"eee7d6c3-1c4e-4775-82de-0686361fce00","at":1.0}],"road_surface":[{"value":"paved","between":null}],"sources":[{"property":"","dataset":"OpenStreetMap","license":"ODbL-1.0","record_id":"w210669919@5","update_time":"2022-10-18T07:06:04Z","confidence":null,"between":null}],"version":1}},
{"id":"c49d6620-458a-47cc-bca1-4af093dfecb9","type":"Feature","geometry":{"type":"LineString","coordinates":[[80.9489155,26.8488187],[80.9489726,26.8487974],[80.9489934,26.8487913],[80.9490089,26.8487916],[80.9490243,26.8487986],[80.9493962,26.8490136]]},"properties":{"subtype":"road","class":"unknown","connectors":[{"connector_id":"54a70e9d-d3b9-4d89-80d3-e21d24d78d2c","at":0.0},{"connector_id":"7bb84807-d65c-4076-9d6e-286e0df4683a","at":1.0}],"sources":[{"property":"","dataset":"TomTom","license":"ODbL-1.0","record_id":null,"update_time":null,"confidence":null,"between":null}],"version":1}},
{"id":"e7ecff3b-3575-455e-b037-43b39de70159","type":"Feature","geometry":{"type":"LineString","coordinates":[[80.948633,26.8483453],[80.9488004,26.848625],[80.9489155,26.8488187],[80.9490349,26.8490197],[80.9492348,26.8493597],[80.9494799,26.8496973],[80.9497212,26.8500034]]},"properties":{"subtype":"road","class":"residential","connectors":[{"connector_id":"b46e1b6a-1c05-4429-b1d8-d417ab7c03f6","at":0.0},{"connector_id":"54a70e9d-d3b9-4d89-80d3-e21d24d78d2c","at":0.278668176},{"connector_id":"5e023379-e6cb-48b6-97d3-5cbf7bd64120","at":1.0}],"road_surface":[{"value":"paved","between":null}],"sources":[{"property":"","dataset":"OpenStreetMap","license":"ODbL-1.0","record_id":"w210670125@1","update_time":"2013-03-17T23:32:07Z","confidence":null,"between":null}],"version":2}},
{"id":"02d1bbf9-a237-4f81-95cd-f69ace711362","type":"Feature","geometry":{"type":"LineString","coordinates":[[80.9501898,26.848966],[80.9504113,26.8490774],[80.9509034,26.8493248],[80.9511363,26.8494455]]},"properties":{"subtype":"road","class":"residential","connectors":[{"connector_id":"eee7d6c3-1c4e-4775-82de-0686361fce00","at":0.0},{"connector_id":"9909765b-0a1b-44da-891f-4d3b285e3d50","at":0.233607951},{"connector_id":"c197520d-8f75-4902-b579-451cd68a8b15","at":1.0}],"road_surface":[{"value":"paved","between":null}],"sources":[{"property":"","dataset":"OpenStreetMap","license":"ODbL-1.0","record_id":"w210669919@5","update_time":"2022-10-18T07:06:04Z","confidence":null,"between":null}],"version":2}},
{"id":"fec19ed9-72b2-47b2-9277-edd5954edffa","type":"Feature","geometry":{"type":"LineString","coordinates":[[80.9516232,26.8496978],[80.9517908,26.8494951],[80.9526408,26.8489501]]},"properties":{"subtype":"road","class":"service","connectors":[{"connector_id":"e826cddd-1b5d-42d4-bd58-c828b6c64532","at":0.0},{"connector_id":"ccab2cee-6de7-4ff4-ae5a-a8ee788d11c4","at":1.0}],"road_surface":[{"value":"paved","between":null}],"sources":[{"property":"","dataset":"OpenStreetMap","license":"ODbL-1.0","record_id":"w212876853@1","update_time":"2013-03-26T23:01:48Z","confidence":null,"between":null}],"version":1}},
{"id":"1c414858-5810-4569-960a-c0f35a57fad1","type":"Feature","geometry":{"type":"LineString","coordinates":[[80.9504113,26.8490774],[80.9504697,26.8489307],[80.950518,26.8488493],[80.950644,26.8486986],[80.9508557,26.8484814]]},"properties":{"subtype":"road","class":"unknown","connectors":[{"connector_id":"9909765b-0a1b-44da-891f-4d3b285e3d50","at":0.0},{"connector_id":"5c2b2615-e872-4af8-90ae-717a2eb5b6a1","at":1.0}],"sources":[{"property":"","dataset":"TomTom","license":"ODbL-1.0","record_id":null,"update_time":null,"confidence":null,"between":null}],"version":1}},
{"id":"3d70df5c-2ecd-4527-b1e9-031d34ee1677","type":"Feature","geometry":{"type":"LineString","coordinates":[[80.9512133,26.8478972],[80.9511168,26.8479725],[80.9506382,26.8484684],[80.9505609,26.8485541],[80.9501898,26.848966]]},"properties":{"subtype":"road","class":"residential","connectors":[{"connector_id":"c190affe-d590-483c-9101-9bbcfea6619b","at":0.0},{"connector_id":"ad24ab01-f754-4374-8bee-ebf8a6e42b47","at":0.624527825},{"connector_id":"eee7d6c3-1c4e-4775-82de-0686361fce00","at":1.0}],"road_surface":[{"value":"paved","between":null}],"sources":[{"property":"","dataset":"OpenStreetMap","license":"ODbL-1.0","record_id":"w212876852@4","update_time":"2022-06-17T06:04:52Z","confidence":null,"between":null}],"version":2}},
{"id":"ee576bef-ad2c-4c80-853b-6c2d4896a625","type":"Feature","geometry":{"type":"LineString","coordinates":[[80.9501454,26.8480348],[80.9502824,26.8482113],[80.9505453,26.8485349],[80.9505575,26.8485499],[80.9505609,26.8485541]]},"properties":{"subtype":"road","class":"unknown","connectors":[{"connector_id":"a3dc648f-5284-4a3e-be3e-b25e2ef0dd46","at":0.0},{"connector_id":"ad24ab01-f754-4374-8bee-ebf8a6e42b47","at":1.0}],"sources":[{"property":"","dataset":"TomTom","license":"ODbL-1.0","record_id":null,"update_time":null,"confidence":null,"between":null}],"version":1}},
{"id":"bbe751a5-d02e-4c31-a64a-e1f2f0d5581f","type":"Feature","geometry":{"type":"LineString","coordinates":[[80.9491642,26.8484147],[80.9489476,26.848091],[80.9487485,26.8477933]]},"properties":{"subtype":"road","class":"service","connectors":[{"connector_id":"d8a1ec28-f0b2-4981-a9b7-fc000d9e0462","at":0.0},{"connector_id":"413ae9bf-9ef4-4c8e-94ea-0bf2f96ed25b","at":0.520954305},{"connector_id":"88da81db-a8fb-4939-a507-e3b04ea2d4bf","at":1.0}],"road_surface":[{"value":"paved","between":null}],"sources":[{"property":"","dataset":"OpenStreetMap","license":"ODbL-1.0","record_id":"w210670034@1","update_time":"2013-03-17T23:31:59Z","confidence":null,"between":null}],"version":1}},
{"id":"5cf6ca60-3cfc-433f-851e-06e69eb21023","type":"Feature","geometry":{"type":"LineString","coordinates":[[80.9490456,26.8484606],[80.9491642,26.8484147],[80.949545,26.8482673],[80.9500364,26.848077],[80.9501454,26.8480348],[80.9506052,26.8478568],[80.9510711,26.8476287]]},"properties":{"subtype":"road","class":"residential","connectors":[{"connector_id":"4b8f3ad4-7a7a-4461-9049-b134fffa4430","at":0.0},{"connector_id":"d8a1ec28-f0b2-4981-a9b7-fc000d9e0462","at":0.057937176},{"connector_id":"bef2ec97-b67b-4628-b27f-81984b49961f","at":0.24396644},{"connector_id":"db2ffee6-8a01-430f-b9c0-31eec8ce9fec","at":0.484044193},{"connector_id":"a3dc648f-5284-4a3e-be3e-b25e2ef0dd46","at":0.537294873},{"connector_id":"455a89ec-8c6d-4d54-8b7f-0dbe7939d1a4","at":1.0}],"road_surface":[{"value":"paved","between":null}],"sources":[{"property":"","dataset":"OpenStreetMap","license":"ODbL-1.0","record_id":"w210670129@1","update_time":"2013-03-17T23:32:09Z","confidence":null,"between":null}],"version":2}},
{"id":"5f1c0bed-1ab6-4076-b673-25ee85f9af8c","type":"Feature","geometry":{"type":"LineString","coordinates":[[80.949545,26.8482673],[80.9493253,26.8478895],[80.9492563,26.847783],[80.9491146,26.8475644]]},"properties":{"subtype":"road","class":"service","connectors":[{"connector_id":"bef2ec97-b67b-4628-b27f-81984b49961f","at":0.0},{"connector_id":"ea961fd6-ac2f-410d-8c26-7a5d2080f024","at":0.531206146},{"connector_id":"bbee3efb-cb39-48f8-80e8-d0142dc188d9","at":0.684765773},{"connector_id":"a7090bbf-31eb-4b73-81b9-d6639c5bb78a","at":1.0}],"road_surface":[{"value":"paved","between":null}],"sources":[{"property":"","dataset":"OpenStreetMap","license":"ODbL-1.0","record_id":"w210670038@1","update_time":"2013-03-17T23:32:00Z","confidence":null,"between":null}],"version":1}},
{"id":"418a7bbf-51f8-464b-a4d8-fddbed3c428f","type":"Feature","geometry":{"type":"LineString","coordinates":[[80.9492563,26.847783],[80.9496865,26.8474955]]},"properties":{"subtype":"road","class":"service","connectors":[{"connector_id":"bbee3efb-cb39-48f8-80e8-d0142dc188d9","at":0.0},{"connector_id":"f676a52f-7a0d-45af-9b34-9ddcac106d91","at":1.0}],"road_surface":[{"value":"paved","between":null}],"sources":[{"property":"","dataset":"OpenStreetMap","license":"ODbL-1.0","record_id":"w210669960@1","update_time":"2013-03-17T23:31:51Z","confidence":null,"between":null}],"version":1}},
{"id":"3fe9145b-51ab-41e9-8c4e-b8b5c96a16ca","type":"Feature","geometry":{"type":"LineString","coordinates":[[80.9500364,26.848077],[80.949872,26.8478038],[80.9496865,26.8474955],[80.9495509,26.8472703]]},"properties":{"subtype":"road","class":"service","connectors":[{"connector_id":"db2ffee6-8a01-430f-b9c0-31eec8ce9fec","at":0.0},{"connector_id":"48c9fc46-2823-49b4-80ad-00f1f6c63bd8","at":0.338653656},{"connector_id":"f676a52f-7a0d-45af-9b34-9ddcac106d91","at":0.720806758},{"connector_id":"9a4e71bb-459b-4a5d-8e96-7be7b8070bf8","at":1.0}],"road_surface":[{"value":"paved","between":null}],"sources":[{"property":"","dataset":"OpenStreetMap","license":"ODbL-1.0","record_id":"w210670046@1","update_time":"2013-03-17T23:32:00Z","confidence":null,"between":null}],"version":1}},
{"id":"da0d8344-7ff1-45ca-aa5d-61e688bf72be","type":"Feature","geometry":{"type":"LineString","coordinates":[[80.9489476,26.848091],[80.9493253,26.8478895],[80.949819,26.8478273],[80.949872,26.8478038],[80.9501403,26.8476846],[80.9502656,26.847629],[80.9506311,26.8474676],[80.9507391,26.8474161]]},"properties":{"subtype":"road","class":"service","connectors":[{"connector_id":"413ae9bf-9ef4-4c8e-94ea-0bf2f96ed25b","at":0.0},{"connector_id":"ea961fd6-ac2f-410d-8c26-7a5d2080f024","at":0.223523957},{"connector_id":"48c9fc46-2823-49b4-80ad-00f1f6c63bd8","at":0.507176294},{"connector_id":"14fe4cc2-a1ac-4c9f-88e3-15ec29c162e3","at":0.659466588},{"connector_id":"eb47d97a-3dc7-4f48-8a8e-0972e4c06b34","at":1.0}],"road_surface":[{"value":"paved","between":null}],"sources":[{"property":"","dataset":"OpenStreetMap","license":"ODbL-1.0","record_id":"w210670145@1","update_time":"2013-03-17T23:32:11Z","confidence":null,"between":null}],"version":1}},
{"id":"7503eed0-a64e-4b1c-95cf-9e99ba0aa254","type":"Feature","geometry":{"type":"LineString","coordinates":[[80.9510711,26.8476287],[80.9512133,26.8478972]]},"properties":{"subtype":"road","class":"residential","connectors":[{"connector_id":"455a89ec-8c6d-4d54-8b7f-0dbe7939d1a4","at":0.0},{"connector_id":"c190affe-d590-483c-9101-9bbcfea6619b","at":1.0}],"road_surface":[{"value":"paved","between":null}],"sources":[{"property":"","dataset":"OpenStreetMap","license":"ODbL-1.0","record_id":"w210669993@1","update_time":"2013-03-17T23:31:55Z","confidence":null,"between":null}],"version":1}},
{"id":"1732dfc7-6e37-4900-a1d7-c99415cbc36e","type":"Feature","geometry":{"type":"LineString","coordinates":[[80.9515973,26.8475976],[80.9512133,26.8478972]]},"properties":{"subtype":"road","class":"residential","connectors":[{"connector_id":"7e706d69-d6d5-4d72-8040-ec16352fd396","at":0.0},{"connector_id":"c190affe-d590-483c-9101-9bbcfea6619b","at":1.0}],"road_surface":[{"value":"paved","between":null}],"sources":[{"property":"","dataset":"OpenStreetMap","license":"ODbL-1.0","record_id":"w212876852@4","update_time":"2022-06-17T06:04:52Z","confidence":null,"between":null}],"version":1}},
{"id":"2dbfaf19-78c1-4937-8be9-7176967bd4ad","type":"Feature","geometry":{"type":"LineString","coordinates":[[80.952161,26.8473656],[80.9525171,26.8479439],[80.9526754,26.8481087],[80.9532199,26.8484533],[80.9536042,26.8487241],[80.9537042,26.8487946],[80.9539661,26.8489055],[80.9542883,26.8489946],[80.9545559,26.8490299],[80.9548686,26.8490064],[80.9550382,26.8489425],[80.9553039,26.8487475],[80.955579,26.8485222],[80.9556921,26.84846],[80.9557673,26.8484569]]},"properties":{"subtype":"road","class":"residential","connectors":[{"connector_id":"880631dc-3ade-4e3c-bcfe-0bb24aa7f8fb","at":0.0},{"connector_id":"3cd47be5-480e-40de-ab12-7fddf6013956","at":0.465957939},{"connector_id":"b896442f-6e26-4d9e-9e2c-8f47c3116b2f","at":1.0}],"road_surface":[{"value":"paved","between":null}],"sources":[{"property":"","dataset":"OpenStreetMap","license":"ODbL-1.0","record_id":"w210670035@3","update_time":"2022-06-06T14:38:55Z","confidence":null,"between":null}],"version":1}},
{"id":"2caf7e1e-f45d-4d00-b807-7e19b5342429","type":"Feature","geometry":{"type":"LineString","coordinates":[[80.9530259,26.8488391],[80.9529773,26.8493198],[80.9532599,26.8493925],[80.9534052,26.8494638],[80.9536192,26.8495332],[80.9538254,26.8494551],[80.9539654,26.8494239],[80.9541249,26.849476],[80.9542533,26.8496079],[80.9543156,26.8496703],[80.9548758,26.8498508],[80.9554483,26.8498885]]},"properties":{"subtype":"road","class":"service","connectors":[{"connector_id":"90b3451d-213b-4232-8406-555e1c7db756","at":0.0},{"connector_id":"be34becc-6066-46f7-93db-5066a93ffec3","at":0.167062253},{"connector_id":"a6d8bd93-29bb-4328-b76f-5ca25abeeb87","at":0.309755602},{"connector_id":"be9a072e-5709-4028-804f-e6d91a3c134d","at":0.449894282},{"connector_id":"4a3009d0-5612-4132-9819-71ec70000298","at":0.821782285},{"connector_id":"2e6236cb-fd3e-42d8-b18f-7114162b56d1","at":1.0}],"road_surface":[{"value":"paved","between":null}],"sources":[{"property":"","dataset":"OpenStreetMap","license":"ODbL-1.0","record_id":"w212876836@1","update_time":"2022-06-06T14:38:55Z","confidence":null,"between":null}],"version":1}},
{"id":"e4ccdb08-dd0b-435c-85ec-1721d8ccf33f","type":"Feature","geometry":{"type":"LineString","coordinates":[[80.9538254,26.8494551],[80.9538157,26.8494013],[80.953909,26.8490195]]},"properties":{"subtype":"road","class":"service","connectors":[{"connector_id":"be9a072e-5709-4028-804f-e6d91a3c134d","at":0.0},{"connector_id":"dbf20767-f477-4e0f-a003-7b5919f6b647","at":1.0}],"road_surface":[{"value":"paved","between":null}],"sources":[{"property":"","dataset":"OpenStreetMap","license":"ODbL-1.0","record_id":"w212876862@1","update_time":"2013-03-26T23:01:49Z","confidence":null,"between":null}],"version":1}},
{"id":"bbe9be1a-b04c-49c0-841e-a8152f3953c9","type":"Feature","geometry":{"type":"LineString","coordinates":[[80.9534052,26.8494638],[80.9536042,26.8487241]]},"properties":{"subtype":"road","class":"service","connectors":[{"connector_id":"a6d8bd93-29bb-4328-b76f-5ca25abeeb87","at":0.0},{"connector_id":"3cd47be5-480e-40de-ab12-7fddf6013956","at":1.0}],"sources":[{"property":"","dataset":"OpenStreetMap","license":"ODbL-1.0","record_id":"w1067199579@1","update_time":"2022-06-06T14:38:55Z","confidence":null,"between":null}],"version":1}},
{"id":"8ef60ad9-c40c-4cf9-980b-2f53c12dd57b","type":"Feature","geometry":{"type":"LineString","coordinates":[[80.9529773,26.8493198],[80.952776,26.8495675],[80.952711,26.8500156]]},"properties":{"subtype":"road","class":"service","connectors":[{"connector_id":"be34becc-6066-46f7-93db-5066a93ffec3","at":0.0},{"connector_id":"f2974e66-3e6f-4e10-8797-1cdd31d4936c","at":1.0}],"sources":[{"property":"","dataset":"OpenStreetMap","license":"ODbL-1.0","record_id":"w1067199578@1","update_time":"2022-06-06T14:38:55Z","confidence":null,"between":null}],"version":1}},
{"id":"c6e39ef8-d50c-456b-8ae0-1acc3e2a9293","type":"Feature","geometry":{"type":"LineString","coordinates":[[80.9549196,26.8513111],[80.9550888,26.8509363],[80.955123,26.8508604],[80.9552131,26.8506291],[80.9553602,26.8502518],[80.9554483,26.8498885],[80.9555787,26.8493507],[80.9556655,26.8489391]]},"properties":{"names":{"primary":"Rana Pratap Marg","common":null,"rules":[{"variant":"common","language":null,"perspectives":null,"value":"Rana Pratap Marg","between":null,"side":null}]},"subtype":"road","class":"tertiary","connectors":[{"connector_id":"45832bec-81ca-402c-b981-6a07e4633b93","at":0.0},{"connector_id":"dc15457f-31bb-4971-b716-0149c053c143","at":0.163575962},{"connector_id":"aa6cc0d3-3ecc-4588-9a28-54a32c948a68","at":0.295807273},{"connector_id":"2e6236cb-fd3e-42d8-b18f-7114162b56d1","at":0.607901687},{"connector_id":"c0a50691-478e-49a5-a58a-fd54c58e2dd3","at":1.0}],"road_surface":[{"value":"paved","between":null}],"sources":[{"property":"","dataset":"OpenStreetMap","license":"ODbL-1.0","record_id":"w734647901@2","update_time":"2022-08-31T11:36:55Z","confidence":null,"between":null}],"version":2}},
{"id":"3a1894e5-012c-425e-a58d-21f450eaad46","type":"Feature","geometry":{"type":"LineString","coordinates":[[80.9547615,26.8505177],[80.9546657,26.8504287],[80.9546268,26.8503246],[80.9547415,26.8499706],[80.954833,26.8498682],[80.9548758,26.8498508]]},"properties":{"subtype":"road","class":"service","connectors":[{"connector_id":"76c5db67-d750-41df-8bf8-b8b6ce4cf8ce","at":0.0},{"connector_id":"4a3009d0-5612-4132-9819-71ec70000298","at":1.0}],"road_surface":[{"value":"paved","between":null}],"sources":[{"property":"","dataset":"OpenStreetMap","license":"ODbL-1.0","record_id":"w212876894@1","update_time":"2013-03-26T23:01:50Z","confidence":null,"between":null}],"version":1}},
{"id":"07b31c49-d141-45ea-a29d-8ca80a696930","type":"Feature","geometry":{"type":"LineString","coordinates":[[80.9534052,26.8494638],[80.9533722,26.8497883],[80.953368,26.8498106],[80.9533391,26.8499654],[80.9533697,26.8500275],[80.9533877,26.8500643],[80.954121,26.8504391],[80.9545957,26.8505068],[80.9547615,26.8505177],[80.9548602,26.8505242],[80.9552131,26.8506291]]},"properties":{"subtype":"road","class":"service","connectors":[{"connector_id":"a6d8bd93-29bb-4328-b76f-5ca25abeeb87","at":0.0},{"connector_id":"b6f8b679-8cb1-4dce-80f8-b09a58757dd0","at":0.146842349},{"connector_id":"707ad81b-7351-4c6b-91e3-afe215291374","at":0.241594456},{"connector_id":"a96c8439-ca4e-461c-a5aa-1915faecfcd1","at":0.258528862},{"connector_id":"76c5db67-d750-41df-8bf8-b8b6ce4cf8ce","at":0.822067867},{"connector_id":"aa6cc0d3-3ecc-4588-9a28-54a32c948a68","at":1.0}],"road_surface":[{"value":"paved","between":null}],"sources":[{"property":"","dataset":"OpenStreetMap","license":"ODbL-1.0","record_id":"w212876833@1","update_time":"2013-03-26T23:01:47Z","confidence":null,"between":null}],"version":1}},
{"id":"b8f9eef0-0a0c-4737-8015-825a2e90994d","type":"Feature","geometry":{"type":"LineString","coordinates":[[80.9533697,26.8500275],[80.9532944,26.8500799],[80.9531271,26.8500868],[80.9530104,26.8500018],[80.9530143,26.8499428],[80.9530434,26.849804],[80.9531057,26.8497554],[80.9532185,26.8497502],[80.9533255,26.8497918],[80.953368,26.8498106]]},"properties":{"subtype":"road","class":"service","connectors":[{"connector_id":"707ad81b-7351-4c6b-91e3-afe215291374","at":0.0},{"connector_id":"b6f8b679-8cb1-4dce-80f8-b09a58757dd0","at":1.0}],"road_surface":[{"value":"paved","between":null}],"sources":[{"property":"","dataset":"OpenStreetMap","license":"ODbL-1.0","record_id":"w212876828@1","update_time":"2013-03-26T23:01:46Z","confidence":null,"between":null}],"version":1}},
{"id":"5de80bbb-a371-420e-98f5-5bc304f1cac6","type":"Feature","geometry":{"type":"LineString","coordinates":[[80.953166,26.8504838],[80.9533186,26.8501345],[80.9533877,26.8500643]]},"properties":{"subtype":"road","class":"service","connectors":[{"connector_id":"a9b7efe7-04e1-4cf9-885f-b8f9c0bc47f6","at":0.0},{"connector_id":"a96c8439-ca4e-461c-a5aa-1915faecfcd1","at":1.0}],"sources":[{"property":"","dataset":"OpenStreetMap","license":"ODbL-1.0","record_id":"w1067199577@1","update_time":"2022-06-06T14:38:55Z","confidence":null,"between":null}],"version":1}},
{"id":"dd37dbcd-de09-46c8-a53f-c6e155189bfb","type":"Feature","geometry":{"type":"LineString","coordinates":[[80.9511363,26.8494455],[80.9516232,26.8496978],[80.9517909,26.8497847],[80.9520506,26.8499192],[80.9520922,26.8499415],[80.9526181,26.8502235],[80.953166,26.8504838],[80.953574,26.8506777],[80.9542243,26.8509867],[80.9549196,26.8513111]]},"properties":{"subtype":"road","class":"residential","connectors":[{"connector_id":"c197520d-8f75-4902-b579-451cd68a8b15","at":0.0},{"connector_id":"e826cddd-1b5d-42d4-bd58-c828b6c64532","at":0.130212197},{"connector_id":"a2a9b627-291a-4dcc-a9b6-9ca84c5f1b18","at":0.175060579},{"connector_id":"20db0913-e0dd-401f-91a2-838df4c0cb47","at":0.255725622},{"connector_id":"a9b7efe7-04e1-4cf9-885f-b8f9c0bc47f6","at":0.541181657},{"connector_id":"bc1e79e4-5ea2-4fef-a856-b36c3afecedd","at":0.648102546},{"connector_id":"45832bec-81ca-402c-b981-6a07e4633b93","at":1.0}],"road_surface":[{"value":"paved","between":null}],"sources":[{"property":"","dataset":"OpenStreetMap","license":"ODbL-1.0","record_id":"w210669919@5","update_time":"2022-10-18T07:06:04Z","confidence":null,"between":null}],"version":3}},
{"id":"7d6d7013-cbdc-48d2-a6ad-44a219de611a","type":"Feature","geometry":{"type":"LineString","coordinates":[[80.953574,26.8506777],[80.9528356,26.85158]]},"properties":{"subtype":"road","class":"unknown","connectors":[{"connector_id":"bc1e79e4-5ea2-4fef-a856-b36c3afecedd","at":0.0},{"connector_id":"1ab3d856-b599-45d6-8ecf-78841440f2e3","at":1.0}],"sources":[{"property":"","dataset":"TomTom","license":"ODbL-1.0","record_id":null,"update_time":null,"confidence":null,"between":null}],"version":1}},
{"id":"90f4f0b7-83a3-45d2-b5fb-737c1397ffdb","type":"Feature","geometry":{"type":"LineString","coordinates":[[80.9564505,26.8506616],[80.9559346,26.8509202],[80.955631,26.8510724],[80.9550634,26.851357],[80.9549196,26.8513111]]},"properties":{"subtype":"road","class":"residential","connectors":[{"connector_id":"dba98dde-325c-477c-a75e-95e593189448","at":0.0},{"connector_id":"54c8a9a2-a57f-41ed-8a5d-341b1cea01d0","at":0.339321753},{"connector_id":"01d266fc-8a5c-44fb-8e1f-462e1448a064","at":0.539013089},{"connector_id":"45832bec-81ca-402c-b981-6a07e4633b93","at":1.0}],"road_surface":[{"value":"paved","between":null}],"sources":[{"property":"","dataset":"OpenStreetMap","license":"ODbL-1.0","record_id":"w212846967@1","update_time":"2013-03-26T22:02:34Z","confidence":null,"between":null}],"version":1}},
{"id":"f5049357-2a44-4af7-a5b7-f17856ed6916","type":"Feature","geometry":{"type":"LineString","coordinates":[[80.9417644,26.8499593],[80.9416143,26.8500472],[80.9400048,26.851157],[80.9382507,26.8523404],[80.9372227,26.853484],[80.9368471,26.8539423],[80.9363398,26.8545458],[80.9362257,26.8546998],[80.9361066,26.8548961],[80.9359977,26.8551258],[80.9359425,26.8552962],[80.9359091,26.8554632],[80.9358912,26.8557144],[80.9359019,26.8558884],[80.9359384,26.8560701],[80.9360128,26.8562857],[80.9361094,26.8564896],[80.9362498,26.8566955],[80.9366065,26.857222],[80.9367236,26.8575592],[80.9367621,26.8577867],[80.9367598,26.858021],[80.9365828,26.8590679],[80.9365851,26.8594497],[80.9367062,26.8598456],[80.9370062,26.8603614],[80.9377389,26.8612933],[80.9380715,26.8618268],[80.9384277,26.8625768],[80.9390285,26.8640172],[80.9395636,26.8654923],[80.9398091,26.8661495],[80.9399807,26.8668123],[80.9401524,26.8681426],[80.9403964,26.8694227],[80.9405776,26.8702637],[80.940713,26.8706334],[80.9409919,26.8709468],[80.9411153,26.8710365],[80.9412025,26.8710892],[80.9414104,26.8711717],[80.9418784,26.8712411],[80.9423036,26.8711908],[80.9430358,26.8710712],[80.94560799999999,26.8710043],[80.9462464,26.8709803],[80.947786,26.8709396],[80.9492102,26.8708965],[80.9506613,26.8708966],[80.9522036,26.8708606],[80.9550762,26.8707817],[80.9559882,26.8706908],[80.9574339,26.8706621],[80.9590405,26.8705951],[80.9607062,26.8706573],[80.9610675,26.8706788],[80.9624448,26.8708319],[80.9628821,26.8708436],[80.9632657,26.87083],[80.9637656,26.8707897],[80.9650321,26.8706753],[80.9661716,26.8705822],[80.966782,26.8705299],[80.9671625,26.8704983],[80.967369,26.8704782],[80.9674823,26.8704616],[80.9677436,26.8704201],[80.9681712,26.8703536],[80.9689838,26.8702271],[80.9694076,26.8701966],[80.9697417,26.8701874],[80.9700889,26.8701841],[80.9704395,26.8702078],[80.9710141,26.8702817],[80.971682,26.8703827],[80.9726036,26.870543],[80.9731201,26.8706502],[80.9739102,26.8708981],[80.9744217,26.8710782],[80.9747637,26.871212],[80.9751826,26.8713683],[80.9757039,26.87157],[80.9758318,26.87162],[80.9761251,26.8717026],[80.976461,26.8717869],[80.9766995,26.8718321],[80.9770474,26.8718829],[80.977357,26.8719078],[80.9797448,26.8720547],[80.9823048,26.8722077],[80.9830862,26.8722603],[80.9836211,26.8722946],[80.9847816,26.8723705],[80.9864972,26.8724837],[80.9876702,26.8725504],[80.9884378,26.8725957],[80.988823,26.872621],[80.9893506,26.8726505],[80.9899869,26.8726675],[80.9908838,26.8726989],[80.9914564,26.8727287],[80.9922687,26.8727626],[80.9930658,26.8728374],[80.9936967,26.8728606],[80.9942612,26.8728925],[80.9945088,26.8729216],[80.9948399,26.8730054],[80.9952066,26.8731626],[80.9955095,26.8733848],[80.9958075,26.8736923],[80.995969,26.8738949],[80.9960651,26.8740839],[80.9961554,26.8743784],[80.9961825,26.8745991],[80.9961933,26.8751438],[80.9961712,26.8758541],[80.996145,26.876216199999998],[80.9960622,26.8771546],[80.9960566,26.8782942],[80.9960794,26.8801817],[80.9960849,26.8821107],[80.9960589,26.8842714],[80.9960365,26.8848157],[80.9959919,26.8851348],[80.9959516,26.8854143],[80.9959052,26.8858769],[80.9959015,26.8866792],[80.9959072,26.8874022],[80.9959029,26.8878924],[80.9958721,26.8888103],[80.9958282,26.8911342]]},"properties":{"subtype":"rail","class":"subway","connectors":[{"connector_id":"6ee4b991-ee5f-46e3-92ce-59600f449b43","at":0.0},{"connector_id":"6e42a3fc-9a5f-47ac-8a1f-ba5b39047902","at":0.771055093},{"connector_id":"b939735c-7b56-4ded-92e4-d5097a320dcc","at":1.0}],"rail_flags":[{"values":["is_tunnel"],"between":[0.0,0.021626776]},{"values":["is_bridge"],"between":[0.021626776,1.0]}],"level_rules":[{"value":-2,"between":[0.0,0.021626776]},{"value":3,"between":[0.021626776,1.0]}],"sources":[{"property":"","dataset":"OpenStreetMap","license":"ODbL-1.0","record_id":"w687493151@9","update_time":"2025-12-03T10:30:55Z","confidence":null,"between":[0.0,0.021626776]},{"property":"","dataset":"OpenStreetMap","license":"ODbL-1.0","record_id":"w508447546@14","update_time":"2025-12-03T10:30:55Z","confidence":null,"between":[0.021626776,0.964614474]},{"property":"","dataset":"OpenStreetMap","license":"ODbL-1.0","record_id":"w1455737112@1","update_time":"2025-12-03T10:30:55Z","confidence":null,"between":[0.964614474,1.0]}],"version":2}},
{"id":"4a0a6759-d370-4190-a800-c08859a8ce3b","type":"Feature","geometry":{"type":"LineString","coordinates":[[80.941734,26.849918],[80.9415821,26.8500069],[80.9399714,26.8511176],[80.9382118,26.8523047],[80.9371787,26.8534539],[80.9369689,26.85371],[80.9368026,26.8539129],[80.9362945,26.8545173],[80.9361782,26.8546744],[80.9360566,26.8548747],[80.9359454,26.8551093],[80.9358885,26.855285],[80.935854,26.8554573],[80.9358357,26.8557142],[80.9358468,26.8558941],[80.9358845,26.8560818],[80.9359607,26.8563026],[80.93606,26.8565122],[80.9362024,26.8567211],[80.9365556,26.8572424],[80.9366695,26.8575703],[80.9367067,26.8577902],[80.9367045,26.8580171],[80.9365274,26.8590643],[80.9365298,26.8594565],[80.9366543,26.8598637],[80.9369587,26.8603871],[80.9376919,26.8613196],[80.9380217,26.8618485],[80.9383762,26.8625951],[80.9389762,26.8640334],[80.939511,26.8655077],[80.9397557,26.8661629],[80.939926,26.8668207],[80.9400976,26.8681496],[80.9403419,26.8694315],[80.9405239,26.8702761],[80.9406634,26.8706572],[80.9409523,26.8709817],[80.9410822,26.8710762],[80.9411755,26.8711326],[80.9413943,26.8712194],[80.9418775,26.871291],[80.9423122,26.8712396],[80.9430416,26.8711205],[80.94561,26.8710537],[80.9462484,26.8710297],[80.9477878,26.870989],[80.9492111,26.8709459],[80.950662,26.870946],[80.9522052,26.87091],[80.9550801,26.870831],[80.9559919,26.8707401],[80.9574358,26.8707115],[80.9590406,26.8706445],[80.9607032,26.8707066],[80.9610619,26.870728],[80.9624214,26.8708756],[80.9628822,26.8708923],[80.9632601,26.8708735],[80.9638735,26.8708222],[80.9650604,26.870719],[80.9661757,26.8706194],[80.9667696,26.8705726],[80.9673382,26.8705209],[80.967607,26.8704866],[80.9677355,26.8704703],[80.9679118,26.8704384],[80.9681682,26.8703984],[80.9689781,26.8702697],[80.9694266,26.8702357],[80.9696884,26.8702309],[80.9700851,26.8702347],[80.9704684,26.8702588],[80.9710229,26.8703224],[80.9716946,26.870428],[80.9726173,26.870593],[80.9731131,26.8706927],[80.973895,26.8709474],[80.9744128,26.8711313],[80.9747297,26.871247],[80.9751352,26.8714071],[80.9756215,26.8715896],[80.9758443,26.8716662],[80.9761662,26.8717653],[80.9765084,26.8718445],[80.9766867,26.8718769],[80.9770346,26.8719238],[80.9773599,26.87195],[80.9797427,26.8720997],[80.9823039,26.8722671],[80.9830835,26.87231],[80.9836126,26.8723412],[80.9847914,26.8724169],[80.9864867,26.8725248],[80.9876495,26.8725924],[80.9884326,26.8726412],[80.9888222,26.8726685],[80.9893554,26.8726934],[80.9899768,26.8727166],[80.9908727,26.8727682],[80.9914635,26.8727865],[80.9923457,26.8728316],[80.9930322,26.8728797],[80.9937055,26.8729082],[80.9942445,26.8729351],[80.9945448,26.8729723],[80.9947963,26.8730363],[80.9951181,26.8731593],[80.9954907,26.8734179],[80.9958039,26.8737769],[80.9958973,26.8739076],[80.9960129,26.8741029],[80.9961041,26.8743874],[80.9961379,26.8745878],[80.9961411,26.8751362],[80.9961197,26.8758537],[80.9960914,26.8762196],[80.9960166,26.8771374],[80.996011,26.8783084],[80.9960378,26.8801816],[80.9960331,26.8821194],[80.9960191,26.8842828],[80.9959938,26.8848384],[80.9959352,26.8851264],[80.995902,26.8854394],[80.9958496,26.8858726],[80.9958481,26.8866865],[80.995842,26.8874034],[80.9958426,26.8878962],[80.995835,26.8888239],[80.9957792,26.8911349]]},"properties":{"subtype":"rail","class":"subway","connectors":[{"connector_id":"f670ccd6-aa6b-42cc-8d59-03adab9cbee7","at":0.0},{"connector_id":"62d2ced3-4126-44ce-b6d0-b9a527ca3323","at":0.06275355},{"connector_id":"c5f2034c-73f2-46c3-b49d-14d9443faed8","at":1.0}],"rail_flags":[{"values":["is_tunnel"],"between":[0.0,0.021649496]},{"values":["is_bridge"],"between":[0.021649496,1.0]}],"level_rules":[{"value":-2,"between":[0.0,0.021649496]},{"value":3,"between":[0.021649496,1.0]}],"sources":[{"property":"","dataset":"OpenStreetMap","license":"ODbL-1.0","record_id":"w1050738579@5","update_time":"2025-12-03T10:30:55Z","confidence":null,"between":[0.0,0.021649496]},{"property":"","dataset":"OpenStreetMap","license":"ODbL-1.0","record_id":"w1050738578@8","update_time":"2026-03-29T08:59:25Z","confidence":null,"between":[0.021649496,0.964671832]},{"property":"","dataset":"OpenStreetMap","license":"ODbL-1.0","record_id":"w1455737113@1","update_time":"2025-12-03T10:30:55Z","confidence":null,"between":[0.964671832,1.0]}],"version":2}},
{"id":"1703ac2e-a4ef-4178-a828-3825690515eb","type":"Feature","geometry":{"type":"LineString","coordinates":[[80.9078075,26.8343058],[80.9081483,26.8348612],[80.9084035,26.835321],[80.9110675,26.8398848],[80.9122353,26.8418648],[80.9130393,26.8432227],[80.9132478,26.84357],[80.9132949,26.8436514],[80.9136056,26.8441679],[80.9148909,26.8463079],[80.915712,26.8477022],[80.9160191,26.8482577],[80.9160748,26.8483584],[80.9161811,26.8486037],[80.916318,26.8490779],[80.9164316,26.8497363],[80.9166564,26.8511622],[80.916698,26.8514696],[80.916698,26.8520659],[80.9166564,26.8523493],[80.9164585,26.8530927],[80.9159979,26.8547562],[80.9158593,26.8552658],[80.9157988,26.8555911],[80.9157815,26.8558362],[80.9157885,26.8560967],[80.9158265,26.8563549],[80.9159241,26.8566895],[80.9160537,26.85697],[80.9161781,26.8571851],[80.9162034,26.8572421],[80.9164005,26.8575548],[80.9173674,26.8586574],[80.9190092,26.8604057],[80.9191954,26.8606789],[80.919284,26.8608158],[80.9194069,26.8610335],[80.919568,26.861393],[80.9196681,26.8617071],[80.9199078,26.8626755],[80.9202196,26.8639494],[80.9202947,26.864256],[80.9203662,26.8644658],[80.9204501,26.8647235],[80.9206729,26.8656131],[80.9207967,26.8660597],[80.9209673,26.8665162],[80.9211117,26.8668622],[80.9212891,26.8672155],[80.921523,26.8676339],[80.9216102,26.8677711],[80.9217408,26.8679762],[80.9218153,26.8680933],[80.921967,26.8683778],[80.9222209,26.8688099],[80.9224047,26.8690632],[80.9231369,26.8699866],[80.9233116,26.8702124],[80.9234794,26.8704236],[80.9237022,26.8707196],[80.9238482,26.8708877],[80.9238929,26.8709421],[80.9239783,26.8710548],[80.9241407,26.8712883],[80.9242919,26.8714846],[80.9245677,26.8718525],[80.9248335,26.8721882],[80.9253306,26.8728175],[80.9255723,26.873138],[80.925721,26.8733261],[80.925834,26.8734657],[80.926,26.8736791],[80.9282888,26.8765623],[80.9290508,26.8775241],[80.9292849,26.8777855],[80.9301038,26.8788352],[80.9306669,26.8794829],[80.9308866,26.8797612],[80.9310279,26.8799143],[80.9310741,26.8799701],[80.9313695,26.8802993],[80.9314853,26.8804246],[80.9316339,26.8806164],[80.9321756,26.8814577],[80.9333757,26.8833523],[80.934234,26.8848533],[80.9348324,26.8860119],[80.9356435,26.8876948],[80.9359528,26.8884113],[80.9365072,26.8897246],[80.9370071,26.8910986],[80.9373358,26.8920198],[80.9375615,26.8926946],[80.937826,26.8936002],[80.9379991,26.8942004],[80.9382462,26.8951216],[80.9384738,26.8960861],[80.9385052,26.8962575],[80.9385248,26.8963422],[80.9385411,26.8964182],[80.93875,26.8973941],[80.9390067,26.8988756],[80.9392207,26.9003085],[80.9393666,26.9016841],[80.9394158,26.9023255],[80.9394444,26.9026989],[80.9395122,26.9037393],[80.9395438,26.9052038],[80.9395435,26.9053498],[80.9395429,26.9055993],[80.9395397,26.9069921],[80.9395229,26.9085371],[80.9395109,26.9096328],[80.9394819,26.912287],[80.9394615,26.912997],[80.9394503,26.9133884],[80.9394147,26.9139106],[80.9393719,26.9144257],[80.9393004,26.9150245],[80.9391136,26.9161831],[80.9389191,26.917111],[80.9386001,26.9184222],[80.9379513,26.9209746],[80.9368532,26.9254103],[80.9357913,26.9296705],[80.9346387,26.9343116],[80.9342554,26.9358534],[80.9342285,26.9359614],[80.9334677,26.9390216],[80.9324236,26.9432189],[80.9322383,26.9439637],[80.931114,26.9482813],[80.930441,26.9510036],[80.9303979,26.9511572],[80.9299701,26.9528832],[80.9295384,26.9546252],[80.928582,26.9584399],[80.927832,26.961461],[80.927084,26.9644715],[80.92646,26.9669582],[80.9264217,26.9671105],[80.9256172,26.9703657],[80.9249471,26.9730306],[80.9242322,26.9758898],[80.9235115,26.9788062],[80.9228278,26.9818094],[80.9223906,26.9837031],[80.9222981,26.9841039],[80.9218596,26.9860033],[80.9216781,26.986801],[80.920592,26.9915748],[80.9205682,26.9916793],[80.9196002,26.9959597],[80.9191627,26.9978596],[80.9187297,26.9997398],[80.9177958,27.0038192],[80.9176716,27.0043619],[80.9172642,27.0061411],[80.9164157,27.009884],[80.9155699,27.0135311],[80.9152111,27.015094],[80.9147463,27.0171191],[80.9143385,27.0188812],[80.9141788,27.0193573],[80.9136719,27.0207095],[80.9129681,27.022566],[80.9127545,27.0231293],[80.9114267,27.0266287],[80.9102283,27.0297389],[80.9086773,27.0338196],[80.9071181,27.0379419],[80.9056955,27.0416733],[80.9055203,27.0421328],[80.9046606,27.04439],[80.9036555,27.0470253],[80.902814,27.04925],[80.9023647,27.0504379],[80.9014774,27.0530323],[80.9005736,27.0556883],[80.8996366,27.0584153],[80.8989597,27.0603973],[80.8987094,27.0611301],[80.897638,27.0642352],[80.8967517,27.0668371],[80.8961846,27.0684811],[80.8958147,27.0695534],[80.8948213,27.0724692],[80.8941759,27.0743521],[80.8940136,27.0748253],[80.8936369,27.0759243],[80.8929942,27.0777934],[80.8918106,27.0812352],[80.8915589,27.0819668],[80.8913196,27.0826629],[80.8909529,27.0837331],[80.8906488,27.0846208],[80.8899642,27.086626],[80.8887032,27.0902957],[80.8877409,27.0930774],[80.886766,27.0959605],[80.8860591,27.0979711],[80.8854035,27.0998799],[80.8850419,27.1009455],[80.8847502,27.1018053],[80.8840852,27.1037411],[80.8834272,27.1056456],[80.8827599,27.1076104],[80.882081,27.1095668],[80.8814067,27.1115378],[80.8807394,27.1134609],[80.8800744,27.1154027],[80.8794235,27.1172925],[80.8793478,27.1175113],[80.8787538,27.119228],[80.8781309,27.1210679],[80.8774869,27.1229244],[80.8768406,27.1248245],[80.8761663,27.1267723],[80.8752051,27.1295569],[80.8742484,27.1323435],[80.8732685,27.1351903],[80.8721929,27.138172],[80.8711196,27.1410352],[80.8710507,27.1412162],[80.8698877,27.14427],[80.8686511,27.1475857],[80.8671168,27.1516347],[80.8669455,27.1520867],[80.8661896,27.1541399],[80.8659773,27.1548167],[80.8658863,27.1551862],[80.8657183,27.1559087],[80.865583,27.1567121],[80.8653963,27.1583666],[80.8652003,27.160127],[80.8650253,27.1615116],[80.8649999,27.161652],[80.8649717,27.1618078],[80.864925,27.1620659],[80.8647127,27.1629668],[80.8645517,27.1634983],[80.8642484,27.1643577],[80.8637164,27.1657111],[80.8632171,27.1669732],[80.8630024,27.1676084],[80.8628703,27.1679611],[80.8626245,27.1686172],[80.8625056,27.1689202],[80.8624091,27.1691664],[80.861014,27.1727241],[80.8596517,27.1761978],[80.8595065,27.1765682],[80.8593067,27.1770777],[80.8586907,27.1785153],[80.8582404,27.1796444],[80.8571461,27.1824464],[80.8560962,27.1851093],[80.8561103,27.1852285],[80.8556599,27.1862715],[80.8554895,27.1867613],[80.8553425,27.187276],[80.8552189,27.1877887],[80.8551302,27.1882224],[80.8547336,27.1906132],[80.8542226,27.1936349],[80.8537326,27.1965216],[80.8536235,27.1971764],[80.853266,27.1993211],[80.8527737,27.2022616],[80.8522697,27.2052643],[80.8520526,27.2065286],[80.8517751,27.2081445],[80.8516678,27.2087898],[80.851176,27.2117501],[80.8507861,27.214097],[80.850299,27.2169778],[80.8498154,27.2198329],[80.8496645,27.2207245],[80.8493606,27.2225201],[80.8489926,27.2247056],[80.8485246,27.2274851],[80.8485031,27.227613],[80.8481256,27.2298716],[80.8477067,27.2323812],[80.8472573,27.2350617],[80.8470236,27.2362621],[80.8467539,27.2376127],[80.8464699,27.2390624],[80.8457167,27.2428903],[80.845501,27.2439847],[80.8451324,27.245855],[80.8446003,27.2485991],[80.8442965,27.2500774],[80.8436512,27.2534031],[80.8435614,27.2538669],[80.8432754,27.2553448],[80.8427218,27.2581127],[80.8422436,27.2605864],[80.8417942,27.2628732],[80.8414159,27.2647875],[80.8413429,27.2651566],[80.8402949,27.2704777],[80.8395089,27.2744735],[80.8393276,27.2754073],[80.839011,27.277046],[80.8383879,27.2804993],[80.8383423,27.2807305],[80.838127,27.2817536],[80.8376003,27.2844247],[80.8368352,27.2883045],[80.8367401,27.2888558],[80.8366935,27.2890923],[80.8366324,27.289402],[80.8365519,27.2898103],[80.8362596,27.2910284],[80.8358168,27.2932575],[80.834991,27.2975034],[80.8343689,27.3005938],[80.8339195,27.3028835],[80.8335351,27.3048476],[80.8328468,27.3083373],[80.8320935,27.3121569],[80.8316506,27.3144105],[80.8314182,27.3155933],[80.8308078,27.3186534],[80.8300909,27.3223226],[80.8298338,27.323578],[80.8297299,27.3243418],[80.8296649,27.3251056],[80.8296416,27.3260679],[80.8296327,27.3268247],[80.8296108,27.3273599],[80.829575,27.328863],[80.8295364,27.3303902],[80.8294777,27.3328654],[80.8294024,27.3355934],[80.8293436,27.3383328],[80.8292775,27.341046],[80.8292339,27.3419246],[80.829166,27.3425657],[80.8290815,27.343109],[80.8288446,27.3444419],[80.8284258,27.3468695],[80.8279611,27.3495384],[80.8274469,27.3524879],[80.8270299,27.3548777],[80.826795,27.3562102],[80.82677,27.3563519],[80.8265634,27.3575236],[80.8260951,27.3602146],[80.82568,27.3626288],[80.8252043,27.3652892],[80.824769,27.3678321],[80.8243594,27.3701678],[80.8239939,27.3722376],[80.8237368,27.373717],[80.8230283,27.3777548],[80.8229338,27.3783394],[80.8228875,27.378615],[80.822792,27.3791112],[80.8225161,27.3807885],[80.8219433,27.3840052],[80.8213582,27.3873852],[80.8212442,27.3880188],[80.8210207,27.3893631],[80.8199997,27.3951599],[80.8199317,27.3955461],[80.819006,27.4007881],[80.8189161,27.4015379],[80.8188533,27.4023995],[80.8188443,27.4030935],[80.8188894,27.4041547],[80.8190843,27.4060668],[80.8191832,27.4071193],[80.8192897,27.4082515],[80.8196498,27.4118718],[80.8197007,27.412704],[80.8197067,27.4133554],[80.8196588,27.4139961],[80.8195809,27.4148123],[80.8194492,27.41561],[80.8192964,27.4163145],[80.8185806,27.4187738],[80.8184619,27.4191641],[80.8182713,27.4197909],[80.8178708,27.421108],[80.8172218,27.4230001],[80.8165329,27.4247733],[80.8159159,27.4262727],[80.815248,27.4277667],[80.8142574,27.4297987],[80.8134272,27.4313627],[80.8127249,27.4325986],[80.8124403,27.4330995],[80.8115593,27.434545],[80.810727,27.4358307],[80.8095452,27.4375261],[80.8084334,27.4390467],[80.8071987,27.4406067],[80.8058433,27.442257],[80.8045196,27.4438452],[80.8024629,27.4463372],[80.8018865,27.4470286],[80.8015461,27.4474368],[80.8013124,27.447717],[80.801024,27.4480653],[80.7986302,27.4509558],[80.7963153,27.4537319],[80.7960626,27.4540442],[80.7957806,27.4543965],[80.7940162,27.4565224],[80.7923897,27.458654],[80.7906512,27.4607444],[80.7905154,27.4609077],[80.7881158,27.4637991],[80.7862785,27.4659657],[80.7826678,27.470316],[80.7811586,27.472204],[80.7794551,27.4741147],[80.7774317,27.4765686],[80.7762442,27.4779744],[80.7740237,27.4806586],[80.7719892,27.4831117],[80.7702281,27.4852446],[80.769213,27.4864712],[80.7665918,27.4903911],[80.7622698,27.4952567],[80.757326,27.5008223],[80.7516342,27.5076562],[80.7490506,27.5107891],[80.7489569,27.5109015],[80.7469176,27.5134727],[80.7446157,27.5161374],[80.7443446,27.5164669],[80.7432794,27.5177607],[80.7431032,27.5179746],[80.7406688,27.520916],[80.7397023,27.522072],[80.7391898,27.522685],[80.7387205,27.5232462],[80.7384682,27.523548],[80.7375776,27.5246131],[80.7231559,27.5418603],[80.7221376,27.5429091],[80.7209355,27.5439753],[80.7203045,27.5445918],[80.719734,27.5449614],[80.7179521,27.5462365],[80.7164046,27.5473069],[80.7084243,27.5523627],[80.7080279,27.552611],[80.7076746,27.5528847],[80.7074922,27.553006],[80.7072616,27.5531629],[80.7067643,27.5535477]]},"properties":{"subtype":"rail","class":"standard_gauge","connectors":[{"connector_id":"e0a2776f-64ca-4ae5-bc70-4dd04c967f47","at":0.0},{"connector_id":"9d402052-abb3-490b-89ca-7b1cfdb1ad2f","at":0.000818641},{"connector_id":"c4e00b95-7a59-4716-9be2-a53e951bafe0","at":0.01102646},{"connector_id":"fddc249e-373a-46f3-98ac-95fe14bf9c23","at":0.013011828},{"connector_id":"70432ea7-96af-4bbd-9ff5-8272bd300e9c","at":0.013521176},{"connector_id":"bf1efb12-edf9-42bb-a3ce-6ea02dceb84e","at":0.013639599},{"connector_id":"8207bfdc-4f88-4653-9052-f1d08e1a3d78","at":0.020373045},{"connector_id":"cc940365-5d86-46ed-a9db-8f0eace7360a","at":0.032273287},{"connector_id":"8665b2d5-65d8-434f-9285-26621bb0f521","at":0.032737124},{"connector_id":"5bb22a2e-b922-4844-98e3-ea95b2608ac1","at":0.042320127},{"connector_id":"25cbc069-d46f-45a7-bd30-de928fa38b01","at":0.043355399},{"connector_id":"5cec0426-be9d-4ff3-a4c3-ee964f0186d8","at":0.051594337},{"connector_id":"7c509026-9859-450e-9033-a8354ad441f3","at":0.055357146},{"connector_id":"802b3425-a48b-47af-8420-f2216f657823","at":0.063239606},{"connector_id":"17f995f3-fde8-4e68-9ab4-8af101fd5d8e","at":0.064893805},{"connector_id":"1948f881-118c-4328-814c-2eea0b17b6a5","at":0.06674094},{"connector_id":"7b7f5879-034b-47f6-9e4e-566d53a810da","at":0.06749669},{"connector_id":"215516b1-0f75-447a-a840-9976a6cb0ead","at":0.089832194},{"connector_id":"f2cab37a-2499-4151-a2df-bb780bc447fe","at":0.097532526},{"connector_id":"a7fce963-8c03-4945-8731-c4e0767b9d06","at":0.101441489},{"connector_id":"4c936b2b-b616-42f4-bbfa-0fbf261e06a2","at":0.101763661},{"connector_id":"b7ff1d2e-3c2f-43b7-949a-699300dee782","at":0.105557249},{"connector_id":"30bfc7af-d14b-4b67-b298-665d9eb88868","at":0.110399613},{"connector_id":"7d4a89e3-3939-4289-9eee-7ca47ea02442","at":0.141469493},{"connector_id":"455681e4-c9c3-4adf-8809-9679f9654554","at":0.141612383},{"connector_id":"81e871ff-f30d-4139-82d5-3331868cb7fc","at":0.16401222},{"connector_id":"1bd8f789-edbb-4996-9a7d-d61bace54145","at":0.182635272},{"connector_id":"54ae6d3a-e184-4235-a5a6-8065ab6af980","at":0.204764984},{"connector_id":"4720e97c-3483-4648-a01a-e5e7b7c356df","at":0.205293477},{"connector_id":"3a92b80c-762b-4dbd-ad9e-1da355a1585f","at":0.215140357},{"connector_id":"f57af22e-1285-4e0f-ba75-db0c89d6269b","at":0.223422539},{"connector_id":"9088aeb5-e387-449b-add0-4c04859fa99c","at":0.231994183},{"connector_id":"64615acf-ed7f-4276-bc1b-e8f907869c24","at":0.256150503},{"connector_id":"7ca93488-02cb-4665-bac6-059b84fb1141","at":0.282217516},{"connector_id":"69bbae46-3f84-471d-9ee8-7e4579ebece0","at":0.292552988},{"connector_id":"6768c581-d7be-4bad-a090-1b12b66a72da","at":0.307622048},{"connector_id":"3a7895ef-f272-4c89-ae2b-79090f5e35eb","at":0.318542515},{"connector_id":"1404006c-a592-4ee6-a718-d0c06e56837e","at":0.32647136},{"connector_id":"e432dc6e-730f-410e-baaf-832060b09356","at":0.327110555},{"connector_id":"30132613-1bf1-433f-90f4-e1818c1be7ce","at":0.335770513},{"connector_id":"28458c69-32d9-49ff-8393-b277108d1507","at":0.336759011},{"connector_id":"785cbff0-6884-4780-a932-35f2fe45334d","at":0.339144967},{"connector_id":"62f11af6-e04b-4910-a9b6-4bcdfb45038b","at":0.362397723},{"connector_id":"d40a5a01-e461-4d94-a2db-f4359b3adf4c","at":0.384778413},{"connector_id":"ff3c90d6-e684-4878-bffb-79208cd87bc7","at":0.416856099},{"connector_id":"f407b8ae-d72a-45c1-84dd-527b1a9e0b30","at":0.431056486},{"connector_id":"a7cc9369-6071-44cb-af0d-f44d82af1076","at":0.45280112},{"connector_id":"c4a91de2-a3a2-46ae-a84f-3154abd63903","at":0.454109319},{"connector_id":"168493d9-4c00-42fd-8bd2-8bca67c14f0c","at":0.454446212},{"connector_id":"0a7271ff-2902-47d3-8f7c-8efdda9e5b9b","at":0.464068264},{"connector_id":"168caf55-c72b-47cd-9362-084dc2712aa7","at":0.464575112},{"connector_id":"dc778063-3c02-4068-9980-0bc61eb1ac4d","at":0.492173335},{"connector_id":"8724682a-f7a5-4168-b217-01023c55002b","at":0.504385503},{"connector_id":"a8576d24-59f1-4701-82ea-ae9f1ddfa0ee","at":0.522923224},{"connector_id":"cddc4bb9-ab37-4e1d-9ce7-1b7a0b7cf8ad","at":0.531751985},{"connector_id":"76ae852e-7ee6-452c-aa1e-e0c5d9a42fe8","at":0.553344132},{"connector_id":"cdec26bd-96dc-4f2f-92ff-819ec4cd5a47","at":0.566300267},{"connector_id":"9c2e7ad2-a63d-4032-80fc-6135badb6e36","at":0.58061815},{"connector_id":"644482e5-a7c3-4a97-b7b7-9892237d3714","at":0.594541984},{"connector_id":"ca6db193-2cc3-40dd-b311-8e42466d2548","at":0.601509514},{"connector_id":"5eec9f7f-68ce-4f6a-9774-6d461e8fd7ce","at":0.602853833},{"connector_id":"7b8f2f05-4b5b-4f75-b4af-155d0b041be0","at":0.612163875},{"connector_id":"587e25a2-97ff-418a-8621-ca3ab4cb1c2c","at":0.612473973},{"connector_id":"a4e107fa-c739-4205-afc6-b84c9c5b820a","at":0.61502416},{"connector_id":"cce45b07-6b64-488d-9858-16077d6f17e6","at":0.64568303},{"connector_id":"930afdb8-eda0-463c-a70f-32821ffbc980","at":0.728997307},{"connector_id":"1f17f6a8-30c0-474f-a608-5cc789837f6e","at":0.729357185},{"connector_id":"fe237546-2477-4bf5-a3bf-5f8c77b33cd6","at":0.730007344},{"connector_id":"e703cdae-8502-46a8-926a-7fef70c6be47","at":0.740819209},{"connector_id":"6eb20a0a-dc77-4563-8a6a-e9fb1e79a1e5","at":0.741647898},{"connector_id":"0cc2510a-83cf-4d61-85ee-dddd175c5931","at":0.750980572},{"connector_id":"b4ca2a25-5451-498e-96c9-efcc24a66726","at":0.766538042},{"connector_id":"05de8c91-bef2-4da5-9f55-e6bfc6ed3159","at":0.800880147},{"connector_id":"66c99983-73f0-4356-8e5d-1c6e73e7b6f4","at":0.823343536},{"connector_id":"665f1601-9be0-4c31-96b2-a9a664857165","at":0.824000553},{"connector_id":"717e2571-a34a-4e62-a316-555b8cc467fc","at":0.824451575},{"connector_id":"7984d127-d035-402f-8e19-5eb1d6033461","at":0.825010772},{"connector_id":"2da7c128-c5f9-4b12-9708-a737cbfc8a38","at":0.83411986},{"connector_id":"11af2519-8154-42a9-b2c8-a38404a18567","at":0.834617248},{"connector_id":"f4377b1d-c394-4e57-acc2-e8eb04a3ca45","at":0.845283268},{"connector_id":"e2dfc18f-927c-44f7-b4a6-f8d65286de19","at":0.863683934},{"connector_id":"5b890e61-7aaa-4cb7-b242-97ac715519b7","at":0.909758805},{"connector_id":"b1ca8e4f-e34f-4545-b951-ee727076d2a1","at":0.930020871},{"connector_id":"27596e89-0968-4be6-bc9c-cd5e2ae5fad8","at":0.934364366},{"connector_id":"5d11d6cc-7692-4cec-8bfe-c10a58d90f10","at":0.934892085},{"connector_id":"c5f4098d-a701-4f86-b9ce-40977ca909cb","at":0.937307404},{"connector_id":"96fdaa7f-2e3c-40e0-920a-ab32ee192c7a","at":0.944877265},{"connector_id":"b660c00e-7bef-4b1b-9f27-a442ed2aa397","at":0.945781231},{"connector_id":"83443950-08f1-4983-a912-6553ab909a72","at":0.946267308},{"connector_id":"c7216745-b83c-416c-b43c-de4865bda743","at":0.94798288},{"connector_id":"529f4b57-5721-493c-b545-ff4a0df47620","at":0.980583434},{"connector_id":"95c44d85-cb14-403d-8e26-3a79cff77971","at":0.986280225},{"connector_id":"0bd779cb-6e3b-4eac-8a90-50ebd3482e29","at":0.9975497},{"connector_id":"7ecb6856-1c86-4b08-ad45-4b97b9b18652","at":0.99810736},{"connector_id":"7a9fc62f-1288-41bc-acd7-7999b86e1341","at":0.999242003},{"connector_id":"9fb45ad6-c8ed-45c8-ab0a-9961e66f0c5f","at":1.0}],"rail_flags":[{"values":["is_bridge"],"between":[0.047534353,0.047839334]},{"values":["is_bridge"],"between":[0.049441503,0.050904642]},{"values":["is_bridge"],"between":[0.052417892,0.052593865]},{"values":["is_bridge"],"between":[0.056154577,0.056377282]},{"values":["is_bridge"],"between":[0.444277794,0.444481619]},{"values":["is_bridge"],"between":[0.700076398,0.700261578]},{"values":["is_bridge"],"between":[0.782275078,0.783113804]},{"values":["is_bridge"],"between":[0.925773735,0.925954602]}],"level_rules":[{"value":1,"between":[0.047534353,0.047839334]},{"value":1,"between":[0.049441503,0.050904642]},{"value":1,"between":[0.052417892,0.052593865]},{"value":1,"between":[0.056154577,0.056377282]},{"value":1,"between":[0.444277794,0.444481619]},{"value":1,"between":[0.700076398,0.700261578]},{"value":1,"between":[0.782275078,0.783113804]},{"value":1,"between":[0.925773735,0.925954602]}],"sources":[{"property":"","dataset":"OpenStreetMap","license":"ODbL-1.0","record_id":"w211333862@10","update_time":"2026-01-17T20:10:53Z","confidence":null,"between":[0.0,0.037913531]},{"property":"","dataset":"OpenStreetMap","license":"ODbL-1.0","record_id":"w212500746@6","update_time":"2026-01-17T20:10:53Z","confidence":null,"between":[0.037913531,0.03811794]},{"property":"","dataset":"OpenStreetMap","license":"ODbL-1.0","record_id":"w212500742@5","update_time":"2026-01-17T20:10:53Z","confidence":null,"between":[0.03811794,0.047534353]},{"property":"","dataset":"OpenStreetMap","license":"ODbL-1.0","record_id":"w211333840@5","update_time":"2021-05-19T18:05:13Z","confidence":null,"between":[0.047534353,0.047839334]},{"property":"","dataset":"OpenStreetMap","license":"ODbL-1.0","record_id":"w211333860@5","update_time":"2021-05-19T18:05:13Z","confidence":null,"between":[0.047839334,0.049441503]},{"property":"","dataset":"OpenStreetMap","license":"ODbL-1.0","record_id":"w211333843@5","update_time":"2021-05-19T18:05:13Z","confidence":null,"between":[0.049441503,0.050904642]},{"property":"","dataset":"OpenStreetMap","license":"ODbL-1.0","record_id":"w211333835@11","update_time":"2023-02-21T21:00:25Z","confidence":null,"between":[0.050904642,0.052417892]},{"property":"","dataset":"OpenStreetMap","license":"ODbL-1.0","record_id":"w212766346@5","update_time":"2023-02-21T21:00:25Z","confidence":null,"between":[0.052417892,0.052593865]},{"property":"","dataset":"OpenStreetMap","license":"ODbL-1.0","record_id":"w212766353@5","update_time":"2023-02-21T21:00:25Z","confidence":null,"between":[0.052593865,0.056154577]},{"property":"","dataset":"OpenStreetMap","license":"ODbL-1.0","record_id":"w212766344@5","update_time":"2023-02-21T21:00:25Z","confidence":null,"between":[0.056154577,0.056377282]},{"property":"","dataset":"OpenStreetMap","license":"ODbL-1.0","record_id":"w212766354@6","update_time":"2024-04-29T10:07:36Z","confidence":null,"between":[0.056377282,0.067286668]},{"property":"","dataset":"OpenStreetMap","license":"ODbL-1.0","record_id":"w211333855@24","update_time":"2023-02-21T21:00:25Z","confidence":null,"between":[0.067286668,0.444277794]},{"property":"","dataset":"OpenStreetMap","license":"ODbL-1.0","record_id":"w223177381@5","update_time":"2021-05-19T18:05:13Z","confidence":null,"between":[0.444277794,0.444481619]},{"property":"","dataset":"OpenStreetMap","license":"ODbL-1.0","record_id":"w223177380@9","update_time":"2026-02-26T01:40:41Z","confidence":null,"between":[0.444481619,0.700076398]},{"property":"","dataset":"OpenStreetMap","license":"ODbL-1.0","record_id":"w217492697@5","update_time":"2021-05-19T18:05:13Z","confidence":null,"between":[0.700076398,0.700261578]},{"property":"","dataset":"OpenStreetMap","license":"ODbL-1.0","record_id":"w217492699@11","update_time":"2026-02-15T13:05:15Z","confidence":null,"between":[0.700261578,0.782275078]},{"property":"","dataset":"OpenStreetMap","license":"ODbL-1.0","record_id":"w217492698@5","update_time":"2021-05-19T18:05:13Z","confidence":null,"between":[0.782275078,0.783113804]},{"property":"","dataset":"OpenStreetMap","license":"ODbL-1.0","record_id":"w217492700@12","update_time":"2022-12-19T17:49:07Z","confidence":null,"between":[0.783113804,0.886680719]},{"property":"","dataset":"OpenStreetMap","license":"ODbL-1.0","record_id":"w217492696@10","update_time":"2021-07-30T06:07:01Z","confidence":null,"between":[0.886680719,0.925773735]},{"property":"","dataset":"OpenStreetMap","license":"ODbL-1.0","record_id":"w366217061@4","update_time":"2021-05-19T18:05:13Z","confidence":null,"between":[0.925773735,0.925954602]},{"property":"","dataset":"OpenStreetMap","license":"ODbL-1.0","record_id":"w366217060@16","update_time":"2024-12-02T15:38:12Z","confidence":null,"between":[0.925954602,1.0]}],"version":3}}]}