{"type": "FeatureCollection", "features": [
{"id":"f52b6a30-baf6-3cf4-b069-ae8af6a3d19e","type":"Feature","geometry":{"type":"MultiPolygon","coordinates":[[[[-163.01686,19.24978],[-163.00411,19.23825],[-163.0,19.23457],[-163.0000027,22.4074879],[-162.9999995,22.4074873],[-162.09826,22.2396607],[-162.0909789,22.2385204],[-162.0425708,22.230989],[-161.9864089,22.2255693],[-161.9299999,22.2234295],[-161.8735603,22.2245806],[-161.8172992,22.2289906],[-161.7614498,22.2366712],[-161.7062091,22.2475792],[-161.6518094,22.2616794],[-161.5984597,22.2789189],[-161.5463497,22.2992207],[-161.4957099,22.3224992],[-161.4467093,22.3486902],[-161.3995602,22.37767],[-161.3544399,22.4093403],[-161.3115298,22.4435573],[-161.2709892,22.4802203],[-161.2329801,22.5191588],[-161.1976593,22.5602303],[-161.1651603,22.6032704],[-161.1356198,22.6481202],[-161.109151,22.6946005],[-161.0858597,22.7425206],[-161.0658401,22.791702],[-161.0491897,22.8419502],[-161.0359498,22.8930692],[-161.0261997,22.9448501],[-161.0199797,22.9971106],[-161.0172993,23.0496111],[-161.0181991,23.1021699],[-161.0226591,23.154581],[-161.0306689,23.2066209],[-161.0422095,23.2580909],[-161.0572392,23.3087896],[-161.0756895,23.3585109],[-161.0975082,23.4070689],[-161.1225998,23.4542499],[-161.1508697,23.4998879],[-161.182209,23.5437879],[-161.2164997,23.5857794],[-161.2535996,23.6256983],[-161.2933693,23.6633797],[-161.3356587,23.698679],[-161.3802892,23.7314383],[-161.4270794,23.7615469],[-161.47586,23.7888792],[-161.5264198,23.8133189],[-161.5785688,23.8347784],[-161.6321002,23.8531595],[-161.6867906,23.8683896],[-161.7424198,23.8804183],[-163.0,24.1143522],[-163.0,26.5420164],[-163.00247,26.5432],[-163.0189,26.55099],[-163.03538,26.5587],[-163.0519,26.56634],[-163.06847,26.5739],[-163.08508,26.58139],[-163.10173,26.58879],[-163.11843,26.59612],[-163.13517,26.60338],[-163.15195,26.61055],[-163.16878,26.61765],[-163.18564,26.62468],[-163.20255,26.63162],[-163.21949,26.63849],[-163.23648,26.64527],[-163.25351,26.65198],[-163.27057,26.65861],[-163.28767,26.66517],[-163.30481,26.67164],[-163.32199,26.67803],[-163.33921,26.68435],[-163.35646,26.69058],[-163.37375,26.69674],[-163.39108,26.70282],[-163.40844,26.70881],[-163.42583,26.71473],[-163.44326,26.72057],[-163.46073,26.72632],[-163.47823,26.732],[-163.49576,26.73759],[-163.51332,26.74311],[-163.53091,26.74854],[-163.54854,26.75389],[-163.5662,26.75916],[-163.58389,26.76435],[-163.60161,26.76946],[-163.61936,26.77449],[-163.63713,26.77943],[-163.65494,26.78429],[-163.67278,26.78907],[-163.69064,26.79377],[-163.70853,26.79839],[-163.72645,26.80292],[-163.74439,26.80737],[-163.76236,26.81174],[-163.78035,26.81602],[-163.79837,26.82023],[-163.81642,26.82435],[-163.83449,26.82838],[-163.85258,26.83233],[-163.87069,26.8362],[-163.88883,26.83999],[-163.90699,26.84369],[-163.92517,26.84731],[-163.94337,26.85085],[-163.9616,26.8543],[-163.97984,26.85766],[-163.9981,26.86095],[-164.01638,26.86414],[-164.03468,26.86726],[-164.053,26.87029],[-164.07134,26.87323],[-164.08969,26.8761],[-164.10806,26.87887],[-164.12644,26.88156],[-164.14484,26.88417],[-164.16326,26.88669],[-164.18169,26.88913],[-164.20014,26.89148],[-164.21859,26.89375],[-164.23707,26.89593],[-164.25555,26.89803],[-164.27405,26.90004],[-164.29255,26.90197],[-164.31107,26.90381],[-164.3296,26.90557],[-164.34814,26.90724],[-164.36669,26.90883],[-164.38525,26.91033],[-164.40382,26.91174],[-164.42239,26.91307],[-164.44097,26.91431],[-164.45956,26.91547],[-164.47816,26.91654],[-164.49676,26.91753],[-164.51537,26.91843],[-164.53398,26.91925],[-164.5526,26.91998],[-164.57122,26.92062],[-164.58985,26.92118],[-164.60847,26.92165],[-164.62711,26.92204],[-164.64574,26.92234],[-164.66437,26.92255],[-164.68301,26.92268],[-164.70702,26.92271],[-164.72188,26.92848],[-164.73902,26.93503],[-164.76161,26.94353],[-164.78769,26.95367],[-164.80484,26.96023],[-164.82203,26.9667],[-164.83952,26.9732],[-164.85678,26.97951],[-164.87408,26.98575],[-164.89141,26.99191],[-164.90878,26.99799],[-164.92619,27.00399],[-164.94363,27.00991],[-164.9611,27.01574],[-164.97861,27.0215],[-164.99615,27.02718],[-165.01373,27.03278],[-165.03134,27.03829],[-165.04898,27.04373],[-165.06665,27.04908],[-165.07734,27.05226],[-165.0857,27.06209],[-165.09708,27.07533],[-165.10854,27.08851],[-165.12007,27.10165],[-165.13168,27.11473],[-165.14337,27.12776],[-165.15513,27.14073],[-165.16696,27.15365],[-165.17888,27.16652],[-165.19086,27.17933],[-165.20292,27.19208],[-165.21505,27.20479],[-165.22726,27.21743],[-165.23954,27.23002],[-165.25189,27.24256],[-165.26431,27.25504],[-165.27681,27.26746],[-165.28938,27.27982],[-165.30202,27.29213],[-165.31473,27.30438],[-165.32752,27.31657],[-165.34037,27.3287],[-165.3533,27.34078],[-165.36629,27.35279],[-165.37936,27.36475],[-165.39249,27.37665],[-165.40569,27.38848],[-165.41897,27.40026],[-165.43231,27.41198],[-165.44572,27.42363],[-165.45919,27.43522],[-165.47274,27.44676],[-165.48635,27.45823],[-165.50003,27.46964],[-165.51377,27.48098],[-165.52758,27.49226],[-165.54146,27.50348],[-165.5554,27.51464],[-165.56941,27.52573],[-165.58348,27.53676],[-165.59762,27.54773],[-165.61182,27.55863],[-165.62608,27.56947],[-165.64041,27.58024],[-165.6548,27.59094],[-165.66925,27.60158],[-165.68376,27.61215],[-165.69834,27.62266],[-165.71298,27.6331],[-165.72768,27.64348],[-165.74244,27.65379],[-165.75753,27.66421],[-165.77241,27.67439],[-165.78735,27.68449],[-165.80235,27.69453],[-165.81741,27.70449],[-165.83253,27.71439],[-165.8477,27.72422],[-165.86314,27.73412],[-165.87843,27.74381],[-165.89378,27.75343],[-165.90918,27.76298],[-165.92464,27.77246],[-165.94016,27.78187],[-165.95573,27.79121],[-165.97135,27.80048],[-165.98703,27.80968],[-166.00276,27.81881],[-166.01855,27.82786],[-166.03439,27.83685],[-166.05028,27.84576],[-166.06623,27.85459],[-166.08223,27.86336],[-166.10683,27.87664],[-166.13074,27.88933],[-166.14694,27.8978],[-166.1632,27.9062],[-166.1795,27.91453],[-166.19585,27.92278],[-166.21224,27.93095],[-166.22869,27.93905],[-166.24519,27.94708],[-166.26173,27.95503],[-166.27832,27.9629],[-166.29495,27.9707],[-166.31163,27.97842],[-166.32836,27.98607],[-166.34513,27.99364],[-166.36195,28.00114],[-166.37881,28.00856],[-166.39571,28.0159],[-166.41266,28.02316],[-166.42965,28.03035],[-166.44669,28.03746],[-166.46376,28.04449],[-166.48088,28.05144],[-166.49804,28.05832],[-166.51524,28.06511],[-166.53247,28.07183],[-166.54975,28.07847],[-166.56707,28.08504],[-166.58443,28.09152],[-166.60182,28.09792],[-166.61926,28.10425],[-166.63673,28.11049],[-166.65423,28.11666],[-166.67178,28.12274],[-166.68936,28.12875],[-166.70697,28.13467],[-166.72462,28.14052],[-166.74231,28.14628],[-166.76003,28.15197],[-166.77778,28.15757],[-166.7927,28.16221],[-166.81445,28.16886],[-166.8323,28.17422],[-166.85018,28.1795],[-166.8681,28.1847],[-166.88604,28.18981],[-166.90402,28.19485],[-166.92202,28.1998],[-166.94006,28.20467],[-166.95812,28.20946],[-166.97621,28.21416],[-166.99433,28.21878],[-167.01248,28.22332],[-167.03065,28.22778],[-167.04885,28.23216],[-167.06707,28.23645],[-167.08533,28.24066],[-167.1036,28.24478],[-167.1219,28.24882],[-167.14023,28.25278],[-167.15857,28.25666],[-167.17694,28.26045],[-167.19534,28.26416],[-167.21375,28.26778],[-167.23219,28.27132],[-167.25064,28.27478],[-167.26912,28.27815],[-167.28762,28.28144],[-167.30614,28.28464],[-167.32467,28.28776],[-167.34323,28.29079],[-167.3618,28.29374],[-167.38039,28.29661],[-167.399,28.29939],[-167.41762,28.30209],[-167.43626,28.3047],[-167.45491,28.30722],[-167.47358,28.30967],[-167.49226,28.31202],[-167.51096,28.31429],[-167.52967,28.31648],[-167.5484,28.31858],[-167.56713,28.3206],[-167.58588,28.32253],[-167.60464,28.32437],[-167.62341,28.32613],[-167.64219,28.3278],[-167.66098,28.32939],[-167.67978,28.33089],[-167.69859,28.33231],[-167.7174,28.33364],[-167.73622,28.33489],[-167.75506,28.33605],[-167.77405,28.33713],[-167.7929,28.33812],[-167.81175,28.33902],[-167.8306,28.33984],[-167.84946,28.34057],[-167.86833,28.34121],[-167.88719,28.34177],[-167.90606,28.34224],[-167.92494,28.34263],[-167.94381,28.34293],[-167.96269,28.34315],[-167.98156,28.34328],[-168.00044,28.34332],[-168.01247,28.3433],[-168.03135,28.3432],[-168.05022,28.34302],[-168.0691,28.34275],[-168.08797,28.34239],[-168.10684,28.34195],[-168.12571,28.34143],[-168.14458,28.34081],[-168.16344,28.34011],[-168.18229,28.33933],[-168.20114,28.33846],[-168.21999,28.3375],[-168.23883,28.33646],[-168.25766,28.33533],[-168.27649,28.33411],[-168.29531,28.33281],[-168.31412,28.33143],[-168.33292,28.32996],[-168.35172,28.3284],[-168.3705,28.32676],[-168.38927,28.32503],[-168.40804,28.32321],[-168.42679,28.32132],[-168.44553,28.31933],[-168.46426,28.31726],[-168.48297,28.31511],[-168.50167,28.31287],[-168.52036,28.31054],[-168.53904,28.30813],[-168.5577,28.30563],[-168.58345,28.30204],[-168.59198,28.30708],[-168.60773,28.31628],[-168.62353,28.32541],[-168.63939,28.33447],[-168.6553,28.34345],[-168.67127,28.35237],[-168.68728,28.36121],[-168.70335,28.36998],[-168.71947,28.37868],[-168.73565,28.3873],[-168.75187,28.39585],[-168.76815,28.40433],[-168.78447,28.41273],[-168.80085,28.42106],[-168.81727,28.42931],[-168.83374,28.43749],[-168.85026,28.44559],[-168.86683,28.45362],[-168.88345,28.46158],[-168.90012,28.46946],[-168.91683,28.47726],[-168.93358,28.48499],[-168.95039,28.49264],[-168.96724,28.50021],[-168.98413,28.50771],[-169.00107,28.51513],[-169.01805,28.52248],[-169.03508,28.52974],[-169.05215,28.53693],[-169.06926,28.54405],[-169.08641,28.55108],[-169.10361,28.55804],[-169.12085,28.56492],[-169.13813,28.57172],[-169.15544,28.57844],[-169.1728,28.58509],[-169.1902,28.59165],[-169.20764,28.59814],[-169.22511,28.60454],[-169.24263,28.61087],[-169.26018,28.61712],[-169.27777,28.62329],[-169.2954,28.62938],[-169.31306,28.63539],[-169.33075,28.64131],[-169.34849,28.64716],[-169.36626,28.65293],[-169.38406,28.65862],[-169.40189,28.66422],[-169.41976,28.66975],[-169.43767,28.67519],[-169.4556,28.68055],[-169.47357,28.68584],[-169.49156,28.69104],[-169.50959,28.69615],[-169.52765,28.70119],[-169.54574,28.70615],[-169.56386,28.71102],[-169.58201,28.71581],[-169.60019,28.72052],[-169.61839,28.72514],[-169.63662,28.72968],[-169.65488,28.73414],[-169.67317,28.73852],[-169.69148,28.74281],[-169.70982,28.74702],[-169.72818,28.75115],[-169.74657,28.7552],[-169.76498,28.75916],[-169.78341,28.76303],[-169.80187,28.76683],[-169.82035,28.77054],[-169.83885,28.77416],[-169.85738,28.77771],[-169.87592,28.78116],[-169.89449,28.78454],[-169.91307,28.78783],[-169.93168,28.79103],[-169.9503,28.79415],[-169.96895,28.79719],[-169.98761,28.80014],[-170.00629,28.80301],[-170.02498,28.80579],[-170.04369,28.80849],[-170.06242,28.8111],[-170.08117,28.81363],[-170.09992,28.81607],[-170.1187,28.81843],[-170.13748,28.8207],[-170.16443,28.8238],[-170.17815,28.82942],[-170.19539,28.83638],[-170.21267,28.84326],[-170.23,28.85006],[-170.24736,28.85678],[-170.26477,28.86343],[-170.28221,28.87],[-170.29969,28.87649],[-170.31721,28.88289],[-170.33477,28.88922],[-170.35237,28.89547],[-170.37,28.90164],[-170.38768,28.90773],[-170.40538,28.91374],[-170.42313,28.91967],[-170.44091,28.92552],[-170.45872,28.93129],[-170.47657,28.93698],[-170.49445,28.94259],[-170.51237,28.94812],[-170.53032,28.95356],[-170.5483,28.95893],[-170.56631,28.96421],[-170.58436,28.96941],[-170.60244,28.97453],[-170.62054,28.97957],[-170.63868,28.98452],[-170.65685,28.9894],[-170.67504,28.99419],[-170.69327,28.9989],[-170.71152,29.00353],[-170.7298,29.00807],[-170.74811,29.01253],[-170.76644,29.01691],[-170.7848,29.0212],[-170.80319,29.02542],[-170.8216,29.02955],[-170.84004,29.03359],[-170.8585,29.03755],[-170.87698,29.04143],[-170.89549,29.04523],[-170.91402,29.04894],[-170.93257,29.05256],[-170.95114,29.05611],[-170.96973,29.05957],[-170.98835,29.06294],[-171.00698,29.06623],[-171.02564,29.06944],[-171.04431,29.07256],[-171.06301,29.0756],[-171.08172,29.07855],[-171.10044,29.08142],[-171.11919,29.0842],[-171.13795,29.0869],[-171.15673,29.08951],[-171.17552,29.09204],[-171.19176,29.09416],[-171.21351,29.09689],[-171.23235,29.09916],[-171.2512,29.10135],[-171.27006,29.10345],[-171.28894,29.10547],[-171.30782,29.1074],[-171.32672,29.10925],[-171.34563,29.11101],[-171.36455,29.11269],[-171.38349,29.11427],[-171.40242,29.11578],[-171.42137,29.1172],[-171.44033,29.11853],[-171.4593,29.11978],[-171.47827,29.12094],[-171.50553,29.1225],[-171.52452,29.12349],[-171.54351,29.124389999999998],[-171.5625,29.12521],[-171.5815,29.12594],[-171.60051,29.12658],[-171.61952,29.12714],[-171.63853,29.12762],[-171.65754,29.128],[-171.67656,29.1283],[-171.69558,29.12852],[-171.7146,29.12865],[-171.73362,29.12869],[-171.76475,29.12858],[-171.78377,29.12839],[-171.80279,29.12812],[-171.8218,29.12777],[-171.84082,29.12732],[-171.85983,29.1268],[-171.87883,29.12618],[-171.89783,29.12548],[-171.91683,29.1247],[-171.93582,29.12382],[-171.95481,29.12287],[-171.9677606,29.1221536],[-171.97379,29.12182],[-171.99277,29.12069],[-172.01174,29.11948],[-172.0307,29.11818],[-172.04965,29.11679],[-172.06859,29.11532],[-172.08753,29.11376],[-172.10645,29.11211],[-172.12536,29.11038],[-172.14427,29.10857],[-172.16316,29.10667],[-172.1827,29.10461],[-172.18795,29.1175],[-172.19445,29.13319],[-172.20104,29.14885],[-172.20773,29.16449],[-172.2145,29.1801],[-172.22136,29.19567],[-172.22832,29.21122],[-172.23535999999999,29.22673],[-172.2425,29.24221],[-172.24972,29.25766],[-172.25704,29.27308],[-172.26444,29.28847],[-172.27194,29.30382],[-172.27952,29.31914],[-172.2872,29.33442],[-172.29496,29.34967],[-172.30281,29.36489],[-172.31076,29.38007],[-172.31879,29.39522],[-172.3269,29.41033],[-172.33511,29.4254],[-172.34341,29.44044],[-172.35179,29.45544],[-172.36026,29.4704],[-172.36882,29.48533],[-172.37747,29.50021],[-172.3862,29.51506],[-172.39503,29.52987],[-172.40393,29.54464],[-172.41293,29.55937],[-172.42201,29.57406],[-172.43118,29.58871],[-172.44043,29.60332],[-172.44977,29.61789],[-172.4592,29.63241],[-172.46871,29.6469],[-172.47831,29.66134],[-172.48799,29.67574],[-172.49776,29.6901],[-172.50761,29.70441],[-172.51755,29.71868],[-172.52757,29.7329],[-172.53767,29.74708],[-172.54785999999999,29.76121],[-172.55814,29.7753],[-172.56849,29.78935],[-172.57893,29.80334],[-172.58945,29.8173],[-172.60191,29.83363],[-172.6126,29.84748],[-172.62337,29.86129],[-172.63422,29.87505],[-172.64515,29.88877],[-172.65617,29.90243],[-172.66726,29.91605],[-172.67844,29.92961],[-172.6897,29.94313],[-172.70104,29.95659],[-172.71245,29.97001],[-172.72395,29.98337],[-172.73553,29.99669],[-172.74718,30.00995],[-172.75892,30.02316],[-172.77073,30.03632],[-172.78262,30.04942],[-172.79459,30.06247],[-172.80664,30.07547],[-172.81877,30.08842],[-172.83097,30.10131],[-172.84983,30.12097],[-172.86966,30.14133],[-172.88217,30.154],[-172.89476,30.16662],[-172.90742,30.17918],[-172.92015,30.19169],[-172.93297,30.20413],[-172.94585,30.21653],[-172.95881,30.22886],[-172.97185,30.24113],[-172.98495,30.25335],[-172.99814,30.26551],[-173.01139,30.27761],[-173.02472,30.28965],[-173.03812,30.30164],[-173.05159,30.31356],[-173.06513,30.32542],[-173.07874,30.33723],[-173.09243,30.34897],[-173.10618,30.36065],[-173.12001,30.37227],[-173.13391,30.38383],[-173.14787,30.39533],[-173.17109,30.41424],[-173.1852,30.42561],[-173.19937,30.43692],[-173.21361,30.44817],[-173.22792,30.45935],[-173.2423,30.47047],[-173.25674,30.48153],[-173.27125,30.49252],[-173.28583,30.50345],[-173.30048,30.51431],[-173.31518,30.52511],[-173.32996,30.53584],[-173.3448,30.54651],[-173.36308,30.55951],[-173.37805,30.57004],[-173.39308,30.58051],[-173.40818,30.59091],[-173.42334,30.60124],[-173.43856,30.61151],[-173.45308,30.6212],[-173.47526,30.63588],[-173.49067,30.64594],[-173.50614,30.65593],[-173.52166,30.66586],[-173.53725,30.67571],[-173.5529,30.6855],[-173.56861,30.69522],[-173.58438,30.70487],[-173.60021,30.71444],[-173.61609,30.72395],[-173.63204,30.73339],[-173.64804,30.74275],[-173.6641,30.75205],[-173.68047,30.76142],[-173.69665,30.77057],[-173.71287,30.77965],[-173.72915,30.78866],[-173.74829,30.79912],[-173.76406,30.80764],[-173.7805,30.81643],[-173.797,30.82515],[-173.81355,30.83379],[-173.83016,30.84236],[-173.84682,30.85086],[-173.86352,30.85928],[-173.88028,30.86763],[-173.8971,30.8759],[-173.91396,30.8841],[-173.92715,30.89045],[-173.95093,30.90176],[-173.96794,30.90974],[-173.985,30.91763],[-174.00211,30.92546],[-174.01927,30.9332],[-174.03647,30.94087],[-174.05372,30.94847],[-174.07102,30.95598],[-174.08836,30.96342],[-174.10575,30.97079],[-174.12318,30.97807],[-174.14066,30.98528],[-174.15818,30.99241],[-174.18254,31.0022],[-174.20015,31.00917],[-174.2178,31.01607],[-174.23549,31.02289],[-174.25323,31.02963],[-174.27101,31.03629],[-174.28883,31.04287],[-174.30669,31.04937],[-174.32458,31.0558],[-174.34252,31.06214],[-174.3605,31.0684],[-174.37851,31.07459],[-174.39657,31.08069],[-174.41466,31.08672],[-174.43279,31.09266],[-174.45095,31.09852],[-174.46915,31.10431],[-174.48739,31.11001],[-174.50566,31.11563],[-174.52396,31.12117],[-174.5423,31.12663],[-174.56068,31.13201],[-174.57908,31.1373],[-174.59752,31.14252],[-174.61599,31.14765],[-174.63449,31.1527],[-174.65303,31.15766],[-174.67159,31.16255],[-174.69018,31.16735],[-174.70881,31.17207],[-174.72746,31.17671],[-174.74614,31.18127],[-174.76485,31.18574],[-174.78358,31.19013],[-174.80235,31.19443],[-174.82113,31.19866],[-174.84169,31.20317],[-174.86053,31.20723],[-174.8794,31.2112],[-174.89829,31.21509],[-174.9172,31.21889],[-174.93614,31.22261],[-174.9551,31.22625],[-174.97408,31.2298],[-174.99308,31.23327],[-175.01211,31.23665],[-175.03116,31.23995],[-175.05022,31.24317],[-175.06931,31.2463],[-175.1002,31.25118],[-175.11605,31.25362],[-175.13519,31.2565],[-175.15435,31.25929],[-175.17352,31.26199],[-175.1959,31.26504],[-175.21511,31.26758],[-175.23433,31.27003],[-175.25357,31.27239],[-175.27283,31.27467],[-175.2921,31.27686],[-175.31138,31.27897],[-175.33067,31.28099],[-175.34998,31.28293],[-175.3693,31.28478],[-175.38863,31.28654],[-175.40797,31.28822],[-175.42732,31.28982],[-175.44668,31.29133],[-175.46605,31.29275],[-175.48543,31.29408],[-175.50482,31.29533],[-175.52421,31.2965],[-175.54361,31.29757],[-175.56302,31.29857],[-175.57635,31.2992],[-175.60521,31.30044],[-175.62463,31.30118],[-175.64406,31.30182],[-175.66349,31.30239],[-175.68884,31.30301],[-175.70827,31.3034],[-175.72778,31.3037],[-175.7479,31.31188],[-175.76553,31.31893],[-175.78319,31.32591],[-175.8009,31.33281],[-175.81866,31.33963],[-175.83645,31.34637],[-175.85491,31.35327],[-175.87279,31.35985],[-175.89071,31.36636],[-175.90867,31.37278],[-175.92666,31.37913],[-175.9447,31.3854],[-175.96277,31.39158],[-175.98089,31.39769],[-175.99904,31.40372],[-176.01722,31.40966],[-176.03545,31.41553],[-176.05371,31.42131],[-176.072,31.42702],[-176.09033,31.43264],[-176.1087,31.43818],[-176.1271,31.44364],[-176.14553,31.44902],[-176.164,31.45432],[-176.1825,31.45953],[-176.20103,31.46467],[-176.21959,31.46972],[-176.23819,31.47469],[-176.25681,31.47958],[-176.27547,31.48438],[-176.29415,31.4891],[-176.31287,31.49374],[-176.33102,31.49816],[-176.35216,31.5032],[-176.37096,31.50759],[-176.39398,31.51286],[-176.42042,31.51876],[-176.43436,31.52181],[-176.45327,31.52586],[-176.47219,31.52984],[-176.49115,31.53373],[-176.51013,31.53753],[-176.52913,31.54125],[-176.54815,31.54489],[-176.56944,31.54886],[-176.58653,31.55196],[-176.60562,31.55535],[-176.62473,31.55865],[-176.64386,31.56186],[-176.66301,31.56499],[-176.68218,31.56804],[-176.70137,31.571],[-176.72058,31.57387],[-176.7398,31.57667],[-176.75904,31.57937],[-176.7783,31.58199],[-176.79757,31.58453],[-176.81686,31.58698],[-176.83617,31.58934],[-176.85549,31.59162],[-176.87482,31.59382],[-176.89417,31.59593],[-176.91353,31.59795],[-176.9329,31.59989],[-176.95228,31.60174],[-176.97168,31.60351],[-176.99108,31.60519],[-177.01349,31.60703],[-177.03291,31.60854],[-177.04996,31.60979],[-177.06845,31.61536],[-177.08689,31.62082],[-177.10536,31.6262],[-177.12386,31.6315],[-177.14239,31.63671],[-177.16303,31.64242],[-177.1827,31.64776],[-177.20133,31.65273],[-177.21999,31.65762],[-177.23868,31.66243],[-177.2574,31.66715],[-177.27615,31.67179],[-177.29492,31.67635],[-177.31373,31.68082],[-177.33256,31.68521],[-177.35142,31.68952],[-177.37031,31.69375],[-177.38923,31.69789],[-177.40817,31.70195],[-177.42713,31.70592],[-177.44612,31.70981],[-177.46513,31.71362],[-177.48417,31.71734],[-177.50323,31.72098],[-177.52231,31.72453],[-177.54141,31.728],[-177.56613,31.73237],[-177.58528,31.73567],[-177.60444,31.73889],[-177.62363,31.74202],[-177.64284,31.74506],[-177.66206,31.74803],[-177.6813,31.7509],[-177.70056,31.7537],[-177.71984,31.7564],[-177.73914,31.75902],[-177.75845,31.76156],[-177.77777,31.76401],[-177.79712,31.76638],[-177.81647,31.76866],[-177.83648,31.77092],[-177.85587,31.77303],[-177.87526,31.77506],[-177.89467,31.77699],[-177.91409,31.77885],[-177.93352,31.78061],[-177.95297,31.78229],[-177.97242,31.78389],[-177.99188,31.7854],[-178.01136,31.78682],[-178.03084,31.78816],[-178.05032,31.78941],[-178.06982,31.79057],[-178.08932,31.79165],[-178.10883,31.79264],[-178.12835,31.79355],[-178.14787,31.79437],[-178.1674,31.7951],[-178.18693,31.79575],[-178.20646,31.79631],[-178.226,31.79678],[-178.2458,31.79718],[-178.26534,31.79748],[-178.28488,31.79769],[-178.30443,31.79782],[-178.32397,31.79787],[-178.35597,31.79775],[-178.37551,31.79757],[-178.39506,31.7973],[-178.4146,31.79694],[-178.43414,31.79649],[-178.45367,31.79597],[-178.47942,31.79515],[-178.49895,31.79445],[-178.51847,31.79366],[-178.53799,31.79279],[-178.5575,31.79183],[-178.57701,31.79078],[-178.59651,31.78965],[-178.616,31.78843],[-178.63548,31.78712],[-178.65496,31.78573],[-178.67443,31.78425],[-178.69388,31.78269],[-178.71333,31.78104],[-178.73276,31.77931],[-178.75219,31.77748],[-178.7716,31.77558],[-178.791,31.77359],[-178.81039,31.77151],[-178.8407,31.76808],[-178.86875,31.76473],[-178.88808,31.76231],[-178.9074,31.7598],[-178.9267,31.75721],[-178.94361,31.75487],[-178.96911,31.75123],[-178.98836,31.74839],[-179.00759,31.74546],[-179.0268,31.74244],[-179.04599,31.73934],[-179.06517,31.73616],[-179.08432,31.73289],[-179.10345,31.72953],[-179.12257,31.72609],[-179.14166,31.72257],[-179.16072,31.71896],[-179.17977,31.71527],[-179.19879,31.71149],[-179.21779,31.70763],[-179.23676,31.70369],[-179.25571,31.69966],[-179.28244,31.69383],[-179.31327,31.686889999999998],[-179.34262,31.68006],[-179.36143,31.67562],[-179.38022,31.67109],[-179.39898,31.66648],[-179.41771,31.66179],[-179.43641,31.65701],[-179.45508,31.65215],[-179.47372,31.64721],[-179.49233,31.64219],[-179.50736,31.63807],[-179.52993,31.63177],[-179.54845,31.6265],[-179.56693,31.62115],[-179.58537,31.61571],[-179.60379,31.6102],[-179.62216,31.60461],[-179.64051,31.59893],[-179.65881,31.59317],[-179.67708,31.58734],[-179.69532,31.58142],[-179.71352,31.57542],[-179.73167,31.56934],[-179.7498,31.56318],[-179.76788,31.55694],[-179.78592,31.55063],[-179.80393,31.54423],[-179.82189,31.53775],[-179.83982,31.53119],[-179.8577,31.52456],[-179.87554,31.51784],[-179.89334,31.51105],[-179.9111,31.50418],[-179.92881,31.49723],[-179.94648,31.4902],[-179.96411,31.48309],[-179.98169,31.47591],[-179.99923,31.46865],[-180.0,31.46832],[-180.0,25.38975],[-179.98358,25.38259],[-179.96894,25.37627],[-179.9501,25.36824],[-179.93341,25.36122],[-179.91668,25.35428],[-179.89992,25.34741],[-179.88312,25.34062],[-179.86629,25.3339],[-179.84942,25.32725],[-179.83252,25.32068],[-179.81558,25.31418],[-179.79861,25.30776],[-179.78161,25.30142],[-179.76457,25.29514],[-179.7475,25.28895],[-179.7304,25.28283],[-179.71327,25.27678],[-179.69611,25.27082],[-179.67891,25.26492],[-179.66169,25.25911],[-179.64443,25.25337],[-179.62715,25.2477],[-179.60983,25.24212],[-179.59249,25.23661],[-179.57512,25.23117],[-179.55772,25.22581],[-179.54029,25.22053],[-179.52284,25.21533],[-179.50535,25.21021],[-179.48785,25.20516],[-179.47031,25.20019],[-179.45275,25.19529],[-179.43517,25.19048],[-179.41682,25.18554],[-179.39965,25.18101],[-179.38199,25.17643],[-179.35745,25.17018],[-179.33975,25.16576],[-179.32202,25.16141],[-179.30427,25.15714],[-179.2865,25.15295],[-179.26871,25.14884],[-179.25089,25.14481],[-179.23306,25.14085],[-179.2152,25.13698],[-179.19733,25.13318],[-179.17943,25.12947],[-179.16152,25.12583],[-179.14358,25.12227],[-179.12563,25.11879],[-179.10766,25.11539],[-179.08968,25.11207],[-179.07167,25.10883],[-179.05365,25.10567],[-179.03562,25.10259],[-179.01757,25.09959],[-178.9995,25.09667],[-178.96561,25.09137],[-178.93985,25.08743],[-178.92174,25.08474],[-178.90362,25.08214],[-178.88548,25.07962],[-178.86733,25.07718],[-178.84917,25.07482],[-178.83077,25.07251],[-178.81258,25.07032],[-178.79438,25.0682],[-178.77618,25.06616],[-178.75796,25.0642],[-178.73973,25.06232],[-178.72149,25.06053],[-178.70079,25.05859],[-178.67822,25.05116],[-178.66093,25.04557],[-178.64362,25.04006],[-178.62627,25.03462],[-178.60799,25.02898],[-178.59059,25.0237],[-178.57317,25.0185],[-178.55571,25.01337],[-178.53824,25.00832],[-178.52073,25.00335],[-178.5032,24.99845],[-178.48564,24.99364],[-178.46806,24.9889],[-178.45046,24.98424],[-178.43283,24.97965],[-178.41517,24.97515],[-178.3975,24.97072],[-178.3798,24.96637],[-178.36207,24.96211],[-178.34433,24.95791],[-178.32657,24.9538],[-178.30878,24.94977],[-178.29097,24.94581],[-178.27315,24.94194],[-178.2553,24.93814],[-178.23743,24.93442],[-178.21955,24.93079],[-178.20164,24.92723],[-178.18372,24.92375],[-178.15863,24.91901],[-178.14067,24.91569],[-178.1227,24.91245],[-178.1047,24.90929],[-178.0867,24.90621],[-178.06867,24.90321],[-178.05063,24.90028],[-178.03258,24.89744],[-178.01451,24.89468],[-177.99643,24.892],[-177.97196,24.8885],[-177.95924,24.88674],[-177.94112,24.8843],[-177.92299,24.88194],[-177.90484,24.87966],[-177.88668,24.87746],[-177.86852,24.87534],[-177.85034,24.8733],[-177.83691,24.87185],[-177.81406,24.85997],[-177.79809,24.85179],[-177.78208,24.84368],[-177.76602,24.83564],[-177.74993,24.82767],[-177.73379,24.81977],[-177.71762,24.81195],[-177.7014,24.8042],[-177.68514,24.79652],[-177.66884,24.78891],[-177.65251,24.78137],[-177.63613,24.77391],[-177.61972,24.76652],[-177.60326,24.7592],[-177.58677,24.75196],[-177.57024,24.74479],[-177.55368,24.7377],[-177.53708,24.73067],[-177.52044,24.72372],[-177.50376,24.71685],[-177.48705,24.71005],[-177.47031,24.70332],[-177.45353,24.69667],[-177.43672,24.6901],[-177.41987,24.68359],[-177.40299,24.67717],[-177.38607,24.67082],[-177.3625,24.6621],[-177.35511,24.64776],[-177.34725,24.63267],[-177.3393,24.61763],[-177.33127,24.60261],[-177.32316,24.58764],[-177.31498,24.5727],[-177.30671,24.5578],[-177.29836,24.54293],[-177.28994,24.5281],[-177.28143,24.51332],[-177.27285,24.49857],[-177.26419,24.48385],[-177.25545,24.46918],[-177.24663,24.45455],[-177.23774,24.43996],[-177.22877,24.4254],[-177.21972,24.41089],[-177.21059,24.39642],[-177.20139,24.38199],[-177.19211,24.3676],[-177.18275,24.35326],[-177.17332,24.33895],[-177.16381,24.32469],[-177.15423,24.31048],[-177.14457,24.2963],[-177.13484,24.28217],[-177.12503,24.26808],[-177.11515,24.25404],[-177.1052,24.24004],[-177.09517,24.22609],[-177.08506,24.21218],[-177.07489,24.19832],[-177.06464,24.18451],[-177.05431,24.17074],[-177.04392,24.15702],[-177.03345,24.14334],[-177.02291,24.12971],[-177.0123,24.11613],[-177.00162,24.1026],[-176.99086,24.08912],[-176.98004,24.07568],[-176.96914,24.0623],[-176.95818,24.04896],[-176.94714,24.03567],[-176.93603,24.02243],[-176.92486,24.00925],[-176.91361,23.99611],[-176.9023,23.98303],[-176.89092,23.96999],[-176.87947,23.95701],[-176.86795,23.94408],[-176.85636,23.9312],[-176.84471,23.91837],[-176.83299,23.9056],[-176.8212,23.89288],[-176.80934,23.88021],[-176.79742,23.86759],[-176.78544,23.85503],[-176.77338,23.84253],[-176.76126,23.83008],[-176.74908,23.81768],[-176.73683,23.80534],[-176.72452,23.79305],[-176.71214,23.78082],[-176.6997,23.76865],[-176.6872,23.75653],[-176.67463,23.74447],[-176.662,23.73246],[-176.64931,23.72052],[-176.63655,23.70863],[-176.62374,23.69679],[-176.61086,23.68502],[-176.59792,23.6733],[-176.58492,23.66165],[-176.57185,23.65005],[-176.55873,23.63851],[-176.54555,23.62703],[-176.53231,23.61561],[-176.51901,23.60425],[-176.50564,23.59294],[-176.49222,23.5817],[-176.47875,23.57053],[-176.46521,23.55941],[-176.45162,23.54835],[-176.43797,23.53735],[-176.42426,23.52642],[-176.41049,23.51555],[-176.39667,23.50474],[-176.38279,23.49399],[-176.36886,23.4833],[-176.35487,23.47268],[-176.34083,23.46212],[-176.32673,23.45163],[-176.31258,23.4412],[-176.29837,23.43083],[-176.28411,23.42053],[-176.2698,23.41029],[-176.25543,23.40012],[-176.24101,23.39001],[-176.22654,23.37996],[-176.21201,23.36999],[-176.19744,23.36007],[-176.18281,23.35023],[-176.16813,23.34045],[-176.15341,23.33073],[-176.13863,23.32109],[-176.1238,23.3115],[-176.10892,23.30199],[-176.09399,23.29254],[-176.07902,23.28317],[-176.064,23.27386],[-176.04892,23.26461],[-176.0338,23.25544],[-176.01864,23.24633],[-176.00342,23.23729],[-175.98816,23.22832],[-175.97286,23.21942],[-175.9575,23.21059],[-175.9421,23.20183],[-175.92666,23.19314],[-175.91117,23.18452],[-175.89564,23.17597],[-175.88006,23.16748],[-175.86445,23.15907],[-175.84878,23.15073],[-175.83308,23.14246],[-175.81733,23.13426],[-175.80154,23.12614],[-175.7857,23.11808],[-175.76983,23.11009],[-175.75391,23.10218],[-175.73796,23.09434],[-175.72196,23.08657],[-175.70593,23.07888],[-175.68985,23.07125],[-175.67374,23.0637],[-175.65758,23.05622],[-175.64139,23.04882],[-175.62516,23.04148],[-175.6089,23.03423],[-175.59259,23.02704],[-175.57625,23.01993],[-175.55987,23.01289],[-175.54346,23.00593],[-175.52701,22.99904],[-175.51053,22.99222],[-175.49401,22.98548],[-175.47745,22.97882],[-175.46086,22.97223],[-175.44424,22.96571],[-175.42759,22.95927],[-175.4109,22.95291],[-175.39418,22.94662],[-175.37742,22.9404],[-175.36064,22.93426],[-175.34382,22.9282],[-175.32698,22.92221],[-175.3101,22.9163],[-175.29319,22.91047],[-175.27625,22.90471],[-175.25929,22.89903],[-175.24229,22.89343],[-175.22527,22.8879],[-175.20821,22.88245],[-175.19113,22.87707],[-175.17403,22.87178],[-175.15689,22.86656],[-175.13973,22.86142],[-175.12254,22.85635],[-175.10533,22.85137],[-175.08809,22.84646],[-175.07082,22.84163],[-175.05354,22.83688],[-175.03622,22.8322],[-175.01889,22.82761],[-175.00153,22.82309],[-174.98414,22.81865],[-174.96674,22.81429],[-174.94931,22.81001],[-174.93186,22.8058],[-174.91439,22.80168],[-174.8969,22.79764],[-174.87939,22.79367],[-174.86185,22.78978],[-174.8443,22.78597],[-174.82673,22.78225],[-174.80914,22.7786],[-174.79153,22.77503],[-174.77391,22.77154],[-174.75626,22.76813],[-174.7386,22.7648],[-174.72092,22.76155],[-174.70322,22.75838],[-174.68551,22.75529],[-174.66779,22.75228],[-174.65004,22.74935],[-174.63229,22.7465],[-174.61452,22.74373],[-174.59673,22.74104],[-174.57893,22.73843],[-174.56112,22.7359],[-174.5433,22.73345],[-174.52546,22.73108],[-174.50761,22.7288],[-174.48975,22.72659],[-174.47188,22.72446],[-174.454,22.72242],[-174.4361,22.72045],[-174.4182,22.71857],[-174.40029,22.71677],[-174.38237,22.71505],[-174.36444,22.71341],[-174.3465,22.71185],[-174.32856,22.71037],[-174.3106,22.70897],[-174.29264,22.70766],[-174.27468,22.70642],[-174.2567,22.70527],[-174.23873,22.7042],[-174.22074,22.70321],[-174.20275,22.7023],[-174.18476,22.70147],[-174.16677,22.70072],[-174.14877,22.70006],[-174.13076,22.69947],[-174.11276,22.69897],[-174.09475,22.69855],[-174.07674,22.69821],[-174.05872,22.69795],[-174.04071,22.69777],[-174.0227,22.69767],[-174.00468,22.69766],[-173.98667,22.69772],[-173.96865,22.69787],[-173.95064,22.6981],[-173.93263,22.69841],[-173.91462,22.6988],[-173.89661,22.69928],[-173.87861,22.69983],[-173.86061,22.70047],[-173.84261,22.70119],[-173.82462,22.70199],[-173.80663,22.70287],[-173.78864,22.70383],[-173.77066,22.70487],[-173.75269,22.706],[-173.73472,22.7072],[-173.71676,22.70849],[-173.6988,22.70985],[-173.68085,22.7113],[-173.66291,22.71283],[-173.64498,22.71444],[-173.62706,22.71614],[-173.60914,22.71791],[-173.59123,22.71976],[-173.57334,22.7217],[-173.55545,22.72371],[-173.53758,22.72581],[-173.51971,22.72799],[-173.50186,22.73024],[-173.48402,22.73258],[-173.46619,22.735],[-173.44837,22.7375],[-173.43057,22.74008],[-173.41278,22.74274],[-173.395,22.74548],[-173.37724,22.7483],[-173.35949,22.7512],[-173.34557,22.75354],[-173.33419,22.74845],[-173.31792,22.74126],[-173.30161,22.73415],[-173.28527,22.72711],[-173.26889,22.72014],[-173.25248,22.71325],[-173.23603,22.70644],[-173.21954,22.69969],[-173.20302,22.69302],[-173.18647,22.68643],[-173.16989,22.67991],[-173.15327,22.67347],[-173.13661,22.6671],[-173.11993,22.66081],[-173.10321,22.65459],[-173.08646,22.64845],[-173.06968,22.64239],[-173.05287,22.6364],[-173.03603,22.63049],[-173.01916,22.62465],[-173.00226,22.61889],[-172.98533,22.61321],[-172.96837,22.6076],[-172.95138,22.60207],[-172.93436,22.59662],[-172.91732,22.59124],[-172.90024,22.58595],[-172.88315,22.58072],[-172.86602,22.57558],[-172.84887,22.57052],[-172.83169,22.56553],[-172.81449,22.56062],[-172.79726,22.55579],[-172.78001,22.55103],[-172.76273,22.54635],[-172.74543,22.54176],[-172.72811,22.53724],[-172.71076,22.5328],[-172.69339,22.52844],[-172.676,22.52415],[-172.65859,22.51995],[-172.64116,22.51582],[-172.6237,22.51178],[-172.60622,22.50781],[-172.58873,22.50392],[-172.57121,22.50011],[-172.55368,22.49638],[-172.53613000000001,22.49273],[-172.51855,22.48916],[-172.50096,22.48567],[-172.48335,22.48226],[-172.46573,22.47893],[-172.44809,22.47567],[-172.43043,22.4725],[-172.41275,22.46941],[-172.39506,22.4664],[-172.37736,22.46347],[-172.35964,22.46062],[-172.3419,22.45785],[-172.32416,22.45515],[-172.30639,22.45254],[-172.28862,22.45001],[-172.27083,22.44757],[-172.25303,22.4452],[-172.23522,22.44291],[-172.2174,22.4407],[-172.19956,22.43858],[-172.18172,22.43653],[-172.16386,22.43457],[-172.14599,22.43268],[-172.12812,22.43088],[-172.11024,22.42916],[-172.09234,22.42752],[-172.07444,22.42596],[-172.05653,22.42448],[-172.03999,22.42319],[-172.02417,22.41712],[-172.00752,22.41083],[-172.0052522,22.4099849],[-171.99083,22.40461],[-171.97412,22.39847],[-171.95737,22.3924],[-171.94059,22.38641],[-171.92378,22.3805],[-171.90694,22.37466],[-171.89006,22.3689],[-171.87316,22.36321],[-171.85624,22.3576],[-171.83928,22.35207],[-171.82229,22.34662],[-171.80528,22.34124],[-171.78824,22.33594],[-171.77117,22.33072],[-171.75408,22.32557],[-171.73696,22.32051],[-171.71981,22.31552],[-171.70264,22.31061],[-171.68544,22.30577],[-171.66822,22.30102],[-171.65098,22.29634],[-171.63371,22.29174],[-171.61642,22.28722],[-171.5991,22.28278],[-171.58176,22.27841],[-171.5644,22.27413],[-171.54702,22.26992],[-171.52962,22.2658],[-171.5122,22.26175],[-171.49475,22.25778],[-171.47729,22.25389],[-171.4598,22.25008],[-171.4423,22.24635],[-171.42478,22.2427],[-171.40724,22.23912],[-171.38968,22.23563],[-171.3721,22.23222],[-171.35451,22.22889],[-171.3369,22.22563],[-171.31927,22.22246],[-171.30163,22.21937],[-171.28397,22.21636],[-171.2663,22.21342],[-171.24861,22.21057],[-171.23091,22.2078],[-171.21319,22.20511],[-171.19546,22.2025],[-171.17772,22.19997],[-171.15996,22.19752],[-171.14219,22.19515],[-171.12441,22.19286],[-171.10662,22.19065],[-171.08882,22.18852],[-171.071,22.18648],[-171.05318,22.18451],[-171.03535,22.18263],[-171.0175,22.18082],[-170.99965,22.1791],[-170.98179,22.17746],[-170.96392,22.1759],[-170.94605,22.17442],[-170.92816,22.17302],[-170.91027,22.17171],[-170.89237,22.17047],[-170.87447,22.16932],[-170.85656,22.16824],[-170.83865,22.16725],[-170.82073,22.16634],[-170.8028,22.16551],[-170.78488,22.16476],[-170.76695,22.1641],[-170.74901,22.16351],[-170.73107,22.16301],[-170.71313,22.16259],[-170.69519,22.16225],[-170.67725,22.16199],[-170.6593,22.16181],[-170.64136,22.16171],[-170.62315,22.1617],[-170.60521,22.16177],[-170.58726,22.16191],[-170.56932,22.16214],[-170.55138,22.16246],[-170.53344,22.16285],[-170.5155,22.16332],[-170.49756,22.16388],[-170.47963,22.16451],[-170.4617,22.16523],[-170.44378,22.16603],[-170.42586,22.16691],[-170.40794,22.16787],[-170.39003,22.16892],[-170.37212,22.17004],[-170.35422,22.17125],[-170.33633,22.17254],[-170.31844,22.1739],[-170.30056,22.17535],[-170.28269,22.17689],[-170.26483,22.1785],[-170.24697,22.18019],[-170.22913,22.18196],[-170.21129,22.18382],[-170.19346,22.18576],[-170.17565,22.18777],[-170.15784,22.18987],[-170.14004,22.19205],[-170.12226,22.19431],[-170.10449,22.19665],[-170.08673,22.19907],[-170.06898,22.20157],[-170.05124,22.20415],[-170.03352,22.20681],[-170.00654,22.21104],[-169.99229,22.2024],[-169.9772,22.19335],[-169.96206,22.18437],[-169.94687,22.17546],[-169.93164,22.16662],[-169.91637,22.15785],[-169.90105,22.14914],[-169.88568,22.14051],[-169.87027,22.13195],[-169.85482,22.12346],[-169.83932,22.11504],[-169.82378,22.10668],[-169.8082,22.0984],[-169.79258,22.0902],[-169.77691,22.08206],[-169.7612,22.07399],[-169.74545,22.066],[-169.72966,22.05807],[-169.71383,22.05022],[-169.69796,22.04245],[-169.68205,22.03474],[-169.6661,22.02711],[-169.65011,22.01955],[-169.63408,22.01206],[-169.61802,22.00464],[-169.60191,21.9973],[-169.58577,21.99003],[-169.56959,21.98284],[-169.55338,21.97572],[-169.53713,21.96867],[-169.52084,21.9617],[-169.50452,21.9548],[-169.48816,21.94798],[-169.47177,21.94123],[-169.45534,21.93455],[-169.43888,21.92796],[-169.42239,21.92143],[-169.40586,21.91498],[-169.3893,21.90861],[-169.3727,21.90231],[-169.35608,21.89609],[-169.33942,21.88994],[-169.32273,21.88387],[-169.30602,21.87788],[-169.28927,21.87196],[-169.27249,21.86612],[-169.25568,21.86035],[-169.23884,21.85466],[-169.21704,21.84743],[-169.20234,21.8284],[-169.19069,21.81197],[-169.18073,21.79808],[-169.17069,21.78424],[-169.16059,21.77045],[-169.15041,21.7567],[-169.14016,21.74299],[-169.12984,21.72934],[-169.11944,21.71573],[-169.10898,21.70217],[-169.09845,21.68866],[-169.08785,21.6752],[-169.07718,21.66179],[-169.06643,21.64842],[-169.05562,21.63511],[-169.04474,21.62184],[-169.03379,21.60863],[-169.02278,21.59546],[-169.01169,21.58235],[-169.00054,21.56929],[-168.9889,21.55579],[-168.97761,21.54283],[-168.96625,21.52993],[-168.95483,21.51707],[-168.94334,21.50427],[-168.93179,21.49152],[-168.92017,21.47883],[-168.90848,21.46618],[-168.89673,21.4536],[-168.88492,21.44106],[-168.87304,21.42858],[-168.86109,21.41616],[-168.84908,21.40379],[-168.83701,21.39148],[-168.82487,21.37922],[-168.81267,21.36702],[-168.80041,21.35487],[-168.78809,21.34278],[-168.7757,21.33075],[-168.76325,21.31877],[-168.75074,21.30686],[-168.73817,21.29499],[-168.72554,21.28319],[-168.71284,21.27145],[-168.70009,21.25976],[-168.68728,21.24814],[-168.6744,21.23657],[-168.66147,21.22506],[-168.64848,21.21361],[-168.63543,21.20222],[-168.62232,21.1909],[-168.60915,21.17963],[-168.59592,21.16842],[-168.58264,21.15728],[-168.5693,21.14619],[-168.5559,21.13517],[-168.54245,21.12421],[-168.52894,21.11331],[-168.51538,21.10247],[-168.50175,21.0917],[-168.48808,21.08098],[-168.47435,21.07034],[-168.46056,21.05975],[-168.44672,21.04923],[-168.43283,21.03877],[-168.41888,21.02838],[-168.40488,21.01805],[-168.39083,21.00778],[-168.37672,20.99758],[-168.36257,20.98745],[-168.34836,20.97738],[-168.3341,20.96737],[-168.31978,20.95743],[-168.30542,20.94756],[-168.29101,20.93776],[-168.27655,20.92802],[-168.26203,20.91834],[-168.24747,20.90874],[-168.23286,20.8992],[-168.2182,20.88973],[-168.20349,20.88032],[-168.18874,20.87099],[-168.17393,20.86172],[-168.15908,20.85252],[-168.14419,20.84339],[-168.12924,20.83433],[-168.11425,20.82533],[-168.09921,20.81641],[-168.08413,20.80755],[-168.06901,20.79877],[-168.05384,20.79005],[-168.03862,20.7814],[-168.02336,20.77283],[-168.00806,20.76432],[-167.99271,20.75589],[-167.97732,20.74752],[-167.96189,20.73923],[-167.94642,20.73101],[-167.9309,20.72286],[-167.91534,20.71478],[-167.89974,20.70677],[-167.88411,20.69884],[-167.86843,20.69097],[-167.85271,20.68318],[-167.83695,20.67547],[-167.82115,20.66782],[-167.80532,20.66025],[-167.78944,20.65275],[-167.77353,20.64532],[-167.75758,20.63797],[-167.74159,20.63069],[-167.72556,20.62348],[-167.7095,20.61635],[-167.69341,20.60929],[-167.67727,20.60231],[-167.6611,20.5954],[-167.6449,20.58856],[-167.62866,20.5818],[-167.61239,20.57512],[-167.59608,20.56851],[-167.57975,20.56197],[-167.56337,20.55551],[-167.54697,20.54913],[-167.52927,20.54233],[-167.5128,20.5361],[-167.4963,20.52994],[-167.47976,20.52386],[-167.4632,20.51786],[-167.44661,20.51193],[-167.42998,20.50608],[-167.41333,20.5003],[-167.39665,20.49461],[-167.37994,20.48898],[-167.3632,20.48344],[-167.34644,20.47797],[-167.32964,20.47258],[-167.31282,20.46727],[-167.29597,20.46204],[-167.2791,20.45688],[-167.2622,20.4518],[-167.24527,20.4468],[-167.22832,20.44188],[-167.21134,20.43703],[-167.19434,20.43226],[-167.17732,20.42757],[-167.163,20.4237],[-167.14691,20.41927],[-167.12986,20.41466],[-167.11279,20.41013],[-167.0957,20.40567],[-167.07858,20.4013],[-167.06144,20.397],[-167.04428,20.39279],[-167.0271,20.38865],[-167.0099,20.38459],[-166.99268,20.38062],[-166.96639,20.37468],[-166.94912,20.37086],[-166.93184,20.36712],[-166.91455,20.36346],[-166.89723,20.35988],[-166.87989,20.35638],[-166.86254,20.35296],[-166.84517,20.34961],[-166.82779,20.34635],[-166.81038,20.34317],[-166.79296,20.34007],[-166.77553,20.33705],[-166.75808,20.33411],[-166.74062,20.33125],[-166.72314,20.32848],[-166.70565,20.32578],[-166.68814,20.32316],[-166.67062,20.32062],[-166.65309,20.31817],[-166.63555,20.31579],[-166.61799,20.3135],[-166.60042,20.31129],[-166.57313,20.30796],[-166.55554,20.30591],[-166.53794,20.30394],[-166.52033,20.30205],[-166.50271,20.30025],[-166.48509,20.29852],[-166.46745,20.29687],[-166.44981,20.29531],[-166.43216,20.29383],[-166.4145,20.29243],[-166.39683,20.29111],[-166.37916,20.28987],[-166.3648,20.28892],[-166.34358,20.28762],[-166.32589,20.28663],[-166.3082,20.28571],[-166.2905,20.28488],[-166.2728,20.28413],[-166.25509,20.28346],[-166.23739,20.28288],[-166.21967,20.28237],[-166.20196,20.28195],[-166.18425,20.28161],[-166.16653,20.28135],[-166.14881,20.28117],[-166.13109,20.28107],[-166.11337,20.28106],[-166.09565,20.28113],[-166.07793,20.28128],[-166.06022,20.28151],[-166.0425,20.28182],[-166.02479,20.28221],[-166.00707,20.28269],[-165.98936,20.28324],[-165.97166,20.28388],[-165.95395,20.2846],[-165.93626,20.2854],[-165.91856,20.28629],[-165.90087,20.28725],[-165.88318,20.2883],[-165.8655,20.28942],[-165.84783,20.29063],[-165.83016,20.29192],[-165.8125,20.2933],[-165.79485,20.29475],[-165.7772,20.29628],[-165.75956,20.2979],[-165.74194,20.2996],[-165.72431,20.30137],[-165.7067,20.30323],[-165.6891,20.30518],[-165.67151,20.3072],[-165.65393,20.3093],[-165.63636,20.31148],[-165.6188,20.31375],[-165.60125,20.31609],[-165.58371,20.31852],[-165.56619,20.32103],[-165.54799,20.32372],[-165.5213,20.31777],[-165.50402,20.31403],[-165.48638,20.31029],[-165.46907,20.30671],[-165.45174,20.30321],[-165.4344,20.29979],[-165.41703,20.29645],[-165.39965,20.29319],[-165.38225,20.29001],[-165.36484,20.28691],[-165.34741,20.28389],[-165.32997,20.28095],[-165.31251,20.27809],[-165.29504,20.27531],[-165.27755,20.27261],[-165.26005,20.26999],[-165.24254,20.26746],[-165.22502,20.265],[-165.20748,20.26262],[-165.18993,20.26033],[-165.17237,20.25812],[-165.1548,20.25598],[-165.13721,20.25393],[-165.11962,20.25196],[-165.10202,20.25007],[-165.08441,20.24827],[-165.06679,20.24654],[-165.04916,20.24489],[-165.03513,20.24364],[-165.01293,20.24176],[-164.99528,20.24036],[-164.97762,20.23904],[-164.95996,20.2378],[-164.94228,20.23665],[-164.92461,20.23557],[-164.90692,20.23458],[-164.88924,20.23366],[-164.87155,20.23283],[-164.85385,20.23208],[-164.83615,20.23141],[-164.81845,20.23083],[-164.80074,20.23032],[-164.78303,20.2299],[-164.76532,20.22956],[-164.74761,20.2293],[-164.7299,20.22912],[-164.71219,20.22902],[-164.69428,20.22901],[-164.67656,20.22908],[-164.65885,20.22922],[-164.64114,20.22945],[-164.62343,20.22977],[-164.60572,20.23016],[-164.58766,20.23064],[-164.56542,20.23134],[-164.54772,20.23198],[-164.53003,20.2327],[-164.51233,20.2335],[-164.49464,20.23438],[-164.47696,20.23535],[-164.45928,20.23639],[-164.44161,20.23752],[-164.42394,20.23873],[-164.40628,20.24002],[-164.38862,20.24139],[-164.37097,20.24284],[-164.35333,20.24438],[-164.3357,20.246],[-164.31808,20.24769],[-164.30046,20.24947],[-164.28286,20.25133],[-164.26526,20.25327],[-164.24767,20.25529],[-164.2301,20.2574],[-164.21253,20.25958],[-164.19498,20.26185],[-164.17744,20.26419],[-164.15991,20.26662],[-164.14239,20.26913],[-164.12489,20.27171],[-164.1074,20.27438],[-164.08992,20.27713],[-164.07245,20.27996],[-164.05501,20.28287],[-164.03757,20.28586],[-164.02015,20.28894],[-164.00275,20.29209],[-163.98535999999999,20.29532],[-163.96799,20.29863],[-163.95589,20.301],[-163.93661,20.28871],[-163.92186,20.27943],[-163.90707,20.27023],[-163.89223,20.26109],[-163.87735,20.25202],[-163.86242,20.24302],[-163.84744,20.23409],[-163.83242,20.22523],[-163.81736,20.21644],[-163.80225,20.20772],[-163.78709,20.19907],[-163.77189,20.19049],[-163.75665,20.18198],[-163.73842,20.17193],[-163.73173,20.15948],[-163.72363000000001,20.14461],[-163.71547,20.12977],[-163.70722,20.11498],[-163.6989,20.10022],[-163.6905,20.08551],[-163.68202,20.07083],[-163.67347,20.05619],[-163.66484,20.04159],[-163.65614,20.02704],[-163.64737,20.01252],[-163.63851,19.99804],[-163.62959,19.98361],[-163.62059,19.96922],[-163.61151,19.95487],[-163.60236,19.94056],[-163.59314,19.9263],[-163.58384,19.91207],[-163.57447,19.8979],[-163.56503,19.88376],[-163.55551,19.86967],[-163.54592,19.85563],[-163.53626,19.84163],[-163.52653,19.82767],[-163.51673,19.81376],[-163.50685,19.7999],[-163.4969,19.78608],[-163.48688,19.77231],[-163.4768,19.75859],[-163.46664,19.74491],[-163.45491,19.72929],[-163.44461,19.71571],[-163.43424,19.70218],[-163.4238,19.6887],[-163.41329,19.67526],[-163.40272,19.66187],[-163.39207,19.64854],[-163.38136,19.63525],[-163.37058,19.62202],[-163.35973,19.60883],[-163.34881,19.59569],[-163.33782,19.58261],[-163.32677,19.56958],[-163.31565,19.5566],[-163.30447,19.54367],[-163.29322,19.53079],[-163.2819,19.51797],[-163.27052,19.5052],[-163.25907,19.49248],[-163.24756,19.47982],[-163.23598,19.46721],[-163.22434,19.45465],[-163.21263,19.44215],[-163.20086,19.4297],[-163.18903,19.41731],[-163.17713,19.40497],[-163.16517,19.39269],[-163.15315,19.38047],[-163.14107,19.3683],[-163.12892,19.35619],[-163.11671,19.34414],[-163.10444,19.33214],[-163.09211,19.3202],[-163.07972,19.30832],[-163.06727,19.29649],[-163.05475,19.28473],[-163.04218,19.27302],[-163.02955,19.26137],[-163.01686,19.24978]]],[[[179.95033,25.41197],[179.9668,25.40452],[179.9833,25.39713],[180.0,25.3897549],[180.0,31.4683176],[179.98327,31.46131],[179.96583,31.45389],[179.94843,31.4464],[179.93107,31.43883],[179.91376,31.43118],[179.8965,31.42346],[179.87929,31.41566],[179.86213,31.40779],[179.84501,31.39984],[179.82795,31.39181],[179.81093,31.38371],[179.79397,31.37553],[179.77705,31.36728],[179.75091,31.35438],[179.7341,31.34598],[179.71734,31.3375],[179.70063,31.32896],[179.68398,31.32033],[179.66738,31.31164],[179.65084,31.30287],[179.63434,31.29403],[179.61791,31.28512],[179.60152,31.27613],[179.57904,31.26365],[179.56277,31.25452],[179.54656,31.24532],[179.5304,31.23605],[179.5143,31.2267],[179.49826,31.21729],[179.48228,31.2078],[179.46635,31.19824],[179.45048,31.18862],[179.43468,31.17892],[179.41893,31.16915],[179.40324,31.15932],[179.38762,31.14941],[179.37205,31.13944],[179.35655,31.1294],[179.3411,31.11929],[179.32572,31.10911],[179.31041,31.09886],[179.29515,31.08855],[179.27647,31.07577],[179.26461,31.06757],[179.24955,31.05705],[179.23455,31.04647],[179.21962,31.03583],[179.20475,31.02511],[179.18994,31.01433],[179.1752,31.00349],[179.16053,30.99258],[179.14593,30.98161],[179.13139,30.97057],[179.11692,30.95947],[179.10252,30.94831],[179.08819,30.93708],[179.07392,30.92579],[179.05968,30.91439],[179.04555,30.90298],[179.03149,30.8915],[179.01751,30.87996],[179.00359,30.86835],[178.98974,30.85669],[178.97597,30.84496],[178.96226,30.83318],[178.94863,30.82133],[178.93507,30.80943],[178.92158,30.79746],[178.90817,30.78544],[178.89482,30.77335],[178.88155,30.76121],[178.86836,30.74901],[178.85524,30.73675],[178.84219,30.72443],[178.82922,30.71206],[178.81632,30.69963],[178.8035,30.68714],[178.79075,30.67459],[178.77808,30.66199],[178.76549,30.64933],[178.75297,30.63662],[178.74053,30.62385],[178.72816,30.61103],[178.71588,30.59816],[178.70367,30.58523],[178.6881,30.56855],[178.67632,30.5558],[178.66434,30.5427],[178.65159,30.52861],[178.63978,30.51541],[178.62804,30.50217],[178.61638,30.48887],[178.60481,30.47552],[178.59331,30.46212],[178.57972,30.44609],[178.57055,30.43516],[178.55864,30.42082],[178.54701,30.40666],[178.53592,30.39301],[178.52491,30.37931],[178.51399,30.36557],[178.50314,30.35177],[178.49238,30.33793],[178.48121,30.3234],[178.47062,30.30946],[178.4601,30.29548],[178.44967,30.28145],[178.43933,30.26737],[178.42907,30.25325],[178.41889,30.23908],[178.41017,30.22681],[178.39848,30.21018],[178.38856,30.19588],[178.37872,30.18153],[178.36897,30.16715],[178.3593,30.15272],[178.34957,30.13802],[178.34008,30.12351],[178.33067,30.10895],[178.3186,30.09002],[178.31131,30.07845],[178.30216,30.06377],[178.2931,30.04905],[178.28412,30.03429],[178.27523,30.01949],[178.26309,29.99904],[178.25438,29.98416],[178.24576,29.96925],[178.23722,29.9543],[178.22878,29.93931],[178.22042,29.92428],[178.21215,29.90922],[178.20385,29.89389],[178.19575,29.87876],[178.18775,29.86358],[178.17984,29.84838],[178.17202,29.83314],[178.16428,29.81786],[178.15664,29.80255],[178.14908,29.78721],[178.14162,29.77183],[178.13425,29.75642],[178.12697,29.74098],[178.11977,29.72551],[178.11267,29.71],[178.10566,29.69447],[178.10122,29.68449],[178.09169,29.6628],[178.08496,29.64718],[178.07831,29.63152],[178.07176,29.61583],[178.06529,29.60012],[178.05892,29.58438],[178.05265,29.56861],[178.04646,29.55281],[178.04037,29.53698],[178.03436,29.52113],[178.02845,29.50525],[178.02264,29.48935],[178.01691,29.47342],[178.01128,29.45746],[178.00574,29.44148],[178.0003,29.42548],[177.99494,29.40945],[177.98968,29.3934],[177.98452,29.37732],[177.97944,29.36123],[177.97446,29.34511],[177.96958,29.32897],[177.96479,29.3128],[177.96021,29.29705],[177.95527,29.27969],[177.95076,29.26347],[177.94634,29.24723],[177.94202,29.23096],[177.93779,29.21468],[177.93365,29.19838],[177.92961,29.18206],[177.92566,29.16573],[177.92181,29.14937],[177.91805,29.133],[177.91438,29.11662],[177.91081,29.10021],[177.90734,29.0838],[177.9039,29.06711],[177.90061,29.05066],[177.89742,29.0342],[177.89432,29.01772],[177.8896,28.99156],[177.88513,28.96555],[177.88229,28.94828],[177.87966,28.93174],[177.87713,28.91519],[177.87459,28.89788],[177.87225,28.88131],[177.87,28.86473],[177.86785,28.84813],[177.86579,28.83153],[177.86383,28.81492],[177.86196,28.7983],[177.86019,28.78168],[177.85851,28.76504],[177.85686,28.74764],[177.85537,28.731],[177.85397,28.71434],[177.85267,28.69768],[177.85147,28.68101],[177.85036,28.66434],[177.84935,28.64766],[177.84843,28.63098],[177.8476,28.6143],[177.84669,28.59348],[177.84604,28.5765],[177.8455,28.55981],[177.84505,28.54311],[177.8447,28.52641],[177.84444,28.50971],[177.84428,28.49301],[177.84421,28.47631],[177.84423,28.45961],[177.84435,28.44291],[177.84457,28.42621],[177.84487,28.40951],[177.84528,28.39281],[177.84577,28.37612],[177.84636,28.35942],[177.84705,28.34273],[177.84783,28.32605],[177.8487,28.30936],[177.84966,28.29268],[177.85072,28.27601],[177.85188,28.25934],[177.85312,28.24267],[177.85446,28.22601],[177.8559,28.20936],[177.85742,28.19271],[177.85904,28.17607],[177.86076,28.15944],[177.86256,28.14281],[177.86446,28.1262],[177.86646,28.10959],[177.86854,28.09299],[177.87072,28.0764],[177.87299,28.05982],[177.87536,28.04325],[177.87781,28.02669],[177.88036,28.01014],[177.883,27.9936],[177.88573,27.97708],[177.88856,27.96056],[177.89147,27.94406],[177.89448,27.92758],[177.89758,27.9111],[177.90077,27.89464],[177.90406,27.8782],[177.90743,27.86176],[177.9109,27.84535],[177.91445,27.82895],[177.9181,27.81256],[177.92184,27.79619],[177.92567,27.77984],[177.92959,27.76351],[177.93367,27.7469],[177.93777,27.7306],[177.94196,27.71432],[177.94624,27.69806],[177.95061,27.68181],[177.95508,27.66559],[177.95963,27.64938],[177.96426,27.6332],[177.96899,27.61704],[177.97381,27.60089],[177.97872,27.58477],[177.98371,27.56867],[177.9888,27.5526],[177.99397,27.53654],[177.99923,27.52051],[178.00458,27.5045],[178.01002,27.48852],[178.01554,27.47256],[178.02115,27.45662],[178.02685,27.44071],[178.03264,27.42482],[178.03852,27.40896],[178.04448,27.39313],[178.05053,27.37732],[178.05666,27.36154],[178.06288,27.34579],[178.06919,27.33006],[178.07558,27.31437],[178.08206,27.2987],[178.08863,27.28306],[178.09528,27.26744],[178.10201,27.25186],[178.10883,27.23631],[178.11574,27.22079],[178.12273,27.2053],[178.1298,27.18984],[178.13696,27.17441],[178.1442,27.15901],[178.15153,27.14365],[178.15894,27.12831],[178.16643,27.11301],[178.17401,27.09775],[178.18167,27.08251],[178.18941,27.06732],[178.19738,27.05189],[178.20528,27.03676],[178.21327,27.02166],[178.22135,27.0066],[178.2295,26.99158],[178.23773,26.97659],[178.24605,26.96164],[178.25445,26.94673],[178.26292,26.93185],[178.27148,26.91701],[178.28012,26.90221],[178.28884,26.88744],[178.29764,26.87272],[178.30651,26.85803],[178.31547,26.84339],[178.33122,26.8179],[178.34091,26.80224],[178.35002,26.78767],[178.35921,26.77314],[178.36848,26.75866],[178.37783,26.74421],[178.38725,26.72981],[178.39676,26.71545],[178.40634,26.70113],[178.41599,26.68685],[178.42573,26.67262],[178.43554,26.65842],[178.44542,26.64428],[178.45539,26.63017],[178.46543,26.61611],[178.47554,26.6021],[178.48573,26.58813],[178.49599,26.5742],[178.50633,26.56032],[178.51675,26.54649],[178.52723,26.5327],[178.53779,26.51896],[178.54843,26.50526],[178.55914,26.49162],[178.56992,26.47802],[178.58077,26.46446],[178.5917,26.45096],[178.6027,26.4375],[178.61377,26.4241],[178.62366,26.41223],[178.63635,26.39715],[178.64764,26.3839],[178.65899,26.37069],[178.67042,26.35753],[178.68192,26.34442],[178.69348,26.33136],[178.70512,26.31836],[178.71682,26.3054],[178.7286,26.2925],[178.74044,26.27965],[178.75235,26.26685],[178.76433,26.2541],[178.77638,26.24141],[178.78849,26.22877],[178.80067,26.21619],[178.81292,26.20365],[178.82523,26.19118],[178.83762,26.17875],[178.85006,26.16639],[178.86258,26.15407],[178.87515,26.14182],[178.8878,26.12961],[178.9005,26.11747],[178.91328,26.10538],[178.92611,26.09334],[178.93901,26.08137],[178.95198,26.06945],[178.965,26.05759],[178.97809,26.04578],[178.99124,26.03404],[179.00446,26.02235],[179.01773,26.01072],[179.03107,25.99915],[179.04447,25.98764],[179.05793,25.97619],[179.07145,25.96479],[179.08503,25.95346],[179.09866,25.94219],[179.11236,25.93098],[179.12612,25.91982],[179.13994,25.90873],[179.15381,25.8977],[179.16775,25.88674],[179.18174,25.87583],[179.19579,25.86498],[179.20989,25.8542],[179.22253,25.84463],[179.22627,25.84181],[179.24049,25.83115],[179.25143,25.82303],[179.25575,25.81983],[179.27008,25.8093],[179.28447,25.79883],[179.29891,25.78843],[179.3134,25.77809],[179.32795,25.76781],[179.34255,25.7576],[179.35721,25.74745],[179.37192,25.73737],[179.38669,25.72735],[179.4015,25.7174],[179.41637,25.70752],[179.43129,25.6977],[179.44626,25.68794],[179.46128,25.67825],[179.47636,25.66863],[179.49148,25.65908],[179.50665,25.64959],[179.52188,25.64017],[179.53715,25.63082],[179.55247,25.62153],[179.56784,25.61231],[179.58326,25.60316],[179.59873,25.59408],[179.61424,25.58507],[179.6298,25.57613],[179.64541,25.56725],[179.66106,25.55845],[179.67676,25.54971],[179.69251,25.54104],[179.7083,25.53244],[179.72414,25.52392],[179.74002,25.51546],[179.75594,25.50707],[179.77191,25.49875],[179.78792,25.49051],[179.80397,25.48233],[179.82007,25.47423],[179.83621,25.46619],[179.85239,25.45823],[179.86861,25.45034],[179.88488,25.44252],[179.90118,25.43478],[179.91753,25.4271],[179.93391,25.4195],[179.95033,25.41197]]]]},"properties":{"sources":[{"property":"","dataset":"OpenStreetMap","license":"ODbL-1.0","record_id":"r8890494@159","update_time":"2023-12-24T04:17:13.000Z","confidence":null,"between":null}],"names":{"primary":"Papahānaumokuākea Marine National Monument","common":[["ar","باباهاناوْموكواكيا، في هاواي"],["en","Papahānaumokuākea Marine National Monument"],["es","Papahānaumokuākea"],["fr","Papahānaumokuākea"],["haw","Papahānaumokuākea"],["ja","パパハナウモクアケア"],["nl","Papahānaumokuākea"],["ru","Национальный морской парк «Папаханаумокуакеа»"],["zh","帕帕哈瑙莫夸基亚国家海洋保护区"]],"rules":null},"wikidata":"Q787425","source_tags":[["boundary","protected_area"],["heritage","1"],["heritage:operator","whc"],["leisure","nature_reserve"],["maritime","yes"],["protect_class","4"],["protection_title","Marine National Monument"],["ref:whc","1326"],["seamark:type","protected_area"],["source","https://nmspapahanaumokuakea.blob.core.windows.net/papahanaumokuakea-prod/media/archive/gis/nwhi_mnm_coordinates.doc"],["type","boundary"],["whc:criteria","(iii)(vi)(viii)(ix)(x)"],["whc:inscription_date","2010"],["wikipedia","en:Papahānaumokuākea Marine National Monument"]],"subtype":"protected","class":"species_management_area","version":1}},
{"id":"1d248447-a7fe-38af-85f2-7311d25dd51f","type":"Feature","geometry":{"type":"Polygon","coordinates":[[[80.9325879,26.8340689],[80.9359024,26.8326355],[80.9367798,26.8323017],[80.9375417,26.8320194],[80.9381331,26.8319728],[80.9384934,26.832044],[80.9410707,26.8328957],[80.9407242,26.8333915],[80.9399457,26.8348911],[80.9391096,26.8366312],[80.9382569,26.8383223],[80.9374372,26.8400231],[80.9373024,26.8403986],[80.9351707,26.8396034],[80.9349479,26.8393506],[80.9346949,26.8390586],[80.9346124,26.8388156],[80.9340457,26.8368227],[80.9338092,26.8360128],[80.9337542,26.8358459],[80.9325879,26.8340689]]]},"properties":{"sources":[{"property":"","dataset":"OpenStreetMap","license":"ODbL-1.0","record_id":"w213865144@1","update_time":"2013-03-29T15:26:59.000Z","confidence":null,"between":null}],"source_tags":[["landuse","residential"]],"subtype":"residential","class":"residential","version":0}},
{"id":"2fbfe056-345e-3aa7-bfa8-e162d9321322","type":"Feature","geometry":{"type":"Polygon","coordinates":[[[80.9421982,26.842659],[80.9405396,26.8417484],[80.9397282,26.8412944],[80.9374947,26.8404477],[80.9379073,26.8395249],[80.93876,26.8376867],[80.9394806,26.8363908],[80.9402755,26.8347243],[80.9409109,26.833507],[80.9409907,26.8334726],[80.9422504,26.8336223],[80.9428666,26.8339463],[80.9438238,26.834582],[80.9446462,26.8353035],[80.9461287,26.8369455],[80.9449652,26.8377603],[80.9455649,26.8384058],[80.9442418,26.8393556],[80.9439998,26.8394439],[80.9439668,26.8396182],[80.9440851,26.8415742],[80.9421982,26.842659]]]},"properties":{"sources":[{"property":"","dataset":"OpenStreetMap","license":"ODbL-1.0","record_id":"w213850542@1","update_time":"2013-03-29T14:27:15.000Z","confidence":null,"between":null}],"source_tags":[["landuse","residential"]],"subtype":"residential","class":"residential","version":0}},
{"id":"40f0f6b7-1adc-326b-8346-8efa2b3d571e","type":"Feature","geometry":{"type":"Polygon","coordinates":[[[80.9454888,26.8434368],[80.9453137,26.8431626],[80.9442868,26.8416597],[80.9442269,26.8414964],[80.944169,26.8411534],[80.9440915,26.8396619],[80.94509,26.8389351],[80.9467569,26.8377289],[80.9479705,26.83906],[80.9488166,26.8400371],[80.9482603,26.8404796],[80.9476204,26.8410072],[80.9474687,26.8411599],[80.9473618,26.8413595],[80.947247,26.8416458],[80.9470661,26.8422411],[80.9467277,26.8436086],[80.9466129,26.8438099],[80.9464496,26.8438897],[80.9461831,26.8438932],[80.9459283,26.8438359],[80.9457649,26.8437214],[80.9454888,26.8434368]]]},"properties":{"sources":[{"property":"","dataset":"OpenStreetMap","license":"ODbL-1.0","record_id":"w213237655@2","update_time":"2025-12-05T11:22:16.000Z","confidence":null,"between":null}],"source_tags":[["landuse","commercial"]],"subtype":"developed","class":"commercial","version":0}},
{"id":"1398c057-02d4-354c-9a9e-0db9cc22fafe","type":"Feature","geometry":{"type":"Polygon","coordinates":[[[80.9490966,26.8400292],[80.9504939,26.8389935],[80.9506534,26.8389714],[80.9507139,26.8391432],[80.9506177,26.8398378],[80.9506342,26.8401077],[80.9507029,26.8403998],[80.9509697,26.8407238],[80.9516079,26.8417987],[80.9516711,26.8420491],[80.9515941,26.8422184],[80.9508487,26.8417595],[80.9498255,26.8408097],[80.9490966,26.8400292]]]},"properties":{"sources":[{"property":"","dataset":"OpenStreetMap","license":"ODbL-1.0","record_id":"w213237640@1","update_time":"2013-03-27T23:47:00.000Z","confidence":null,"between":null}],"source_tags":[["landuse","residential"]],"subtype":"residential","class":"residential","version":0}},
{"id":"63530c76-8d84-3653-b4c3-6621d8850567","type":"Feature","geometry":{"type":"Polygon","coordinates":[[[80.9516814,26.8381674],[80.9540827,26.8364396],[80.9562447,26.834908],[80.958701,26.8331654],[80.9599553,26.8322548],[80.9606347,26.8328414],[80.9606539,26.8329592],[80.9605329,26.8331728],[80.9593556,26.8342552],[80.9567315,26.836712],[80.9554773,26.8379662],[80.9542312,26.8392522],[80.9521078,26.8415028],[80.9519262,26.8415961],[80.9517529,26.8415421],[80.9513899,26.8409997],[80.951112,26.840553],[80.9509443,26.8403468],[80.9508562,26.840121],[80.9508452,26.8398363],[80.950903,26.8393038],[80.950892,26.8387491],[80.9516814,26.8381674]]]},"properties":{"sources":[{"property":"","dataset":"OpenStreetMap","license":"ODbL-1.0","record_id":"w213237656@1","update_time":"2013-03-27T23:47:02.000Z","confidence":null,"between":null}],"source_tags":[["landuse","residential"]],"subtype":"residential","class":"residential","version":0}},
{"id":"fe93f704-713d-3d44-95a6-993fa1020193","type":"Feature","geometry":{"type":"Polygon","coordinates":[[[80.9522644,26.8416297],[80.9550421,26.8387913],[80.9560409,26.8399066],[80.9582725,26.8382791],[80.9588519,26.8392747],[80.9556,26.8411463],[80.9523502,26.8418595],[80.9522644,26.8416297]]]},"properties":{"sources":[{"property":"","dataset":"OpenStreetMap","license":"ODbL-1.0","record_id":"w154080316@2","update_time":"2020-06-03T17:50:16.000Z","confidence":null,"between":null}],"names":{"primary":"Lucknow Golf Course","common":null,"rules":null},"source_tags":[["leisure","golf_course"]],"subtype":"golf","class":"golf_course","version":0}},
{"id":"df26c5c4-d6ff-3a73-9475-b41eae37e501","type":"Feature","geometry":{"type":"Polygon","coordinates":[[[80.9527681,26.841929],[80.9555688,26.8413038],[80.9601939,26.8387146],[80.9610721,26.8407256],[80.9605076,26.8408993],[80.9602501,26.8410052],[80.9601837,26.8409089],[80.9591254,26.8412501],[80.9577886,26.8417968],[80.9585611,26.8429455],[80.9579157,26.8436965],[80.9570296,26.8431923],[80.9527681,26.841929]]]},"properties":{"sources":[{"property":"","dataset":"OpenStreetMap","license":"ODbL-1.0","record_id":"w154080415@6","update_time":"2025-08-02T11:34:13.000Z","confidence":null,"between":null}],"names":{"primary":"La Martiniere College Playgrounds","common":null,"rules":null},"source_tags":[["leisure","park"]],"subtype":"park","class":"park","version":0}},
{"id":"8d851ac6-4e99-3559-8afc-050b33f2e1be","type":"Feature","geometry":{"type":"Polygon","coordinates":[[[80.9517879,26.8554701],[80.9517655,26.8553909],[80.9518199,26.8553271],[80.9519232,26.8552635],[80.952333,26.8550112],[80.9524853,26.85487],[80.9526781,26.8546913],[80.9529433,26.8544454],[80.9533921,26.8540371],[80.9534718,26.8540761],[80.953634,26.8546305],[80.9537964,26.8551855],[80.9538653,26.855514199999998],[80.954597,26.8590066],[80.9540083,26.8591588],[80.9536144,26.8584671],[80.9527189,26.8567626],[80.9517879,26.8554701]]]},"properties":{"sources":[{"property":"","dataset":"OpenStreetMap","license":"ODbL-1.0","record_id":"w212846778@2","update_time":"2026-01-13T12:39:43.000Z","confidence":null,"between":null}],"source_tags":[["landuse","commercial"]],"subtype":"developed","class":"commercial","version":0}},
{"id":"fbe09927-a6a1-390b-8968-a4e5c8e12e7d","type":"Feature","geometry":{"type":"Polygon","coordinates":[[[80.9527156,26.8556687],[80.9526414,26.8555454],[80.952627,26.8554535],[80.9526311,26.8554039],[80.9526517,26.8552807],[80.9526249,26.8552292],[80.9525857,26.855185],[80.9525424,26.8551703],[80.9525012,26.8551722],[80.9524476,26.855185],[80.9524023,26.8552089],[80.9523652,26.8552494],[80.9523693,26.8552954],[80.9523611,26.8553156],[80.9521653,26.8553542],[80.9520643,26.8553726],[80.9519983,26.8553303],[80.9519232,26.8552635],[80.952333,26.8550112],[80.9524853,26.85487],[80.9526781,26.8546913],[80.9529433,26.8544454],[80.9533921,26.8540371],[80.9534718,26.8540761],[80.953634,26.8546305],[80.9537964,26.8551855],[80.9538653,26.855514199999998],[80.9527156,26.8556687]]]},"properties":{"sources":[{"property":"","dataset":"OpenStreetMap","license":"ODbL-1.0","record_id":"w1466743846@1","update_time":"2026-01-13T12:39:43.000Z","confidence":null,"between":null}],"names":{"primary":"CSIR - National Botanical Research Institute","common":null,"rules":null},"source_tags":[["landuse","commercial"]],"subtype":"developed","class":"commercial","version":0}},
{"id":"8ab6bb61-1158-36f6-b167-56d04ca29a72","type":"Feature","geometry":{"type":"Polygon","coordinates":[[[80.9526131,26.8547726],[80.9533881,26.854061],[80.953454,26.8540886],[80.9536127,26.8547837],[80.9528851,26.8548885],[80.9527759,26.854894],[80.9527025,26.8548663],[80.9526545,26.8548174],[80.9526131,26.8547726]]]},"properties":{"sources":[{"property":"","dataset":"OpenStreetMap","license":"ODbL-1.0","record_id":"w1466743847@1","update_time":"2026-01-13T12:39:43.000Z","confidence":null,"between":null}],"source_tags":[["leisure","park"]],"subtype":"park","class":"park","version":0}},
{"id":"97a1e74f-d292-3b26-a179-8528f9411900","type":"Feature","geometry":{"type":"Polygon","coordinates":[[[80.947636,26.8563004],[80.9473558,26.8554817],[80.9473489,26.8554621],[80.9470498,26.8546072],[80.9467775,26.8547235],[80.9467152,26.8545899],[80.9453595,26.8550532],[80.9449621,26.8541648],[80.9490374,26.852782],[80.9498682,26.8536557],[80.9512793,26.8551994],[80.9512546,26.8553614],[80.947636,26.8563004]]]},"properties":{"sources":[{"property":"","dataset":"OpenStreetMap","license":"ODbL-1.0","record_id":"w212876811@2","update_time":"2013-03-29T12:07:01.000Z","confidence":null,"between":null}],"source_tags":[["landuse","residential"]],"subtype":"residential","class":"residential","version":0}},
{"id":"6d863918-2130-38ea-a30a-faddd4c3d472","type":"Feature","geometry":{"type":"Polygon","coordinates":[[[80.9393653,26.8551887],[80.9394932,26.854942],[80.9405057,26.8554071],[80.9403338,26.8555826],[80.9401935,26.8556575],[80.9400655,26.8556612],[80.9394506,26.8553175],[80.9393653,26.8551887]]]},"properties":{"sources":[{"property":"","dataset":"OpenStreetMap","license":"ODbL-1.0","record_id":"w212819262@1","update_time":"2013-03-26T21:22:40.000Z","confidence":null,"between":null}],"source_tags":[["leisure","pitch"]],"subtype":"recreation","class":"pitch","version":0}},
{"id":"d94c799f-495d-3f5d-b278-697ba67c024e","type":"Feature","geometry":{"type":"Polygon","coordinates":[[[80.9376469,26.856167],[80.9374204,26.8561345],[80.9372333,26.8560696],[80.937094,26.856002],[80.9369302,26.8558976],[80.9367941,26.8557495],[80.9367176,26.8556013],[80.9366891,26.855456],[80.9366867,26.8553056],[80.9367213,26.8551342],[80.9368118,26.854982],[80.9369163,26.8548456],[80.9370354,26.85476],[80.9371719,26.8546891],[80.937331,26.8546308],[80.937508,26.8545919],[80.9377194,26.8545816],[80.9379472,26.8546058],[80.9381202,26.8546557],[80.9382645,26.8547316],[80.9383896,26.8548067],[80.9385241,26.8549252],[80.938634,26.8550615],[80.9386769,26.8552194],[80.9386822,26.8554013],[80.9386447,26.855564],[80.9385928,26.8557093],[80.9384754,26.8558425],[80.9383628,26.8559383],[80.938211,26.8560271],[80.9380356,26.8561058],[80.9378293,26.8561527],[80.9376469,26.856167]]]},"properties":{"sources":[{"property":"","dataset":"OpenStreetMap","license":"ODbL-1.0","record_id":"w121392248@7","update_time":"2025-09-14T14:00:21.000Z","confidence":null,"between":null}],"names":{"primary":"KD Singh Babu Stadium","common":[["hi","के.डी. सिंह बाबू स्टेडियम"]],"rules":null},"source_tags":[["addr:city","Lucknow"],["leisure","pitch"],["sport","cricket"],["surface","grass"]],"subtype":"recreation","class":"pitch","surface":"recreation_grass","version":0}},
{"id":"f2a492e2-1e94-3b5a-b8aa-0177acf557b9","type":"Feature","geometry":{"type":"Polygon","coordinates":[[[80.9380169,26.8543642],[80.9381133,26.8540947],[80.9384358,26.8541866],[80.9383393,26.8544561],[80.9380169,26.8543642]]]},"properties":{"sources":[{"property":"","dataset":"OpenStreetMap","license":"ODbL-1.0","record_id":"w212819217@1","update_time":"2013-03-26T21:22:39.000Z","confidence":null,"between":null}],"source_tags":[["leisure","pitch"],["sport","tennis"]],"subtype":"recreation","class":"pitch","version":0}},
{"id":"21106950-626e-3c7f-90fe-157baf5bb50a","type":"Feature","geometry":{"type":"Polygon","coordinates":[[[80.9390915,26.8529881],[80.939551,26.8533072],[80.940558,26.8533514],[80.9407808,26.853128],[80.9413256,26.8527745],[80.9415677,26.8531157],[80.9411797,26.8531525],[80.9412568,26.853938],[80.9408936,26.8540828],[80.9425361,26.8547848],[80.9433065,26.8549788],[80.9431167,26.8555138],[80.9428333,26.8559728],[80.9425967,26.8562551],[80.9416392,26.8567264],[80.9405029,26.8560612],[80.9392208,26.8552537],[80.9389622,26.8543381],[80.9388026,26.8536631],[80.9387669,26.8534667],[80.9390915,26.8529881]]]},"properties":{"sources":[{"property":"","dataset":"OpenStreetMap","license":"ODbL-1.0","record_id":"w212818782@4","update_time":"2025-12-29T10:59:14.000Z","confidence":null,"between":null}],"names":{"primary":"La Martiniere Girl's College","common":[["hi","ला मार्टिनियर गर्ल्स कॉलेज"]],"rules":null},"wikidata":"Q8451","source_tags":[["amenity","school"],["education","school"],["wikipedia","en:La Martiniere College"]],"subtype":"education","class":"school","version":0}},
{"id":"292e3df3-ebec-33ca-bd7c-dbc0f0adfb5a","type":"Feature","geometry":{"type":"Polygon","coordinates":[[[80.9416947,26.8525935],[80.9425077,26.8534542],[80.9439859,26.8523922],[80.9447602,26.8543111],[80.9452829,26.8554522],[80.9434124,26.8556927],[80.9433065,26.8549788],[80.9425361,26.8547848],[80.9408936,26.8540828],[80.9412568,26.853938],[80.9411797,26.8531525],[80.9415677,26.8531157],[80.9413256,26.8527745],[80.9416947,26.8525935]]]},"properties":{"sources":[{"property":"","dataset":"OpenStreetMap","license":"ODbL-1.0","record_id":"w213237639@1","update_time":"2013-03-27T23:47:00.000Z","confidence":null,"between":null}],"source_tags":[["landuse","residential"]],"subtype":"residential","class":"residential","version":0}},
{"id":"43327e1f-d5cc-3f15-90fd-ef423c806aad","type":"Feature","geometry":{"type":"Polygon","coordinates":[[[80.9371673,26.8539592],[80.9374342,26.8536119],[80.9375979,26.853569],[80.9379487,26.853687999999998],[80.9379583,26.8537506],[80.9380615,26.853769],[80.9379749,26.8540255],[80.9377162,26.8542072],[80.93758,26.8542158],[80.9371673,26.8539592]]]},"properties":{"sources":[{"property":"","dataset":"OpenStreetMap","license":"ODbL-1.0","record_id":"w212819266@1","update_time":"2013-03-26T21:22:40.000Z","confidence":null,"between":null}],"source_tags":[["leisure","pitch"],["sport","cricket"]],"subtype":"recreation","class":"pitch","version":0}},
{"id":"3e5997b4-9237-3d1c-b5c5-34828322c5a3","type":"Feature","geometry":{"type":"Polygon","coordinates":[[[80.9379669,26.8537387],[80.9379601,26.8535707],[80.938287,26.8535602],[80.9382937,26.8537282],[80.9379669,26.8537387]]]},"properties":{"sources":[{"property":"","dataset":"OpenStreetMap","license":"ODbL-1.0","record_id":"w212819229@1","update_time":"2013-03-26T21:22:39.000Z","confidence":null,"between":null}],"source_tags":[["leisure","pitch"],["sport","basketball"]],"subtype":"recreation","class":"pitch","surface":"recreation_paved","version":0}},
{"id":"69f0f129-9959-35b6-887c-5ff2daf2275a","type":"Feature","geometry":{"type":"Polygon","coordinates":[[[80.9374634,26.8530471],[80.9371667,26.8528537],[80.9374603,26.8526603],[80.9377552,26.8525156],[80.9378194,26.8525722],[80.9374634,26.8530471]]]},"properties":{"sources":[{"property":"","dataset":"OpenStreetMap","license":"ODbL-1.0","record_id":"w1419507103@2","update_time":"2026-01-18T08:17:42.000Z","confidence":null,"between":null}],"names":{"primary":"Raja Jai Lal Singh Park","common":[["hi","राजा जय लाल सिंह पार्क"]],"rules":null},"source_tags":[["leisure","park"]],"subtype":"park","class":"park","version":0}},
{"id":"7f9967e9-977c-3f1c-833a-ec872a903108","type":"Feature","geometry":{"type":"Polygon","coordinates":[[[80.9376428,26.8532799],[80.9382646,26.8526075],[80.9385397,26.8523049],[80.9389279,26.8520645],[80.9390937,26.8519535],[80.9392445,26.8522796],[80.939269,26.8524612],[80.9391484,26.8526209],[80.9389844,26.8525066],[80.938308,26.8532732],[80.9376428,26.8532799]]]},"properties":{"sources":[{"property":"","dataset":"OpenStreetMap","license":"ODbL-1.0","record_id":"w210670161@3","update_time":"2022-07-06T16:40:48.000Z","confidence":null,"between":null}],"names":{"primary":"Sarojini Naidu Park","common":null,"rules":null},"source_tags":[["leisure","park"]],"subtype":"park","class":"park","version":0}},
{"id":"7c07ad5a-954a-32a7-9f38-5ac39a879f16","type":"Feature","geometry":{"type":"Polygon","coordinates":[[[80.9427485,26.8516789],[80.9433198,26.8513223],[80.943816,26.8522006],[80.9433145,26.8524614],[80.9427485,26.8516789]]]},"properties":{"sources":[{"property":"","dataset":"OpenStreetMap","license":"ODbL-1.0","record_id":"w416085609@2","update_time":"2023-05-16T16:57:15.000Z","confidence":null,"between":null}],"names":{"primary":"Frontfield","common":null,"rules":null},"source_tags":[["amenity","school"]],"subtype":"education","class":"school","version":0}},
{"id":"ca3e021a-815d-3d14-ba09-7d577dc721e2","type":"Feature","geometry":{"type":"Polygon","coordinates":[[[80.9426804,26.8520294],[80.9427725,26.8519741],[80.942921,26.8521705],[80.9428289,26.8522259],[80.9426804,26.8520294]]]},"properties":{"sources":[{"property":"","dataset":"OpenStreetMap","license":"ODbL-1.0","record_id":"w753598658@3","update_time":"2023-05-16T16:57:15.000Z","confidence":null,"between":null}],"source_tags":[["leisure","pitch"],["sport","badminton"]],"subtype":"recreation","class":"pitch","version":0}},
{"id":"f638cd35-5c63-3874-8c50-a4e00fb76ec0","type":"Feature","geometry":{"type":"Polygon","coordinates":[[[80.9423075,26.8527428],[80.9423519,26.852708],[80.9424763,26.8528448],[80.9424336,26.852878],[80.9423075,26.8527428]]]},"properties":{"sources":[{"property":"","dataset":"OpenStreetMap","license":"ODbL-1.0","record_id":"w1173419760@1","update_time":"2023-05-16T16:57:15.000Z","confidence":null,"between":null}],"source_tags":[["access","private"],["leisure","pitch"]],"subtype":"recreation","class":"pitch","version":0}},
{"id":"6c5b9920-bd7d-36e3-a66d-6a8b265c4227","type":"Feature","geometry":{"type":"Polygon","coordinates":[[[80.9418312,26.8526121],[80.9423945,26.8522628],[80.942797,26.8528315],[80.942955,26.8530548],[80.9425178,26.8533396],[80.9418312,26.8526121]]]},"properties":{"sources":[{"property":"","dataset":"OpenStreetMap","license":"ODbL-1.0","record_id":"w416085607@2","update_time":"2023-05-16T16:57:15.000Z","confidence":null,"between":null}],"names":{"primary":"Backfield","common":null,"rules":null},"source_tags":[["amenity","school"]],"subtype":"education","class":"school","version":0}},
{"id":"39a89c47-6a29-3a72-9a50-d9f4febdfc9f","type":"Feature","geometry":{"type":"Polygon","coordinates":[[[80.9429549,26.8527302],[80.9430596,26.8526735],[80.9431195,26.8527669],[80.9430169,26.8528222],[80.9429549,26.8527302]]]},"properties":{"sources":[{"property":"","dataset":"OpenStreetMap","license":"ODbL-1.0","record_id":"w1173419757@1","update_time":"2023-05-16T16:57:15.000Z","confidence":null,"between":null}],"source_tags":[["access","private"],["leisure","pitch"],["sport","skateboard"]],"subtype":"recreation","class":"pitch","version":0}},
{"id":"29605694-b58b-39dd-971f-6ab5e4c53c0f","type":"Feature","geometry":{"type":"Polygon","coordinates":[[[80.9431311,26.852501],[80.9431815,26.8525775],[80.9429308,26.8527222],[80.9428681,26.8526408],[80.942885,26.8526303],[80.9431311,26.852501]]]},"properties":{"sources":[{"property":"","dataset":"OpenStreetMap","license":"ODbL-1.0","record_id":"w1173419756@1","update_time":"2023-05-16T16:57:15.000Z","confidence":null,"between":null}],"source_tags":[["access","private"],["leisure","pitch"],["sport","basketball"]],"subtype":"recreation","class":"pitch","surface":"recreation_paved","version":0}},
{"id":"fca001b7-5f40-3a1b-a009-2921624b6e1e","type":"Feature","geometry":{"type":"Polygon","coordinates":[[[80.9425077,26.8534542],[80.9416947,26.8525935],[80.9423968,26.8521753],[80.9423028,26.8520513],[80.942181,26.8518907],[80.9433207,26.8512191],[80.9439859,26.8523922],[80.9435094,26.8527306],[80.9425077,26.8534542]]]},"properties":{"sources":[{"property":"","dataset":"OpenStreetMap","license":"ODbL-1.0","record_id":"w213237853@5","update_time":"2025-12-29T10:59:14.000Z","confidence":null,"between":null}],"names":{"primary":"St. Francis' College","common":null,"rules":null},"source_tags":[["addr:city","Lucknow"],["addr:street","Shahnajaf Road"],["amenity","school"],["education","school"]],"subtype":"education","class":"school","version":0}},
{"id":"a9d64cb6-6f23-31a3-a2be-1e1e67b24a2b","type":"Feature","geometry":{"type":"Polygon","coordinates":[[[80.943528,26.8521923],[80.9435669,26.8522552],[80.9433528,26.8523656],[80.9433158,26.8523019],[80.943528,26.8521923]]]},"properties":{"sources":[{"property":"","dataset":"OpenStreetMap","license":"ODbL-1.0","record_id":"w1173419755@1","update_time":"2023-05-16T16:57:15.000Z","confidence":null,"between":null}],"source_tags":[["leisure","playground"]],"subtype":"recreation","class":"playground","version":0}},
{"id":"a2bf8b8a-4816-3503-aef7-4bc83f115202","type":"Feature","geometry":{"type":"Polygon","coordinates":[[[80.9498694,26.8500198],[80.9501534,26.850747],[80.9504179,26.8511565],[80.9507019,26.8514203],[80.950912,26.8516112],[80.9512874,26.8518385],[80.9520285,26.8523557],[80.9522891,26.852413],[80.9524953,26.8523887],[80.9543023,26.8520346],[80.9544035,26.8520815],[80.9537791,26.853324],[80.9533804,26.8538238],[80.9529446,26.8542247],[80.9519954,26.8550386],[80.951764,26.8551548],[80.9516122,26.8551948],[80.9515422,26.8551288],[80.9514955,26.8550316],[80.9496904,26.8530845],[80.949138,26.8523973],[80.9483639,26.8507279],[80.9483989,26.8506029],[80.9498694,26.8500198]]]},"properties":{"sources":[{"property":"","dataset":"OpenStreetMap","license":"ODbL-1.0","record_id":"w212876817@1","update_time":"2013-03-26T23:01:46.000Z","confidence":null,"between":null}],"source_tags":[["landuse","commercial"]],"subtype":"developed","class":"commercial","version":0}},
{"id":"22c10a55-6565-3e2b-a11d-3e2243072027","type":"Feature","geometry":{"type":"Polygon","coordinates":[[[80.9536864,26.8537925],[80.9547234,26.851921],[80.9554441,26.8504018],[80.9557165,26.8490617],[80.9558128,26.848966],[80.9559916,26.8490028],[80.95644,26.849582],[80.9568389,26.8500066],[80.9571442,26.8502521],[80.9584591,26.8508313],[80.9590451,26.8511283],[80.9597301,26.8516289],[80.9614411,26.8529984],[80.9621481,26.8532218],[80.9656528,26.8542329],[80.9661259,26.8544563],[80.9663405,26.8545986],[80.9665358,26.8547238],[80.9666899,26.8548858],[80.9669622,26.8551803],[80.967163,26.8554772],[80.9673748,26.8559116],[80.9674243,26.8561791],[80.9674243,26.8564123],[80.9674011,26.8567081],[80.9673446,26.8568695],[80.96704510000001,26.8573797],[80.9667786,26.8576799],[80.9660628,26.8572408],[80.9652302,26.8580929],[80.9645494,26.8588287],[80.964351,26.8592313],[80.9643218,26.8595766],[80.9643829,26.85996],[80.9642487,26.8600121],[80.9630466,26.8603105],[80.9624743,26.8605925],[80.9623634,26.859737],[80.95935,26.8601415],[80.9586283,26.8602352],[80.9587217,26.8607142],[80.9575223,26.8607652],[80.9562034,26.8609353],[80.955935,26.8609665],[80.9554798,26.8607062],[80.9546979,26.8601995],[80.9543983,26.859908],[80.9540365,26.8592208],[80.9547173,26.8590472],[80.9541454,26.8560902],[80.9536669,26.8540563],[80.9536864,26.8537925]]]},"properties":{"sources":[{"property":"","dataset":"OpenStreetMap","license":"ODbL-1.0","record_id":"w212846779@1","update_time":"2013-03-26T22:02:25.000Z","confidence":null,"between":null}],"source_tags":[["landuse","residential"]],"subtype":"residential","class":"residential","version":0}},
{"id":"74cc26f4-c5d9-31d9-9a7b-8ecf5c7c8961","type":"Feature","geometry":{"type":"Polygon","coordinates":[[[80.9587228,26.8470218],[80.95776,26.845807],[80.9579249,26.8456761],[80.9571024,26.8446379],[80.9568301,26.8444023],[80.9564147,26.8441887],[80.9548165,26.843553],[80.9546514,26.8434082],[80.9544589,26.8433248],[80.9529212,26.8428928],[80.951675,26.8425295],[80.9520268,26.8423552],[80.9523039,26.8423365],[80.952893,26.8423926],[80.9545089,26.842885],[80.9560504,26.8433732],[80.9567629,26.8436537],[80.9575802,26.8440879],[80.9583556,26.8445969],[80.9588701,26.8450124],[80.9597992,26.8461841],[80.9596502,26.8464334],[80.9591612,26.8468032],[80.9587228,26.8470218]]]},"properties":{"sources":[{"property":"","dataset":"OpenStreetMap","license":"ODbL-1.0","record_id":"w213237659@2","update_time":"2025-12-05T10:35:42.000Z","confidence":null,"between":null}],"source_tags":[["leisure","park"]],"subtype":"park","class":"park","version":0}},
{"id":"b98232b4-9777-3fdc-aee2-e81bed65ffa5","type":"Feature","geometry":{"type":"Polygon","coordinates":[[[80.9546324,26.8458692],[80.9545371,26.8457528],[80.9544555,26.8456361],[80.9544089,26.8455575],[80.9543972,26.8454723],[80.9543901,26.8453669],[80.9543793,26.8452159],[80.9543733,26.8450858],[80.9543654,26.8449831],[80.9544442,26.8450565],[80.9545274,26.8451213],[80.9546069,26.8451898],[80.9546709,26.8452393],[80.9547367,26.8453124],[80.9547503,26.845373],[80.9547463,26.8454408],[80.9547348,26.8455515],[80.9547176,26.8456447],[80.9546921,26.8457432],[80.9546668,26.8458101],[80.9546324,26.8458692]]]},"properties":{"sources":[{"property":"","dataset":"OpenStreetMap","license":"ODbL-1.0","record_id":"w971772579@1","update_time":"2021-08-09T20:29:27.000Z","confidence":null,"between":null}],"source_tags":[["leisure","park"]],"subtype":"park","class":"park","version":0}},
{"id":"42992532-fdd9-31a0-b8be-d1d1c8fda8b8","type":"Feature","geometry":{"type":"Polygon","coordinates":[[[80.95776,26.845807],[80.9572329,26.8463589],[80.9578611,26.847296],[80.9557133,26.8479611],[80.9557243,26.8483538],[80.955584,26.848447],[80.9551136,26.8488446],[80.9549513,26.8489354],[80.9547615,26.8489845],[80.9543488,26.8489796],[80.9539197,26.8488544],[80.9536199,26.8486826],[80.9535043,26.8485133],[80.9529899,26.848128],[80.9530367,26.8479905],[80.9527836,26.847183],[80.9527259,26.8470137],[80.9521152,26.8463707],[80.9514797,26.8454576],[80.9514247,26.845168],[80.9511909,26.8451656],[80.950693,26.845276],[80.9501456,26.8452981],[80.9496917,26.8452318],[80.9505004,26.8446821],[80.9497385,26.8438304],[80.9500135,26.8436267],[80.951675,26.8425295],[80.9529212,26.8428928],[80.9535373,26.8430621],[80.9544589,26.8433248],[80.9546514,26.8434082],[80.9548165,26.843553],[80.9564147,26.8441887],[80.9568301,26.8444023],[80.9571024,26.8446379],[80.9579249,26.8456761],[80.95776,26.845807]]]},"properties":{"sources":[{"property":"","dataset":"OpenStreetMap","license":"ODbL-1.0","record_id":"w212876909@2","update_time":"2017-09-05T20:40:50.000Z","confidence":null,"between":null}],"wikidata":"Q6697780","source_tags":[["tourism","zoo"],["wikipedia","en:Lucknow Zoo"]],"subtype":"entertainment","class":"zoo","version":0}},
{"id":"1987143d-c472-3cc9-9c8b-74cf1628e963","type":"Feature","geometry":{"type":"Polygon","coordinates":[[[80.9545762,26.8472042],[80.9543167,26.8473138],[80.9539518,26.8472141],[80.9538228,26.8470924],[80.9535686,26.8470369],[80.9534488,26.8468387],[80.9533821,26.8467255],[80.9533632,26.8465635],[80.9532786,26.8463831],[80.9532117,26.8462285],[80.9531534,26.8460896],[80.9531529,26.8459225],[80.9532827,26.8457896],[80.9534429,26.8457651],[80.9536229,26.8457361],[80.9538552,26.8456892],[80.9540902,26.8456456],[80.9542626,26.8457119],[80.9543908,26.8458407],[80.9545941,26.8460684],[80.954844,26.8463291],[80.9549273,26.8464686],[80.9549422,26.8466068],[80.954889,26.8467766],[80.954813,26.846894],[80.9545762,26.8472042]]]},"properties":{"sources":[{"property":"","dataset":"OpenStreetMap","license":"ODbL-1.0","record_id":"w971772567@1","update_time":"2021-08-09T20:29:27.000Z","confidence":null,"between":null}],"names":{"primary":"Picnic Lawn\\","common":null,"rules":null},"source_tags":[["leisure","park"]],"subtype":"park","class":"park","version":0}},
{"id":"e440a2ca-13d1-3710-a8cc-b56637cae588","type":"Feature","geometry":{"type":"Polygon","coordinates":[[[80.9449718,26.8452678],[80.9463663,26.8448912],[80.9461816,26.845847],[80.9460949,26.8459993],[80.945998,26.8460431],[80.9458954,26.8460518],[80.9457619,26.8460133],[80.9449718,26.8452678]]]},"properties":{"sources":[{"property":"","dataset":"OpenStreetMap","license":"ODbL-1.0","record_id":"w212876911@4","update_time":"2025-12-05T11:22:16.000Z","confidence":null,"between":null}],"names":{"primary":"सरदार पटेल पार्क","common":[["en","Sardar Patel Park"]],"rules":null},"source_tags":[["leisure","park"],["tourism","attraction"]],"subtype":"park","class":"park","version":0}},
{"id":"11aaa771-2b23-36dc-9385-443b0e97a618","type":"Feature","geometry":{"type":"Polygon","coordinates":[[[80.9469354,26.8441494],[80.9470521,26.8441112],[80.947305,26.844172],[80.9476396,26.8442865],[80.9481609,26.8446909],[80.94819,26.8447707],[80.9481473,26.8448662],[80.9469627,26.8458589],[80.9468537,26.8458554],[80.9466942,26.8457895],[80.9466359,26.8457253],[80.9465911,26.8455916],[80.9469354,26.8441494]]]},"properties":{"sources":[{"property":"","dataset":"OpenStreetMap","license":"ODbL-1.0","record_id":"w212876806@2","update_time":"2025-12-05T11:22:16.000Z","confidence":null,"between":null}],"names":{"primary":"Christ Church College","common":null,"rules":null},"source_tags":[["amenity","college"],["education","college"]],"subtype":"education","class":"college","version":0}},
{"id":"564e47ad-0cf3-3aa9-9f31-eb52fc85e368","type":"Feature","geometry":{"type":"Polygon","coordinates":[[[80.9496917,26.8452318],[80.9492734,26.8450505],[80.9486083,26.8446722],[80.9497385,26.8438304],[80.9505004,26.8446821],[80.9496917,26.8452318]]]},"properties":{"sources":[{"property":"","dataset":"OpenStreetMap","license":"ODbL-1.0","record_id":"w213237665@1","update_time":"2013-03-27T23:47:02.000Z","confidence":null,"between":null}],"source_tags":[["landuse","commercial"]],"subtype":"developed","class":"commercial","version":0}},
{"id":"a435595c-2bd6-3caa-b251-3eed73ba60db","type":"Feature","geometry":{"type":"Polygon","coordinates":[[[80.9529848,26.8448971],[80.9530244,26.8449226],[80.9532592,26.8448742],[80.9535375,26.844860099999998],[80.9537548,26.8448519],[80.9539536,26.8449087],[80.9540811,26.8449314],[80.9540977,26.8450221],[80.9541039,26.8450977],[80.9540558,26.8451795],[80.9539006,26.8451835],[80.9538249,26.8453172],[80.9537167,26.8453999],[80.9534946,26.8454652],[80.9531075,26.8455191],[80.952985,26.8455113],[80.9526237,26.8454169],[80.9523185,26.8453391],[80.9520946,26.8452969],[80.951963,26.8452159],[80.951941,26.8450953],[80.9519573,26.8448787],[80.9520459,26.8447312],[80.9521703,26.844673],[80.9523502,26.8446745],[80.9526387,26.8446614],[80.9529848,26.8448971]]]},"properties":{"sources":[{"property":"","dataset":"OpenStreetMap","license":"ODbL-1.0","record_id":"r14288756@1","update_time":"2022-06-24T08:29:36.000Z","confidence":null,"between":null}],"names":{"primary":"children's park","common":null,"rules":null},"source_tags":[["leisure","park"],["type","multipolygon"]],"subtype":"park","class":"park","version":1}},
{"id":"c254d32f-065f-366c-8c43-cedada77ffbb","type":"Feature","geometry":{"type":"Polygon","coordinates":[[[80.9495952,26.8408014],[80.9503949,26.8415519],[80.950857,26.841947],[80.9515474,26.8423814],[80.9512558,26.8425876],[80.9505094,26.843113],[80.9491848,26.8423546],[80.949356,26.8419728],[80.9492549,26.8410218],[80.9495952,26.8408014]]]},"properties":{"sources":[{"property":"","dataset":"OpenStreetMap","license":"ODbL-1.0","record_id":"w213237675@1","update_time":"2013-03-27T23:47:03.000Z","confidence":null,"between":null}],"source_tags":[["landuse","residential"]],"subtype":"residential","class":"residential","version":0}},
{"id":"2d15c1ff-2984-37a1-9b3c-84ecef13b725","type":"Feature","geometry":{"type":"Polygon","coordinates":[[[80.9505094,26.843113],[80.9496314,26.843695],[80.9484212,26.8445785],[80.9482919,26.8446129],[80.9479095,26.8442914],[80.9475547,26.844127],[80.9469688,26.8439674],[80.9470679,26.8432508],[80.9472659,26.8431796],[80.9473741,26.8424657],[80.9472379,26.8422991],[80.9474733,26.841506],[80.9475763,26.8413151],[80.947765,26.8411311],[80.9489981,26.8402009],[80.9495952,26.8408014],[80.9492549,26.8410218],[80.949356,26.8419728],[80.9491848,26.8423546],[80.9505094,26.843113]]]},"properties":{"sources":[{"property":"","dataset":"OpenStreetMap","license":"ODbL-1.0","record_id":"w213237654@1","update_time":"2013-03-27T23:47:01.000Z","confidence":null,"between":null}],"source_tags":[["landuse","commercial"]],"subtype":"developed","class":"commercial","version":0}},
{"id":"889675b9-c976-3857-ac29-ec04e127b1a9","type":"Feature","geometry":{"type":"Polygon","coordinates":[[[80.9471419,26.8424848],[80.9474649,26.8416979],[80.9475176,26.8415153],[80.9478126,26.8411563],[80.948451,26.8415105],[80.9482415,26.8425892],[80.9481151,26.8426237],[80.9471419,26.8424848]]]},"properties":{"sources":[{"property":"","dataset":"OpenStreetMap","license":"ODbL-1.0","record_id":"w416067327@4","update_time":"2024-04-16T12:49:23.000Z","confidence":null,"between":null}],"names":{"primary":"लोक निर्माण विभाग, उत्तर प्रदेश","common":[["en","Public Works Department (PWD), Uttar Pradesh"],["hi","Lok Nirman Vibhag"]],"rules":null},"source_tags":[["addr:housenumber","96"],["addr:postcode","226001"],["addr:street","Mahatma Gandhi Marg"],["landuse","commercial"],["phone","+91 522 223 7315"],["website","http://www.uppwd.gov.in"]],"subtype":"developed","class":"commercial","version":0}},
{"id":"dc28a934-dab3-3736-a5e3-38c0365bbfba","type":"Feature","geometry":{"type":"Polygon","coordinates":[[[80.946161,26.8417144],[80.9461472,26.841577],[80.9461651,26.8414923],[80.9462325,26.8414174],[80.9464058,26.8413119],[80.9466066,26.841296],[80.9467317,26.8412493],[80.9467757,26.8412002],[80.946872,26.8410653],[80.9472241,26.8409524],[80.9473712,26.840956],[80.9473479,26.8409916],[80.9472791,26.8411978],[80.947253,26.8413254],[80.9471319,26.8414027],[80.9470714,26.8414628],[80.9470329,26.8415794],[80.9470384,26.8417439],[80.946949,26.8418101],[80.9468005,26.8418408],[80.9466121,26.8417942],[80.9463851,26.8417132],[80.946161,26.8417144]]]},"properties":{"sources":[{"property":"","dataset":"OpenStreetMap","license":"ODbL-1.0","record_id":"w213237846@2","update_time":"2016-05-06T08:38:10.000Z","confidence":null,"between":null}],"source_tags":[["access","private"],["leisure","park"]],"subtype":"park","class":"park","version":0}},
{"id":"c550793c-5d69-3227-ad8f-35166f66ab60","type":"Feature","geometry":{"type":"Polygon","coordinates":[[[80.9414056,26.8421268],[80.9413987,26.842004],[80.9415734,26.8417721],[80.9418374,26.8415967],[80.9419268,26.8416089],[80.9425966,26.8420666],[80.9426365,26.8421061],[80.9422184,26.8426041],[80.9421565,26.8426041],[80.9414056,26.8421268]]]},"properties":{"sources":[{"property":"","dataset":"OpenStreetMap","license":"ODbL-1.0","record_id":"w1456234680@1","update_time":"2025-12-05T11:22:16.000Z","confidence":null,"between":null}],"names":{"primary":"Bapu Bhawan","common":null,"rules":null},"source_tags":[["landuse","residential"]],"subtype":"residential","class":"residential","version":0}},
{"id":"0e16d2fc-3f9f-3044-a490-fc632493adbe","type":"Feature","geometry":{"type":"Polygon","coordinates":[[[80.9400527,26.8426278],[80.9397034,26.8422573],[80.9398547,26.842115],[80.9400626,26.8418611],[80.9404321,26.8420589],[80.9400527,26.8426278]]]},"properties":{"sources":[{"property":"","dataset":"OpenStreetMap","license":"ODbL-1.0","record_id":"w213843277@1","update_time":"2013-03-29T13:46:53.000Z","confidence":null,"between":null}],"source_tags":[["amenity","school"]],"subtype":"education","class":"school","version":0}},
{"id":"19411a6e-eb39-3ad7-9c57-d04724395257","type":"Feature","geometry":{"type":"Polygon","coordinates":[[[80.9367001,26.8422401],[80.9373672,26.8407489],[80.9392225,26.8414187],[80.9400626,26.8418611],[80.9398547,26.842115],[80.9397309,26.8419923],[80.9396209,26.8419432],[80.9380945,26.8427702],[80.9376957,26.8427653],[80.9374372,26.842807],[80.9367001,26.8422401]]]},"properties":{"sources":[{"property":"","dataset":"OpenStreetMap","license":"ODbL-1.0","record_id":"w213843190@1","update_time":"2013-03-29T13:46:47.000Z","confidence":null,"between":null}],"source_tags":[["landuse","commercial"]],"subtype":"developed","class":"commercial","version":0}},
{"id":"b2cd934c-9f8a-380e-9e6c-081d926353c8","type":"Feature","geometry":{"type":"Polygon","coordinates":[[[80.9405139,26.8421037],[80.9412867,26.8425503],[80.941812,26.842992],[80.9409438,26.8435775],[80.9401572,26.8426131],[80.9405139,26.8421037]]]},"properties":{"sources":[{"property":"","dataset":"OpenStreetMap","license":"ODbL-1.0","record_id":"w213843199@1","update_time":"2013-03-29T13:46:48.000Z","confidence":null,"between":null}],"source_tags":[["landuse","commercial"]],"subtype":"developed","class":"commercial","version":0}},
{"id":"ceda0b46-4ce4-3a3d-beea-7d8fe2d38b90","type":"Feature","geometry":{"type":"Polygon","coordinates":[[[80.9367001,26.8422401],[80.9374372,26.842807],[80.9376957,26.8427653],[80.9380945,26.8427702],[80.9396209,26.8419432],[80.9397309,26.8419923],[80.9398547,26.842115],[80.9397034,26.8422573],[80.9400527,26.8426278],[80.9401572,26.8426131],[80.9409438,26.8435775],[80.9389498,26.8448879],[80.937869,26.8455995],[80.9371704,26.8451357],[80.9365021,26.8448707],[80.9357513,26.8442548],[80.9367001,26.8422401]]]},"properties":{"sources":[{"property":"","dataset":"OpenStreetMap","license":"ODbL-1.0","record_id":"w213843194@1","update_time":"2013-03-29T13:46:48.000Z","confidence":null,"between":null}],"source_tags":[["landuse","residential"]],"subtype":"residential","class":"residential","version":0}},
{"id":"d50a0552-8e73-30f6-9130-80dee99a44fc","type":"Feature","geometry":{"type":"Polygon","coordinates":[[[80.939003,26.844112],[80.9395173,26.8435402],[80.9401141,26.8441071],[80.9393495,26.8445979],[80.939003,26.844112]]]},"properties":{"sources":[{"property":"","dataset":"OpenStreetMap","license":"ODbL-1.0","record_id":"w213843272@1","update_time":"2013-03-29T13:46:52.000Z","confidence":null,"between":null}],"source_tags":[["amenity","college"]],"subtype":"education","class":"college","version":0}},
{"id":"1bf5463f-68d0-3e8d-9249-d5e4d9d48616","type":"Feature","geometry":{"type":"Polygon","coordinates":[[[80.9421029,26.8431208],[80.9431067,26.8439625],[80.9430627,26.8441932],[80.9430957,26.8443478],[80.9431865,26.8444828],[80.9433405,26.8446153],[80.943456,26.8446594],[80.9436981,26.8446938],[80.9438796,26.8446643],[80.9441023,26.8448656],[80.9443389,26.8450766],[80.9443911,26.845241],[80.9443224,26.845403],[80.9426392,26.846571],[80.9419764,26.8470446],[80.9414318,26.846706],[80.9411596,26.8465931],[80.940615,26.8475304],[80.940593,26.8476458],[80.9402602,26.8477267],[80.940076,26.8476507],[80.9400815,26.847582],[80.9405463,26.8459821],[80.9407773,26.8448901],[80.9408818,26.8444778],[80.9410771,26.8441171],[80.9412998,26.8438374],[80.9414868,26.8434717],[80.9421029,26.8431208]]]},"properties":{"sources":[{"property":"","dataset":"OpenStreetMap","license":"ODbL-1.0","record_id":"w213843197@1","update_time":"2013-03-29T13:46:48.000Z","confidence":null,"between":null}],"source_tags":[["landuse","commercial"]],"subtype":"developed","class":"commercial","version":0}},
{"id":"c24cf12c-e44e-3290-9f24-c5a1d29c3e71","type":"Feature","geometry":{"type":"Polygon","coordinates":[[[80.9412531,26.8436043],[80.9410385,26.8440239],[80.9408103,26.8444239],[80.9406783,26.8448705],[80.9404665,26.845933],[80.9399742,26.847609],[80.9399274,26.8476237],[80.9389841,26.846517],[80.9380765,26.8457269],[80.9381205,26.845641],[80.9394021,26.8447846],[80.9412531,26.8436043]]]},"properties":{"sources":[{"property":"","dataset":"OpenStreetMap","license":"ODbL-1.0","record_id":"w213843192@1","update_time":"2013-03-29T13:46:48.000Z","confidence":null,"between":null}],"source_tags":[["landuse","residential"]],"subtype":"residential","class":"residential","version":0}},
{"id":"cb183304-846d-38e2-95d8-0ada846ca950","type":"Feature","geometry":{"type":"Polygon","coordinates":[[[80.9372069,26.8472234],[80.938373,26.8462001],[80.9396244,26.8474933],[80.9395392,26.8476037],[80.9387278,26.847405],[80.9372069,26.8472234]]]},"properties":{"sources":[{"property":"","dataset":"OpenStreetMap","license":"ODbL-1.0","record_id":"w213843276@1","update_time":"2013-03-29T13:46:53.000Z","confidence":null,"between":null}],"source_tags":[["leisure","park"]],"subtype":"park","class":"park","version":0}},
{"id":"9131949a-a936-31b2-996c-23f254825799","type":"Feature","geometry":{"type":"Polygon","coordinates":[[[80.9382657,26.8475156],[80.9390361,26.8476482],[80.9397404,26.8477807],[80.9397432,26.8479575],[80.9394295,26.8482545],[80.938816,26.8489344],[80.9377127,26.8480802],[80.9382657,26.8475156]]]},"properties":{"sources":[{"property":"","dataset":"OpenStreetMap","license":"ODbL-1.0","record_id":"w212818831@1","update_time":"2013-03-26T21:22:26.000Z","confidence":null,"between":null}],"source_tags":[["landuse","commercial"]],"subtype":"developed","class":"commercial","version":0}},
{"id":"feb53a44-7d40-3be9-8cd8-ef92a65f39fc","type":"Feature","geometry":{"type":"Polygon","coordinates":[[[80.9372147,26.8473929],[80.9382657,26.8475156],[80.9377127,26.8480802],[80.938816,26.8489344],[80.9385656,26.8492977],[80.9366504,26.8485242],[80.9372147,26.8473929]]]},"properties":{"sources":[{"property":"","dataset":"OpenStreetMap","license":"ODbL-1.0","record_id":"w212818827@1","update_time":"2013-03-26T21:22:25.000Z","confidence":null,"between":null}],"source_tags":[["landuse","residential"]],"subtype":"residential","class":"residential","version":0}},
{"id":"f7abf829-3a94-3c64-93b3-672ef0f9c7c4","type":"Feature","geometry":{"type":"Polygon","coordinates":[[[80.9448055,26.8454515],[80.945848,26.8464233],[80.9459579,26.8465515],[80.9460185,26.8466221],[80.9458177,26.8468872],[80.9438841,26.8481977],[80.9417716,26.8496726],[80.9408969,26.8487278],[80.9402629,26.8480109],[80.9402999,26.8478999],[80.9404749,26.8477958],[80.9407336,26.847709],[80.941354,26.8476031],[80.9417041,26.8474539],[80.9429723,26.8465949],[80.9448055,26.8454515]]]},"properties":{"sources":[{"property":"","dataset":"OpenStreetMap","license":"ODbL-1.0","record_id":"w213237648@4","update_time":"2021-05-26T04:19:21.000Z","confidence":null,"between":null}],"names":{"primary":"Hazratganj","common":null,"rules":null},"wikidata":"Q5688438","source_tags":[["landuse","commercial"]],"subtype":"developed","class":"commercial","version":0}},
{"id":"b8ea6a52-17ff-3088-ab0e-720cb07abde0","type":"Feature","geometry":{"type":"Polygon","coordinates":[[[80.9412464,26.8466623],[80.9416342,26.84685],[80.9418158,26.8469813],[80.9419189,26.8470868],[80.9413908,26.8473654],[80.940926,26.8475138],[80.9407912,26.8473838],[80.9411969,26.8466733],[80.9412464,26.8466623]]]},"properties":{"sources":[{"property":"","dataset":"OpenStreetMap","license":"ODbL-1.0","record_id":"w213237860@1","update_time":"2013-03-27T23:47:12.000Z","confidence":null,"between":null}],"source_tags":[["leisure","park"]],"subtype":"park","class":"park","version":0}},
{"id":"ce6ac86b-d61f-3f33-94fe-e02945ca76ad","type":"Feature","geometry":{"type":"Polygon","coordinates":[[[80.9522282,26.8473876],[80.9527836,26.847183],[80.9530367,26.8479905],[80.9529899,26.848128],[80.9527564,26.848119],[80.9525803,26.8479521],[80.9522282,26.8473876]]]},"properties":{"sources":[{"property":"","dataset":"OpenStreetMap","license":"ODbL-1.0","record_id":"w212876820@1","update_time":"2013-03-26T23:01:46.000Z","confidence":null,"between":null}],"source_tags":[["landuse","residential"]],"subtype":"residential","class":"residential","version":0}},
{"id":"3b6d3411-fa80-362c-bc02-280e2b15ea72","type":"Feature","geometry":{"type":"Polygon","coordinates":[[[80.9501478,26.8488973],[80.9500777,26.8491031],[80.949996,26.8494189],[80.9499415,26.8498597],[80.9493575,26.8500873],[80.948807,26.8490652],[80.9485386,26.84864],[80.948167,26.8483016],[80.9475601,26.8478955],[80.9472898,26.8481402],[80.9470958,26.8477685],[80.9469266,26.8474839],[80.9469655,26.8474335],[80.9471562,26.8474138],[80.9475702,26.8471156],[80.9468123,26.8462382],[80.9479334,26.8453729],[80.9482552,26.8449679],[80.9487064,26.8449409],[80.9490667,26.8451864],[80.949793,26.8454097],[80.9506127,26.8455177],[80.9512894,26.8453631],[80.9518011,26.8461632],[80.9526098,26.8470149],[80.9526676,26.8471278],[80.9516993,26.8474837],[80.9511436,26.8478641],[80.9510996,26.8479303],[80.9501478,26.8488973]]]},"properties":{"sources":[{"property":"","dataset":"OpenStreetMap","license":"ODbL-1.0","record_id":"w212876824@1","update_time":"2013-03-26T23:01:46.000Z","confidence":null,"between":null}],"names":{"primary":"Narahi","common":null,"rules":null},"source_tags":[["landuse","residential"]],"subtype":"residential","class":"residential","version":0}},
{"id":"51d37407-b1da-3aa4-ab94-4412bdfc4d2c","type":"Feature","geometry":{"type":"Polygon","coordinates":[[[80.9472898,26.8481402],[80.9475601,26.8478955],[80.948167,26.8483016],[80.9485386,26.84864],[80.948807,26.8490652],[80.9493575,26.8500873],[80.9483149,26.8504605],[80.9482429,26.850391],[80.9472898,26.8481402]]]},"properties":{"sources":[{"property":"","dataset":"OpenStreetMap","license":"ODbL-1.0","record_id":"w212876823@1","update_time":"2013-03-26T23:01:46.000Z","confidence":null,"between":null}],"source_tags":[["landuse","commercial"]],"subtype":"developed","class":"commercial","version":0}},
{"id":"ef2480c7-e00b-3be5-a7ac-161e42895262","type":"Feature","geometry":{"type":"Polygon","coordinates":[[[80.9521341,26.8474369],[80.9526298,26.8481386],[80.9531745,26.8484871],[80.9536861,26.8488503],[80.9541978,26.8490418],[80.9547177,26.8490909],[80.9550561,26.8489976],[80.9556695,26.8485681],[80.9553229,26.8500112],[80.9550286,26.8508653],[80.954858,26.851177],[80.9532515,26.8504456],[80.951623,26.8496013],[80.9503026,26.8489485],[80.9508253,26.8483619],[80.951623,26.8476281],[80.9521341,26.8474369]]]},"properties":{"sources":[{"property":"","dataset":"OpenStreetMap","license":"ODbL-1.0","record_id":"w212876816@1","update_time":"2013-03-26T23:01:46.000Z","confidence":null,"between":null}],"source_tags":[["landuse","residential"]],"subtype":"residential","class":"residential","version":0}},
{"id":"64e14b7c-05ed-34c0-b392-f44116543a30","type":"Feature","geometry":{"type":"Polygon","coordinates":[[[80.9500194,26.8498233],[80.9500602,26.8495178],[80.95021,26.8490614],[80.9509764,26.8494484],[80.9519134,26.8499377],[80.9513454,26.8503352],[80.951536,26.8507152],[80.950653,26.8511907],[80.9504468,26.8508957],[80.9502853,26.8505486],[80.9500194,26.8498233]]]},"properties":{"sources":[{"property":"","dataset":"OpenStreetMap","license":"ODbL-1.0","record_id":"w212876809@1","update_time":"2013-03-26T23:01:45.000Z","confidence":null,"between":null}],"source_tags":[["landuse","commercial"]],"subtype":"developed","class":"commercial","version":0}},
{"id":"ea5e3bf8-9d80-3eb8-969c-3fb95a5984b3","type":"Feature","geometry":{"type":"Polygon","coordinates":[[[80.9519134,26.8499377],[80.9546821,26.8512922],[80.9547206,26.8514051],[80.9546518,26.8515941],[80.9545253,26.8518174],[80.9542832,26.8518837],[80.9523164,26.8523132],[80.9521183,26.8522322],[80.9516507,26.8518935],[80.951029,26.8514518],[80.950653,26.8511907],[80.951536,26.8507152],[80.9513454,26.8503352],[80.9519134,26.8499377]]]},"properties":{"sources":[{"property":"","dataset":"OpenStreetMap","license":"ODbL-1.0","record_id":"w212876813@1","update_time":"2013-03-26T23:01:46.000Z","confidence":null,"between":null}],"source_tags":[["landuse","residential"]],"subtype":"residential","class":"residential","version":0}},
{"id":"439a2604-093b-3cca-a13c-07efb0f93372","type":"Feature","geometry":{"type":"Polygon","coordinates":[[[80.9461805,26.8469634],[80.9468682,26.8477684],[80.947135,26.8485071],[80.9472148,26.8488482],[80.9482545,26.8513023],[80.9489256,26.8526176],[80.944874,26.8539722],[80.9437517,26.8514765],[80.9435537,26.851101],[80.9433254,26.850117],[80.9433034,26.8499501],[80.942701,26.8493259],[80.9452866,26.84755],[80.9461805,26.8469634]]]},"properties":{"sources":[{"property":"","dataset":"OpenStreetMap","license":"ODbL-1.0","record_id":"w213237643@1","update_time":"2026-03-28T11:49:14.000Z","confidence":null,"between":null}],"source_tags":[["landuse","commercial"]],"subtype":"developed","class":"commercial","version":1}},
{"id":"0a562e48-978c-3d88-8864-1f440a973c88","type":"Feature","geometry":{"type":"Polygon","coordinates":[[[80.9428677,26.8506675],[80.9430871,26.8505268],[80.9431727,26.8506334],[80.9429506,26.8507675],[80.9428677,26.8506675]]]},"properties":{"sources":[{"property":"","dataset":"OpenStreetMap","license":"ODbL-1.0","record_id":"w1494979325@1","update_time":"2026-04-01T09:34:19.000Z","confidence":null,"between":null}],"source_tags":[["leisure","pitch"],["sport","basketball"]],"subtype":"recreation","class":"pitch","surface":"recreation_paved","version":1}},
{"id":"37fa6ad7-173a-30c6-a757-f0d58c583cf8","type":"Feature","geometry":{"type":"Polygon","coordinates":[[[80.9440251,26.849737],[80.9440484,26.8497261],[80.9440775,26.8497114],[80.9442443,26.8503338],[80.9449827,26.8501409],[80.9452258,26.8509172],[80.9447414,26.8510319],[80.9447751,26.851161],[80.9448627,26.8514969],[80.9445031,26.8516088],[80.9444094,26.8512332],[80.9440251,26.849737]]]},"properties":{"sources":[{"property":"","dataset":"OpenStreetMap","license":"ODbL-1.0","record_id":"w1419666789@1","update_time":"2025-08-03T16:07:16.000Z","confidence":null,"between":null}],"names":{"primary":"Le Press","common":null,"rules":null},"source_tags":[["landuse","commercial"]],"subtype":"developed","class":"commercial","version":0}},
{"id":"2354c082-1cd7-3737-83cd-9a4a1a4f4ff7","type":"Feature","geometry":{"type":"Polygon","coordinates":[[[80.93986,26.8480158],[80.9399343,26.8480735],[80.9400883,26.8480882],[80.9401777,26.8480747],[80.9411762,26.8492343],[80.9416906,26.8498478],[80.9415104,26.8499889],[80.9401671,26.8509414],[80.9400251,26.8509102],[80.9386967,26.8493033],[80.9390818,26.8488712],[80.93986,26.8480158]]]},"properties":{"sources":[{"property":"","dataset":"OpenStreetMap","license":"ODbL-1.0","record_id":"w213237634@1","update_time":"2013-03-27T23:47:00.000Z","confidence":null,"between":null}],"source_tags":[["landuse","commercial"]],"subtype":"developed","class":"commercial","version":0}},
{"id":"10eec7e3-050a-3b0e-b75b-78812cbda3ca","type":"Feature","geometry":{"type":"Polygon","coordinates":[[[80.9361119,26.8499374],[80.9362325,26.8495035],[80.9366216,26.8485766],[80.9385009,26.8493924],[80.9378078,26.8503467],[80.9372728,26.8498693],[80.936693,26.850305],[80.9361119,26.8499374]]]},"properties":{"sources":[{"property":"","dataset":"OpenStreetMap","license":"ODbL-1.0","record_id":"w212818829@1","update_time":"2013-03-26T21:22:26.000Z","confidence":null,"between":null}],"source_tags":[["landuse","residential"]],"subtype":"residential","class":"residential","version":0}},
{"id":"81234516-53f3-30b3-bcc4-b1cd0f222748","type":"Feature","geometry":{"type":"Polygon","coordinates":[[[80.9419875,26.8499423],[80.9427851,26.8508709],[80.9430925,26.8512476],[80.9421305,26.8518358],[80.942181,26.8518907],[80.9423028,26.8520513],[80.9423968,26.8521753],[80.9416947,26.8525935],[80.9413256,26.8527745],[80.9407808,26.853128],[80.940558,26.8533514],[80.939551,26.8533072],[80.9390915,26.8529881],[80.9394173,26.8526242],[80.9394737,26.85239],[80.9394523,26.8521679],[80.9393298,26.8518121],[80.9411133,26.8506009],[80.9419875,26.8499423]]]},"properties":{"sources":[{"property":"","dataset":"OpenStreetMap","license":"ODbL-1.0","record_id":"w213237653@2","update_time":"2016-05-06T09:44:11.000Z","confidence":null,"between":null}],"source_tags":[["landuse","commercial"]],"subtype":"developed","class":"commercial","version":0}},
{"id":"d6a776a7-c56d-347e-8c8f-a20d0f8be090","type":"Feature","geometry":{"type":"Polygon","coordinates":[[[80.9367871,26.8528514],[80.9365674,26.852553],[80.9364974,26.8522823],[80.9355752,26.8513415],[80.9366413,26.8504702],[80.9373767,26.850747899999998],[80.9376179,26.850734],[80.9386374,26.8495051],[80.9399836,26.8510222],[80.9383251,26.8520267],[80.9373567,26.852525],[80.9367871,26.8528514]]]},"properties":{"sources":[{"property":"","dataset":"OpenStreetMap","license":"ODbL-1.0","record_id":"w212818785@1","update_time":"2013-03-26T21:22:24.000Z","confidence":null,"between":null}],"source_tags":[["landuse","commercial"]],"subtype":"developed","class":"commercial","version":0}},
{"id":"83fe498b-ed28-3d19-9c9b-62679f0f57f8","type":"Feature","geometry":{"type":"Polygon","coordinates":[[[80.9359205,26.8535711],[80.9356404,26.8532691],[80.9349229,26.85256],[80.9345432,26.8528177],[80.9344434,26.8530652],[80.9342343,26.8532689],[80.9338711,26.8528983],[80.9338932,26.8528025],[80.9320058,26.850883],[80.9317416,26.8509984],[80.931395,26.8501564],[80.9315711,26.8501343],[80.9316921,26.8500509],[80.9318324,26.8501024],[80.9323002,26.8500067],[80.9328367,26.849803],[80.9339729,26.8491476],[80.9347351,26.8502252],[80.9351725,26.8510082],[80.9354504,26.8514279],[80.9361877,26.8522331],[80.9367215,26.8529449],[80.9359205,26.8535711]]]},"properties":{"sources":[{"property":"","dataset":"OpenStreetMap","license":"ODbL-1.0","record_id":"w212818790@1","update_time":"2013-03-26T21:22:24.000Z","confidence":null,"between":null}],"source_tags":[["landuse","commercial"]],"subtype":"developed","class":"commercial","version":0}},
{"id":"6a098fdb-32ee-3a00-8f83-929637238e0a","type":"Feature","geometry":{"type":"Polygon","coordinates":[[[80.9355659,26.8497312],[80.9364887,26.8504092],[80.9354817,26.8512315],[80.9353414,26.8509885],[80.9348344,26.8501078],[80.9355659,26.8497312]]]},"properties":{"sources":[{"property":"","dataset":"OpenStreetMap","license":"ODbL-1.0","record_id":"w212818822@1","update_time":"2013-03-26T21:22:25.000Z","confidence":null,"between":null}],"source_tags":[["landuse","commercial"]],"subtype":"developed","class":"commercial","version":0}},
{"id":"faa588f9-b711-3162-9935-e782f018f0f7","type":"Feature","geometry":{"type":"Polygon","coordinates":[[[80.9340329,26.8490351],[80.9345095,26.8486984],[80.9350056,26.8492122],[80.9355659,26.8497312],[80.9348344,26.8501078],[80.9340329,26.8490351]]]},"properties":{"sources":[{"property":"","dataset":"OpenStreetMap","license":"ODbL-1.0","record_id":"w212819246@1","update_time":"2013-03-26T21:22:40.000Z","confidence":null,"between":null}],"source_tags":[["amenity","college"]],"subtype":"education","class":"college","version":0}},
{"id":"0f8384c8-97a4-3f41-a495-53d2adf9cc0e","type":"Feature","geometry":{"type":"Polygon","coordinates":[[[80.9352422,26.8479785],[80.9364971,26.8485218],[80.9358979,26.8498115],[80.9355438,26.8495789],[80.9352053,26.8492751],[80.9346294,26.8486572],[80.9352422,26.8479785]]]},"properties":{"sources":[{"property":"","dataset":"OpenStreetMap","license":"ODbL-1.0","record_id":"w212818826@1","update_time":"2013-03-26T21:22:25.000Z","confidence":null,"between":null}],"source_tags":[["landuse","commercial"]],"subtype":"developed","class":"commercial","version":0}},
{"id":"4b2de393-1337-360d-a5a0-8d80064f6da3","type":"Feature","geometry":{"type":"Polygon","coordinates":[[[80.9346459,26.8462314],[80.934854,26.8464569],[80.9354491,26.8476073],[80.9345175,26.8484402],[80.9336152,26.8475084],[80.9346459,26.8462314]]]},"properties":{"sources":[{"property":"","dataset":"OpenStreetMap","license":"ODbL-1.0","record_id":"w213843198@1","update_time":"2013-03-29T13:46:48.000Z","confidence":null,"between":null}],"source_tags":[["landuse","residential"]],"subtype":"residential","class":"residential","version":0}},
{"id":"5f9e89df-d4d3-32f2-89ef-769f104e32e7","type":"Feature","geometry":{"type":"Polygon","coordinates":[[[80.9349699,26.8464677],[80.9354393,26.8461536],[80.9355359,26.8460953],[80.9355334,26.8461101],[80.9358765,26.8459961],[80.9361119,26.8462917],[80.9366091,26.8466566],[80.9363348,26.8468421],[80.9355258,26.8474598],[80.9350455,26.8465436],[80.9349699,26.8464677]]]},"properties":{"sources":[{"property":"","dataset":"OpenStreetMap","license":"ODbL-1.0","record_id":"w213843278@4","update_time":"2025-12-25T12:20:36.000Z","confidence":null,"between":null}],"names":{"primary":"Lalbagh Isabella Thoburn School","common":null,"rules":null},"source_tags":[["addr:city","Lucknow"],["addr:district","Lucknow"],["addr:postcode","226001"],["amenity","college"],["contact:mobile","+91 91259 86667;+91 70686 91332"],["contact:phone","+91 522 364 5214"],["education","college"]],"subtype":"education","class":"college","version":0}},
{"id":"d31034f8-3b44-3a61-841a-153a447462d5","type":"Feature","geometry":{"type":"Polygon","coordinates":[[[80.9279833,26.8432101],[80.9289883,26.8426275],[80.9311502,26.8412875],[80.9324897,26.8405071],[80.9334662,26.8400653],[80.9344261,26.8396039],[80.9371217,26.840701],[80.9364313,26.8422913],[80.9355869,26.8442693],[80.9349405,26.8455087],[80.9345499,26.8461516],[80.933601,26.8473247],[80.9324787,26.8485566],[80.9315848,26.8496217],[80.931483,26.8496143],[80.9313758,26.8493247],[80.9312272,26.8490106],[80.9300335,26.8473541],[80.9295962,26.8467848],[80.9292578,26.8464437],[80.9282236,26.8455504],[80.9280091,26.8452633],[80.9279321,26.8450497],[80.9279376,26.8447405],[80.928058,26.8438566],[80.9279833,26.8432101]]]},"properties":{"sources":[{"property":"","dataset":"OpenStreetMap","license":"ODbL-1.0","record_id":"w213850543@1","update_time":"2013-03-29T14:27:15.000Z","confidence":null,"between":null}],"source_tags":[["landuse","residential"]],"subtype":"residential","class":"residential","version":0}},
{"id":"7f70f842-dcef-37dc-a2e5-f08a650e2c51","type":"Feature","geometry":{"type":"Polygon","coordinates":[[[80.9350626,26.8537273],[80.9356404,26.8532691],[80.9359205,26.8535711],[80.9357263,26.853746],[80.9356439,26.853759],[80.9356199,26.8538231],[80.9354147,26.8539721],[80.9353096,26.8539721],[80.9350626,26.8537273]]]},"properties":{"sources":[{"property":"","dataset":"OpenStreetMap","license":"ODbL-1.0","record_id":"w212819237@2","update_time":"2025-08-03T01:49:15.000Z","confidence":null,"between":null}],"names":{"primary":"Awadh Kunj Park","common":[["hi","अवध कुंज पार्क"]],"rules":null},"source_tags":[["leisure","park"]],"subtype":"park","class":"park","version":0}},
{"id":"0155204e-393f-36ea-bbb6-fbd018bb9b46","type":"Feature","geometry":{"type":"Polygon","coordinates":[[[80.9371667,26.8528537],[80.9374634,26.8530471],[80.9371812,26.8533938],[80.9371269,26.8533594],[80.9366699,26.8539042],[80.9366392,26.8538828],[80.9366056,26.8539172],[80.9365596,26.85397],[80.9365777,26.8539815],[80.9365556,26.8540075],[80.9365795,26.854023],[80.9364992,26.8541174],[80.9365192,26.8541327],[80.9363173,26.8544195],[80.9362861,26.854434],[80.9362505,26.8544295],[80.9361954,26.8543855],[80.93613,26.8542185],[80.9358814,26.8539912],[80.9357321,26.8539398],[80.9358336,26.8538549],[80.9367528,26.8530862],[80.9371667,26.8528537]]]},"properties":{"sources":[{"property":"","dataset":"OpenStreetMap","license":"ODbL-1.0","record_id":"w210670162@3","update_time":"2025-08-03T01:49:15.000Z","confidence":null,"between":null}],"names":{"primary":"Lakshman Park","common":null,"rules":null},"source_tags":[["leisure","park"]],"subtype":"park","class":"park","version":0}},
{"id":"a0b80561-5ec6-3ef4-8760-8312d803c01a","type":"Feature","geometry":{"type":"Polygon","coordinates":[[[80.9332086,26.8543435],[80.934228,26.8535156],[80.9343136,26.853526],[80.9345684,26.8535277],[80.9347513,26.8536475],[80.9351774,26.8540623],[80.9351793,26.8541734],[80.9339751,26.8551176],[80.9332086,26.8543435]]]},"properties":{"sources":[{"property":"","dataset":"OpenStreetMap","license":"ODbL-1.0","record_id":"w212819265@1","update_time":"2013-03-26T21:22:40.000Z","confidence":null,"between":null}],"source_tags":[["leisure","park"]],"subtype":"park","class":"park","version":0}},
{"id":"eda7c9a2-99f3-3ebf-aaa4-4929c07acb86","type":"Feature","geometry":{"type":"Polygon","coordinates":[[[80.9369861,26.8545149],[80.9368429,26.8542675],[80.9371852,26.8541098],[80.9373284,26.8543572],[80.9369861,26.8545149]]]},"properties":{"sources":[{"property":"","dataset":"OpenStreetMap","license":"ODbL-1.0","record_id":"w212819225@1","update_time":"2013-03-26T21:22:39.000Z","confidence":null,"between":null}],"source_tags":[["leisure","pitch"],["sport","volleyball"]],"subtype":"recreation","class":"pitch","version":0}},
{"id":"90cabffb-64b5-32ef-8478-57874d622621","type":"Feature","geometry":{"type":"Polygon","coordinates":[[[80.9357854,26.855008],[80.9358473,26.8549775],[80.9359129,26.8549707],[80.9359707,26.8549835],[80.9360159,26.8550078],[80.9360536,26.8550551],[80.9360705,26.8551119],[80.9360719,26.8551804],[80.9360582,26.8552482],[80.9360393,26.8553093],[80.936006,26.8553666],[80.9359644,26.8554019],[80.9359077,26.8554363],[80.9358547,26.8554438],[80.9357927,26.855433],[80.9357334,26.8553907],[80.9357047,26.8553362],[80.9356866,26.8552825],[80.935682,26.8552251],[80.9356904,26.8551704],[80.9357041,26.8551114],[80.9357398,26.8550586],[80.9357854,26.855008]]]},"properties":{"sources":[{"property":"","dataset":"OpenStreetMap","license":"ODbL-1.0","record_id":"w706303695@3","update_time":"2025-11-20T11:25:03.000Z","confidence":null,"between":null}],"names":{"primary":"Subhash Chowk Park","common":null,"rules":null},"source_tags":[["leisure","park"]],"subtype":"park","class":"park","version":0}},
{"id":"b84348fe-727c-3f42-afe6-cf850e1b2646","type":"Feature","geometry":{"type":"Polygon","coordinates":[[[80.9341761,26.8570023],[80.9331676,26.8560547],[80.9351739,26.8544945],[80.9355799,26.8549109],[80.9353332,26.8556575],[80.9341761,26.8570023]]]},"properties":{"sources":[{"property":"","dataset":"OpenStreetMap","license":"ODbL-1.0","record_id":"w154080053@1","update_time":"2012-03-09T03:46:08.000Z","confidence":null,"between":null}],"source_tags":[["designation","Begum Hazrat Mahal Park"],["leisure","park"]],"subtype":"park","class":"park","version":0}}]}